Year,Quarter,Symbol,Company Name,Earnings Release Date
2020,Q1,A,,18-02-20
2020,Q2,A,,21-05-20
2020,Q3,A,,18-08-20
2020,Q4,A,,23-11-20
2021,Q1,A,,16-02-21
2021,Q2,A,,25-05-21
2021,Q3,A,,17-08-21
2021,Q4,A,,22-11-21
2022,Q1,A,,22-02-22
2022,Q2,A,,24-05-22
2022,Q3,A,,16-08-22
2022,Q4,A,,21-11-22
2023,Q1,A,,28-02-23
2023,Q2,A,,23-05-23
2023,Q3,A,,15-08-23
2023,Q4,A,,20-11-23
2024,Q1,A,,27-02-24
2024,Q2,A,,29-05-24
2024,Q3,A,,21-08-24
2024,Q4,A,,25-11-24
2025,Q1,A,,26-02-25
2025,Q2,A,,28-05-25
2025,Q3,A,,27-08-25
2025,Q4,A,,24-11-25
2020,Q1,AAPL,Apple Inc.,28-01-20
2020,Q2,AAPL,Apple Inc.,30-04-20
2020,Q3,AAPL,Apple Inc.,30-07-20
2020,Q4,AAPL,Apple Inc.,29-10-20
2021,Q1,AAPL,Apple Inc.,27-01-21
2021,Q2,AAPL,Apple Inc.,28-04-21
2021,Q3,AAPL,Apple Inc.,27-07-21
2021,Q4,AAPL,Apple Inc.,28-10-21
2022,Q1,AAPL,Apple Inc.,27-01-22
2022,Q2,AAPL,Apple Inc.,28-04-22
2022,Q3,AAPL,Apple Inc.,28-07-22
2022,Q4,AAPL,Apple Inc.,27-10-22
2023,Q1,AAPL,Apple Inc.,02-02-23
2023,Q2,AAPL,Apple Inc.,04-05-23
2023,Q3,AAPL,Apple Inc.,03-08-23
2023,Q4,AAPL,Apple Inc.,02-11-23
2024,Q1,AAPL,Apple Inc.,01-02-24
2024,Q2,AAPL,Apple Inc.,02-05-24
2024,Q3,AAPL,Apple Inc.,01-08-24
2024,Q4,AAPL,Apple Inc.,31-10-24
2025,Q1,AAPL,Apple Inc.,30-01-25
2025,Q2,AAPL,Apple Inc.,01-05-25
2025,Q3,AAPL,Apple Inc.,31-07-25
2025,Q4,AAPL,Apple Inc.,30-10-25
2020,Q1,ABBV,AbbVie Inc.,07-02-20
2020,Q2,ABBV,AbbVie Inc.,01-05-20
2020,Q3,ABBV,AbbVie Inc.,31-07-20
2020,Q4,ABBV,AbbVie Inc.,30-10-20
2021,Q1,ABBV,AbbVie Inc.,03-02-21
2021,Q2,ABBV,AbbVie Inc.,30-04-21
2021,Q3,ABBV,AbbVie Inc.,30-07-21
2021,Q4,ABBV,AbbVie Inc.,29-10-21
2022,Q1,ABBV,AbbVie Inc.,02-02-22
2022,Q2,ABBV,AbbVie Inc.,29-04-22
2022,Q3,ABBV,AbbVie Inc.,29-07-22
2022,Q4,ABBV,AbbVie Inc.,28-10-22
2023,Q1,ABBV,AbbVie Inc.,09-02-23
2023,Q2,ABBV,AbbVie Inc.,27-04-23
2023,Q3,ABBV,AbbVie Inc.,27-07-23
2023,Q4,ABBV,AbbVie Inc.,27-10-23
2024,Q1,ABBV,AbbVie Inc.,02-02-24
2024,Q2,ABBV,AbbVie Inc.,26-04-24
2024,Q3,ABBV,AbbVie Inc.,25-07-24
2024,Q4,ABBV,AbbVie Inc.,30-10-24
2025,Q1,ABBV,AbbVie Inc.,31-01-25
2025,Q2,ABBV,AbbVie Inc.,25-04-25
2025,Q3,ABBV,AbbVie Inc.,31-07-25
2025,Q4,ABBV,AbbVie Inc.,05-11-25
2020,Q1,ABT,Abbott Laboratories,22-01-20
2020,Q2,ABT,Abbott Laboratories,16-04-20
2020,Q3,ABT,Abbott Laboratories,16-07-20
2020,Q4,ABT,Abbott Laboratories,21-10-20
2021,Q1,ABT,Abbott Laboratories,27-01-21
2021,Q2,ABT,Abbott Laboratories,20-04-21
2021,Q3,ABT,Abbott Laboratories,22-07-21
2021,Q4,ABT,Abbott Laboratories,20-10-21
2022,Q1,ABT,Abbott Laboratories,26-01-22
2022,Q2,ABT,Abbott Laboratories,20-04-22
2022,Q3,ABT,Abbott Laboratories,20-07-22
2022,Q4,ABT,Abbott Laboratories,19-10-22
2023,Q1,ABT,Abbott Laboratories,25-01-23
2023,Q2,ABT,Abbott Laboratories,19-04-23
2023,Q3,ABT,Abbott Laboratories,20-07-23
2023,Q4,ABT,Abbott Laboratories,18-10-23
2024,Q1,ABT,Abbott Laboratories,24-01-24
2024,Q2,ABT,Abbott Laboratories,17-04-24
2024,Q3,ABT,Abbott Laboratories,18-07-24
2024,Q4,ABT,Abbott Laboratories,16-10-24
2025,Q1,ABT,Abbott Laboratories,22-01-25
2025,Q2,ABT,Abbott Laboratories,16-04-25
2025,Q3,ABT,Abbott Laboratories,17-07-25
2025,Q4,ABT,Abbott Laboratories,15-10-25
2020,Q1,ACGL,Arch Capital Group Ltd.,11-02-20
2020,Q2,ACGL,Arch Capital Group Ltd.,04-05-20
2020,Q3,ACGL,Arch Capital Group Ltd.,29-07-20
2020,Q4,ACGL,Arch Capital Group Ltd.,29-10-20
2021,Q1,ACGL,Arch Capital Group Ltd.,09-02-21
2021,Q2,ACGL,Arch Capital Group Ltd.,27-04-21
2021,Q3,ACGL,Arch Capital Group Ltd.,28-07-21
2021,Q4,ACGL,Arch Capital Group Ltd.,27-10-21
2022,Q1,ACGL,Arch Capital Group Ltd.,09-02-22
2022,Q2,ACGL,Arch Capital Group Ltd.,27-04-22
2022,Q3,ACGL,Arch Capital Group Ltd.,27-07-22
2022,Q4,ACGL,Arch Capital Group Ltd.,26-10-22
2023,Q1,ACGL,Arch Capital Group Ltd.,13-02-23
2023,Q2,ACGL,Arch Capital Group Ltd.,26-04-23
2023,Q3,ACGL,Arch Capital Group Ltd.,26-07-23
2023,Q4,ACGL,Arch Capital Group Ltd.,30-10-23
2024,Q1,ACGL,Arch Capital Group Ltd.,14-02-24
2024,Q2,ACGL,Arch Capital Group Ltd.,29-04-24
2024,Q3,ACGL,Arch Capital Group Ltd.,30-07-24
2024,Q4,ACGL,Arch Capital Group Ltd.,30-10-24
2025,Q1,ACGL,Arch Capital Group Ltd.,10-02-25
2025,Q2,ACGL,Arch Capital Group Ltd.,29-04-25
2025,Q3,ACGL,Arch Capital Group Ltd.,29-07-25
2025,Q4,ACGL,Arch Capital Group Ltd.,27-10-25
2020,Q1,ACN,Accenture plc,19-03-20
2020,Q2,ACN,Accenture plc,25-06-20
2020,Q3,ACN,Accenture plc,24-09-20
2020,Q4,ACN,Accenture plc,17-12-20
2021,Q1,ACN,Accenture plc,18-03-21
2021,Q2,ACN,Accenture plc,24-06-21
2021,Q3,ACN,Accenture plc,23-09-21
2021,Q4,ACN,Accenture plc,16-12-21
2022,Q1,ACN,Accenture plc,17-03-22
2022,Q2,ACN,Accenture plc,23-06-22
2022,Q3,ACN,Accenture plc,22-09-22
2022,Q4,ACN,Accenture plc,16-12-22
2023,Q1,ACN,Accenture plc,23-03-23
2023,Q2,ACN,Accenture plc,22-06-23
2023,Q3,ACN,Accenture plc,28-09-23
2023,Q4,ACN,Accenture plc,19-12-23
2024,Q1,ACN,Accenture plc,21-03-24
2024,Q2,ACN,Accenture plc,20-06-24
2024,Q3,ACN,Accenture plc,26-09-24
2024,Q4,ACN,Accenture plc,19-12-24
2025,Q1,ACN,Accenture plc,20-03-25
2025,Q2,ACN,Accenture plc,20-06-25
2025,Q3,ACN,Accenture plc,25-09-25
2025,Q4,ACN,Accenture plc,Missing
2020,Q1,ADBE,Adobe Inc.,12-03-20
2020,Q2,ADBE,Adobe Inc.,11-06-20
2020,Q3,ADBE,Adobe Inc.,15-09-20
2020,Q4,ADBE,Adobe Inc.,10-12-20
2021,Q1,ADBE,Adobe Inc.,23-03-21
2021,Q2,ADBE,Adobe Inc.,17-06-21
2021,Q3,ADBE,Adobe Inc.,21-09-21
2021,Q4,ADBE,Adobe Inc.,16-12-21
2022,Q1,ADBE,Adobe Inc.,22-03-22
2022,Q2,ADBE,Adobe Inc.,16-06-22
2022,Q3,ADBE,Adobe Inc.,15-09-22
2022,Q4,ADBE,Adobe Inc.,15-12-22
2023,Q1,ADBE,Adobe Inc.,15-03-23
2023,Q2,ADBE,Adobe Inc.,15-06-23
2023,Q3,ADBE,Adobe Inc.,14-09-23
2023,Q4,ADBE,Adobe Inc.,13-12-23
2024,Q1,ADBE,Adobe Inc.,14-03-24
2024,Q2,ADBE,Adobe Inc.,13-06-24
2024,Q3,ADBE,Adobe Inc.,12-09-24
2024,Q4,ADBE,Adobe Inc.,11-12-24
2025,Q1,ADBE,Adobe Inc.,12-03-25
2025,Q2,ADBE,Adobe Inc.,12-06-25
2025,Q3,ADBE,Adobe Inc.,11-09-25
2025,Q4,ADBE,Adobe Inc.,10-12-25
2020,Q1,ADI,,19-02-20
2020,Q2,ADI,,20-05-20
2020,Q3,ADI,,19-08-20
2020,Q4,ADI,,24-11-20
2021,Q1,ADI,,17-02-21
2021,Q2,ADI,,19-05-21
2021,Q3,ADI,,18-08-21
2021,Q4,ADI,,23-11-21
2022,Q1,ADI,,16-02-22
2022,Q2,ADI,,18-05-22
2022,Q3,ADI,,17-08-22
2022,Q4,ADI,,22-11-22
2023,Q1,ADI,,15-02-23
2023,Q2,ADI,,24-05-23
2023,Q3,ADI,,23-08-23
2023,Q4,ADI,,21-11-23
2024,Q1,ADI,,21-02-24
2024,Q2,ADI,,22-05-24
2024,Q3,ADI,,21-08-24
2024,Q4,ADI,,26-11-24
2025,Q1,ADI,,19-02-25
2025,Q2,ADI,,22-05-25
2025,Q3,ADI,,20-08-25
2025,Q4,ADI,,25-11-25
2020,Q1,ADM,Archer-Daniels-Midland Company,29-01-20
2020,Q2,ADM,Archer-Daniels-Midland Company,29-04-20
2020,Q3,ADM,Archer-Daniels-Midland Company,29-07-20
2020,Q4,ADM,Archer-Daniels-Midland Company,29-10-20
2021,Q1,ADM,Archer-Daniels-Midland Company,26-01-21
2021,Q2,ADM,Archer-Daniels-Midland Company,27-04-21
2021,Q3,ADM,Archer-Daniels-Midland Company,27-07-21
2021,Q4,ADM,Archer-Daniels-Midland Company,26-10-21
2022,Q1,ADM,Archer-Daniels-Midland Company,25-01-22
2022,Q2,ADM,Archer-Daniels-Midland Company,26-04-22
2022,Q3,ADM,Archer-Daniels-Midland Company,26-07-22
2022,Q4,ADM,Archer-Daniels-Midland Company,25-10-22
2023,Q1,ADM,Archer-Daniels-Midland Company,26-01-23
2023,Q2,ADM,Archer-Daniels-Midland Company,25-04-23
2023,Q3,ADM,Archer-Daniels-Midland Company,25-07-23
2023,Q4,ADM,Archer-Daniels-Midland Company,24-10-23
2024,Q1,ADM,Archer-Daniels-Midland Company,12-03-24
2024,Q2,ADM,Archer-Daniels-Midland Company,30-04-24
2024,Q3,ADM,Archer-Daniels-Midland Company,30-07-24
2024,Q4,ADM,Archer-Daniels-Midland Company,18-11-24
2025,Q1,ADM,Archer-Daniels-Midland Company,04-02-25
2025,Q2,ADM,Archer-Daniels-Midland Company,06-05-25
2025,Q3,ADM,Archer-Daniels-Midland Company,05-08-25
2025,Q4,ADM,Archer-Daniels-Midland Company,29-10-25
2020,Q1,ADP,,29-01-20
2020,Q2,ADP,,29-04-20
2020,Q3,ADP,,29-07-20
2020,Q4,ADP,,28-10-20
2021,Q1,ADP,,27-01-21
2021,Q2,ADP,,28-04-21
2021,Q3,ADP,,28-07-21
2021,Q4,ADP,,27-10-21
2022,Q1,ADP,,26-01-22
2022,Q2,ADP,,27-04-22
2022,Q3,ADP,,27-07-22
2022,Q4,ADP,,26-10-22
2023,Q1,ADP,,25-01-23
2023,Q2,ADP,,26-04-23
2023,Q3,ADP,,26-07-23
2023,Q4,ADP,,25-10-23
2024,Q1,ADP,,31-01-24
2024,Q2,ADP,,01-05-24
2024,Q3,ADP,,31-07-24
2024,Q4,ADP,,30-10-24
2025,Q1,ADP,,29-01-25
2025,Q2,ADP,,30-04-25
2025,Q3,ADP,,30-07-25
2025,Q4,ADP,,29-10-25
2020,Q1,ADSK,"Autodesk, Inc.",27-02-20
2020,Q2,ADSK,"Autodesk, Inc.",27-05-20
2020,Q3,ADSK,"Autodesk, Inc.",25-08-20
2020,Q4,ADSK,"Autodesk, Inc.",24-11-20
2021,Q1,ADSK,"Autodesk, Inc.",25-02-21
2021,Q2,ADSK,"Autodesk, Inc.",27-05-21
2021,Q3,ADSK,"Autodesk, Inc.",25-08-21
2021,Q4,ADSK,"Autodesk, Inc.",23-11-21
2022,Q1,ADSK,"Autodesk, Inc.",24-02-22
2022,Q2,ADSK,"Autodesk, Inc.",26-05-22
2022,Q3,ADSK,"Autodesk, Inc.",24-08-22
2022,Q4,ADSK,"Autodesk, Inc.",22-11-22
2023,Q1,ADSK,"Autodesk, Inc.",23-02-23
2023,Q2,ADSK,"Autodesk, Inc.",25-05-23
2023,Q3,ADSK,"Autodesk, Inc.",23-08-23
2023,Q4,ADSK,"Autodesk, Inc.",21-11-23
2024,Q1,ADSK,"Autodesk, Inc.",29-02-24
2024,Q2,ADSK,"Autodesk, Inc.",10-06-24
2024,Q3,ADSK,"Autodesk, Inc.",29-08-24
2024,Q4,ADSK,"Autodesk, Inc.",26-11-24
2025,Q1,ADSK,"Autodesk, Inc.",27-02-25
2025,Q2,ADSK,"Autodesk, Inc.",22-05-25
2025,Q3,ADSK,"Autodesk, Inc.",28-08-25
2025,Q4,ADSK,"Autodesk, Inc.",25-11-25
2020,Q1,AEE,,26-02-20
2020,Q2,AEE,,11-05-20
2020,Q3,AEE,,06-08-20
2020,Q4,AEE,,04-11-20
2021,Q1,AEE,,18-02-21
2021,Q2,AEE,,10-05-21
2021,Q3,AEE,,05-08-21
2021,Q4,AEE,,03-11-21
2022,Q1,AEE,,17-02-22
2022,Q2,AEE,,05-05-22
2022,Q3,AEE,,04-08-22
2022,Q4,AEE,,03-11-22
2023,Q1,AEE,,15-02-23
2023,Q2,AEE,,04-05-23
2023,Q3,AEE,,02-08-23
2023,Q4,AEE,,08-11-23
2024,Q1,AEE,,22-02-24
2024,Q2,AEE,,02-05-24
2024,Q3,AEE,,01-08-24
2024,Q4,AEE,,06-11-24
2025,Q1,AEE,,13-02-25
2025,Q2,AEE,,01-05-25
2025,Q3,AEE,,31-07-25
2025,Q4,AEE,,05-11-25
2020,Q1,AEP,,20-02-20
2020,Q2,AEP,,06-05-20
2020,Q3,AEP,,06-08-20
2020,Q4,AEP,,22-10-20
2021,Q1,AEP,,25-02-21
2021,Q2,AEP,,22-04-21
2021,Q3,AEP,,22-07-21
2021,Q4,AEP,,28-10-21
2022,Q1,AEP,,24-02-22
2022,Q2,AEP,,28-04-22
2022,Q3,AEP,,27-07-22
2022,Q4,AEP,,27-10-22
2023,Q1,AEP,,23-02-23
2023,Q2,AEP,,04-05-23
2023,Q3,AEP,,27-07-23
2023,Q4,AEP,,02-11-23
2024,Q1,AEP,,26-02-24
2024,Q2,AEP,,30-04-24
2024,Q3,AEP,,30-07-24
2024,Q4,AEP,,06-11-24
2025,Q1,AEP,,13-02-25
2025,Q2,AEP,,06-05-25
2025,Q3,AEP,,30-07-25
2025,Q4,AEP,,13-11-25
2020,Q1,AES,The AES Corporation,28-02-20
2020,Q2,AES,The AES Corporation,07-05-20
2020,Q3,AES,The AES Corporation,06-08-20
2020,Q4,AES,The AES Corporation,06-11-20
2021,Q1,AES,The AES Corporation,25-02-21
2021,Q2,AES,The AES Corporation,06-05-21
2021,Q3,AES,The AES Corporation,04-08-21
2021,Q4,AES,The AES Corporation,03-11-21
2022,Q1,AES,The AES Corporation,24-02-22
2022,Q2,AES,The AES Corporation,05-05-22
2022,Q3,AES,The AES Corporation,04-08-22
2022,Q4,AES,The AES Corporation,04-11-22
2023,Q1,AES,The AES Corporation,27-02-23
2023,Q2,AES,The AES Corporation,04-05-23
2023,Q3,AES,The AES Corporation,03-08-23
2023,Q4,AES,The AES Corporation,02-11-23
2024,Q1,AES,The AES Corporation,26-02-24
2024,Q2,AES,The AES Corporation,02-05-24
2024,Q3,AES,The AES Corporation,01-08-24
2024,Q4,AES,The AES Corporation,31-10-24
2025,Q1,AES,The AES Corporation,28-02-25
2025,Q2,AES,The AES Corporation,01-05-25
2025,Q3,AES,The AES Corporation,31-07-25
2025,Q4,AES,The AES Corporation,06-11-25
2020,Q1,AIG,American International Group,13-02-20
2020,Q2,AIG,American International Group,04-05-20
2020,Q3,AIG,American International Group,03-08-20
2020,Q4,AIG,American International Group,05-11-20
2021,Q1,AIG,American International Group,16-02-21
2021,Q2,AIG,American International Group,06-05-21
2021,Q3,AIG,American International Group,05-08-21
2021,Q4,AIG,American International Group,04-11-21
2022,Q1,AIG,American International Group,16-02-22
2022,Q2,AIG,American International Group,03-05-22
2022,Q3,AIG,American International Group,08-08-22
2022,Q4,AIG,American International Group,01-11-22
2023,Q1,AIG,American International Group,15-02-23
2023,Q2,AIG,American International Group,04-05-23
2023,Q3,AIG,American International Group,01-08-23
2023,Q4,AIG,American International Group,01-11-23
2024,Q1,AIG,American International Group,13-02-24
2024,Q2,AIG,American International Group,01-05-24
2024,Q3,AIG,American International Group,31-07-24
2024,Q4,AIG,American International Group,04-11-24
2025,Q1,AIG,American International Group,11-02-25
2025,Q2,AIG,American International Group,01-05-25
2025,Q3,AIG,American International Group,06-08-25
2025,Q4,AIG,American International Group,04-11-25
2020,Q1,AIZ,,11-02-20
2020,Q2,AIZ,,05-05-20
2020,Q3,AIZ,,04-08-20
2020,Q4,AIZ,,02-11-20
2021,Q1,AIZ,,09-02-21
2021,Q2,AIZ,,04-05-21
2021,Q3,AIZ,,03-08-21
2021,Q4,AIZ,,02-11-21
2022,Q1,AIZ,,08-02-22
2022,Q2,AIZ,,03-05-22
2022,Q3,AIZ,,02-08-22
2022,Q4,AIZ,,01-11-22
2023,Q1,AIZ,,07-02-23
2023,Q2,AIZ,,02-05-23
2023,Q3,AIZ,,01-08-23
2023,Q4,AIZ,,31-10-23
2024,Q1,AIZ,,06-02-24
2024,Q2,AIZ,,07-05-24
2024,Q3,AIZ,,06-08-24
2024,Q4,AIZ,,05-11-24
2025,Q1,AIZ,,11-02-25
2025,Q2,AIZ,,06-05-25
2025,Q3,AIZ,,05-08-25
2025,Q4,AIZ,,04-11-25
2020,Q1,AKAM,"Akamai Technologies, Inc.",11-02-20
2020,Q2,AKAM,"Akamai Technologies, Inc.",28-04-20
2020,Q3,AKAM,"Akamai Technologies, Inc.",28-07-20
2020,Q4,AKAM,"Akamai Technologies, Inc.",27-10-20
2021,Q1,AKAM,"Akamai Technologies, Inc.",09-02-21
2021,Q2,AKAM,"Akamai Technologies, Inc.",04-05-21
2021,Q3,AKAM,"Akamai Technologies, Inc.",03-08-21
2021,Q4,AKAM,"Akamai Technologies, Inc.",02-11-21
2022,Q1,AKAM,"Akamai Technologies, Inc.",15-02-22
2022,Q2,AKAM,"Akamai Technologies, Inc.",03-05-22
2022,Q3,AKAM,"Akamai Technologies, Inc.",09-08-22
2022,Q4,AKAM,"Akamai Technologies, Inc.",08-11-22
2023,Q1,AKAM,"Akamai Technologies, Inc.",14-02-23
2023,Q2,AKAM,"Akamai Technologies, Inc.",09-05-23
2023,Q3,AKAM,"Akamai Technologies, Inc.",08-08-23
2023,Q4,AKAM,"Akamai Technologies, Inc.",07-11-23
2024,Q1,AKAM,"Akamai Technologies, Inc.",13-02-24
2024,Q2,AKAM,"Akamai Technologies, Inc.",09-05-24
2024,Q3,AKAM,"Akamai Technologies, Inc.",08-08-24
2024,Q4,AKAM,"Akamai Technologies, Inc.",07-11-24
2025,Q1,AKAM,"Akamai Technologies, Inc.",20-02-25
2025,Q2,AKAM,"Akamai Technologies, Inc.",08-05-25
2025,Q3,AKAM,"Akamai Technologies, Inc.",07-08-25
2025,Q4,AKAM,"Akamai Technologies, Inc.",06-11-25
2020,Q1,ALB,Albemarle Corporation,19-02-20
2020,Q2,ALB,Albemarle Corporation,06-05-20
2020,Q3,ALB,Albemarle Corporation,05-08-20
2020,Q4,ALB,Albemarle Corporation,04-11-20
2021,Q1,ALB,Albemarle Corporation,17-02-21
2021,Q2,ALB,Albemarle Corporation,05-05-21
2021,Q3,ALB,Albemarle Corporation,04-08-21
2021,Q4,ALB,Albemarle Corporation,03-11-21
2022,Q1,ALB,Albemarle Corporation,16-02-22
2022,Q2,ALB,Albemarle Corporation,04-05-22
2022,Q3,ALB,Albemarle Corporation,03-08-22
2022,Q4,ALB,Albemarle Corporation,02-11-22
2023,Q1,ALB,Albemarle Corporation,15-02-23
2023,Q2,ALB,Albemarle Corporation,03-05-23
2023,Q3,ALB,Albemarle Corporation,02-08-23
2023,Q4,ALB,Albemarle Corporation,01-11-23
2024,Q1,ALB,Albemarle Corporation,14-02-24
2024,Q2,ALB,Albemarle Corporation,01-05-24
2024,Q3,ALB,Albemarle Corporation,31-07-24
2024,Q4,ALB,Albemarle Corporation,06-11-24
2025,Q1,ALB,Albemarle Corporation,12-02-25
2025,Q2,ALB,Albemarle Corporation,30-04-25
2025,Q3,ALB,Albemarle Corporation,30-07-25
2025,Q4,ALB,Albemarle Corporation,05-11-25
2020,Q1,ALGN,"Align Technology, Inc.",29-01-20
2020,Q2,ALGN,"Align Technology, Inc.",29-04-20
2020,Q3,ALGN,"Align Technology, Inc.",22-07-20
2020,Q4,ALGN,"Align Technology, Inc.",21-10-20
2021,Q1,ALGN,"Align Technology, Inc.",03-02-21
2021,Q2,ALGN,"Align Technology, Inc.",28-04-21
2021,Q3,ALGN,"Align Technology, Inc.",28-07-21
2021,Q4,ALGN,"Align Technology, Inc.",27-10-21
2022,Q1,ALGN,"Align Technology, Inc.",02-02-22
2022,Q2,ALGN,"Align Technology, Inc.",27-04-22
2022,Q3,ALGN,"Align Technology, Inc.",27-07-22
2022,Q4,ALGN,"Align Technology, Inc.",26-10-22
2023,Q1,ALGN,"Align Technology, Inc.",01-02-23
2023,Q2,ALGN,"Align Technology, Inc.",26-04-23
2023,Q3,ALGN,"Align Technology, Inc.",26-07-23
2023,Q4,ALGN,"Align Technology, Inc.",25-10-23
2024,Q1,ALGN,"Align Technology, Inc.",31-01-24
2024,Q2,ALGN,"Align Technology, Inc.",24-04-24
2024,Q3,ALGN,"Align Technology, Inc.",24-07-24
2024,Q4,ALGN,"Align Technology, Inc.",23-10-24
2025,Q1,ALGN,"Align Technology, Inc.",05-02-25
2025,Q2,ALGN,"Align Technology, Inc.",30-04-25
2025,Q3,ALGN,"Align Technology, Inc.",30-07-25
2025,Q4,ALGN,"Align Technology, Inc.",29-10-25
2020,Q1,ALK,"Alaska Air Group, Inc.",28-01-20
2020,Q2,ALK,"Alaska Air Group, Inc.",05-05-20
2020,Q3,ALK,"Alaska Air Group, Inc.",23-07-20
2020,Q4,ALK,"Alaska Air Group, Inc.",22-10-20
2021,Q1,ALK,"Alaska Air Group, Inc.",26-01-21
2021,Q2,ALK,"Alaska Air Group, Inc.",22-04-21
2021,Q3,ALK,"Alaska Air Group, Inc.",22-07-21
2021,Q4,ALK,"Alaska Air Group, Inc.",21-10-21
2022,Q1,ALK,"Alaska Air Group, Inc.",27-01-22
2022,Q2,ALK,"Alaska Air Group, Inc.",21-04-22
2022,Q3,ALK,"Alaska Air Group, Inc.",21-07-22
2022,Q4,ALK,"Alaska Air Group, Inc.",20-10-22
2023,Q1,ALK,"Alaska Air Group, Inc.",26-01-23
2023,Q2,ALK,"Alaska Air Group, Inc.",20-04-23
2023,Q3,ALK,"Alaska Air Group, Inc.",25-07-23
2023,Q4,ALK,"Alaska Air Group, Inc.",19-10-23
2024,Q1,ALK,"Alaska Air Group, Inc.",25-01-24
2024,Q2,ALK,"Alaska Air Group, Inc.",18-04-24
2024,Q3,ALK,"Alaska Air Group, Inc.",17-07-24
2024,Q4,ALK,"Alaska Air Group, Inc.",31-10-24
2025,Q1,ALK,"Alaska Air Group, Inc.",22-01-25
2025,Q2,ALK,"Alaska Air Group, Inc.",23-04-25
2025,Q3,ALK,"Alaska Air Group, Inc.",23-07-25
2025,Q4,ALK,"Alaska Air Group, Inc.",06-11-25
2020,Q1,ALLE,,18-02-20
2020,Q2,ALLE,,23-04-20
2020,Q3,ALLE,,23-07-20
2020,Q4,ALLE,,22-10-20
2021,Q1,ALLE,,16-02-21
2021,Q2,ALLE,,22-04-21
2021,Q3,ALLE,,22-07-21
2021,Q4,ALLE,,21-10-21
2022,Q1,ALLE,,15-02-22
2022,Q2,ALLE,,26-04-22
2022,Q3,ALLE,,28-07-22
2022,Q4,ALLE,,27-10-22
2023,Q1,ALLE,,22-02-23
2023,Q2,ALLE,,26-04-23
2023,Q3,ALLE,,26-07-23
2023,Q4,ALLE,,31-10-23
2024,Q1,ALLE,,20-02-24
2024,Q2,ALLE,,25-04-24
2024,Q3,ALLE,,24-07-24
2024,Q4,ALLE,,24-10-24
2025,Q1,ALLE,,18-02-25
2025,Q2,ALLE,,24-04-25
2025,Q3,ALLE,,24-07-25
2025,Q4,ALLE,,23-10-25
2020,Q1,AMAT,,12-02-20
2020,Q2,AMAT,,14-05-20
2020,Q3,AMAT,,13-08-20
2020,Q4,AMAT,,12-11-20
2021,Q1,AMAT,,18-02-21
2021,Q2,AMAT,,20-05-21
2021,Q3,AMAT,,19-08-21
2021,Q4,AMAT,,18-11-21
2022,Q1,AMAT,,16-02-22
2022,Q2,AMAT,,19-05-22
2022,Q3,AMAT,,18-08-22
2022,Q4,AMAT,,17-11-22
2023,Q1,AMAT,,16-02-23
2023,Q2,AMAT,,18-05-23
2023,Q3,AMAT,,17-08-23
2023,Q4,AMAT,,16-11-23
2024,Q1,AMAT,,15-02-24
2024,Q2,AMAT,,16-05-24
2024,Q3,AMAT,,15-08-24
2024,Q4,AMAT,,14-11-24
2025,Q1,AMAT,,13-02-25
2025,Q2,AMAT,,15-05-25
2025,Q3,AMAT,,14-08-25
2025,Q4,AMAT,,13-11-25
2020,Q1,AMD,"Advanced Micro Devices, Inc.",28-01-20
2020,Q2,AMD,"Advanced Micro Devices, Inc.",28-04-20
2020,Q3,AMD,"Advanced Micro Devices, Inc.",28-07-20
2020,Q4,AMD,"Advanced Micro Devices, Inc.",27-10-20
2021,Q1,AMD,"Advanced Micro Devices, Inc.",26-01-21
2021,Q2,AMD,"Advanced Micro Devices, Inc.",27-04-21
2021,Q3,AMD,"Advanced Micro Devices, Inc.",27-07-21
2021,Q4,AMD,"Advanced Micro Devices, Inc.",26-10-21
2022,Q1,AMD,"Advanced Micro Devices, Inc.",01-02-22
2022,Q2,AMD,"Advanced Micro Devices, Inc.",03-05-22
2022,Q3,AMD,"Advanced Micro Devices, Inc.",02-08-22
2022,Q4,AMD,"Advanced Micro Devices, Inc.",01-11-22
2023,Q1,AMD,"Advanced Micro Devices, Inc.",31-01-23
2023,Q2,AMD,"Advanced Micro Devices, Inc.",02-05-23
2023,Q3,AMD,"Advanced Micro Devices, Inc.",01-08-23
2023,Q4,AMD,"Advanced Micro Devices, Inc.",31-10-23
2024,Q1,AMD,"Advanced Micro Devices, Inc.",30-01-24
2024,Q2,AMD,"Advanced Micro Devices, Inc.",30-04-24
2024,Q3,AMD,"Advanced Micro Devices, Inc.",30-07-24
2024,Q4,AMD,"Advanced Micro Devices, Inc.",29-10-24
2025,Q1,AMD,"Advanced Micro Devices, Inc.",04-02-25
2025,Q2,AMD,"Advanced Micro Devices, Inc.",06-05-25
2025,Q3,AMD,"Advanced Micro Devices, Inc.",05-08-25
2025,Q4,AMD,"Advanced Micro Devices, Inc.",04-11-25
2020,Q1,AME,"AMETEK, Inc.",05-02-20
2020,Q2,AME,"AMETEK, Inc.",05-05-20
2020,Q3,AME,"AMETEK, Inc.",04-08-20
2020,Q4,AME,"AMETEK, Inc.",29-10-20
2021,Q1,AME,"AMETEK, Inc.",04-02-21
2021,Q2,AME,"AMETEK, Inc.",04-05-21
2021,Q3,AME,"AMETEK, Inc.",03-08-21
2021,Q4,AME,"AMETEK, Inc.",02-11-21
2022,Q1,AME,"AMETEK, Inc.",03-02-22
2022,Q2,AME,"AMETEK, Inc.",03-05-22
2022,Q3,AME,"AMETEK, Inc.",02-08-22
2022,Q4,AME,"AMETEK, Inc.",01-11-22
2023,Q1,AME,"AMETEK, Inc.",02-02-23
2023,Q2,AME,"AMETEK, Inc.",02-05-23
2023,Q3,AME,"AMETEK, Inc.",01-08-23
2023,Q4,AME,"AMETEK, Inc.",31-10-23
2024,Q1,AME,"AMETEK, Inc.",06-02-24
2024,Q2,AME,"AMETEK, Inc.",02-05-24
2024,Q3,AME,"AMETEK, Inc.",01-08-24
2024,Q4,AME,"AMETEK, Inc.",31-10-24
2025,Q1,AME,"AMETEK, Inc.",04-02-25
2025,Q2,AME,"AMETEK, Inc.",01-05-25
2025,Q3,AME,"AMETEK, Inc.",31-07-25
2025,Q4,AME,"AMETEK, Inc.",30-10-25
2020,Q1,AMGN,,30-01-20
2020,Q2,AMGN,,30-04-20
2020,Q3,AMGN,,28-07-20
2020,Q4,AMGN,,28-10-20
2021,Q1,AMGN,,02-02-21
2021,Q2,AMGN,,27-04-21
2021,Q3,AMGN,,03-08-21
2021,Q4,AMGN,,02-11-21
2022,Q1,AMGN,,07-02-22
2022,Q2,AMGN,,27-04-22
2022,Q3,AMGN,,04-08-22
2022,Q4,AMGN,,03-11-22
2023,Q1,AMGN,,31-01-23
2023,Q2,AMGN,,27-04-23
2023,Q3,AMGN,,03-08-23
2023,Q4,AMGN,,31-10-23
2024,Q1,AMGN,,06-02-24
2024,Q2,AMGN,,02-05-24
2024,Q3,AMGN,,06-08-24
2024,Q4,AMGN,,30-10-24
2025,Q1,AMGN,,04-02-25
2025,Q2,AMGN,,01-05-25
2025,Q3,AMGN,,05-08-25
2025,Q4,AMGN,,04-11-25
2020,Q1,AMP,,29-01-20
2020,Q2,AMP,,06-05-20
2020,Q3,AMP,,29-07-20
2020,Q4,AMP,,28-10-20
2021,Q1,AMP,,27-01-21
2021,Q2,AMP,,26-04-21
2021,Q3,AMP,,26-07-21
2021,Q4,AMP,,26-10-21
2022,Q1,AMP,,26-01-22
2022,Q2,AMP,,25-04-22
2022,Q3,AMP,,26-07-22
2022,Q4,AMP,,25-10-22
2023,Q1,AMP,,25-01-23
2023,Q2,AMP,,24-04-23
2023,Q3,AMP,,26-07-23
2023,Q4,AMP,,25-10-23
2024,Q1,AMP,,24-01-24
2024,Q2,AMP,,22-04-24
2024,Q3,AMP,,24-07-24
2024,Q4,AMP,,23-10-24
2025,Q1,AMP,,29-01-25
2025,Q2,AMP,,24-04-25
2025,Q3,AMP,,24-07-25
2025,Q4,AMP,,29-10-25
2020,Q1,AMT,American Tower Corporation,25-02-20
2020,Q2,AMT,American Tower Corporation,29-04-20
2020,Q3,AMT,American Tower Corporation,30-07-20
2020,Q4,AMT,American Tower Corporation,29-10-20
2021,Q1,AMT,American Tower Corporation,25-02-21
2021,Q2,AMT,American Tower Corporation,29-04-21
2021,Q3,AMT,American Tower Corporation,29-07-21
2021,Q4,AMT,American Tower Corporation,28-10-21
2022,Q1,AMT,American Tower Corporation,24-02-22
2022,Q2,AMT,American Tower Corporation,27-04-22
2022,Q3,AMT,American Tower Corporation,28-07-22
2022,Q4,AMT,American Tower Corporation,27-10-22
2023,Q1,AMT,American Tower Corporation,23-02-23
2023,Q2,AMT,American Tower Corporation,26-04-23
2023,Q3,AMT,American Tower Corporation,27-07-23
2023,Q4,AMT,American Tower Corporation,26-10-23
2024,Q1,AMT,American Tower Corporation,27-02-24
2024,Q2,AMT,American Tower Corporation,30-04-24
2024,Q3,AMT,American Tower Corporation,30-07-24
2024,Q4,AMT,American Tower Corporation,29-10-24
2025,Q1,AMT,American Tower Corporation,24-02-25
2025,Q2,AMT,American Tower Corporation,29-04-25
2025,Q3,AMT,American Tower Corporation,29-07-25
2025,Q4,AMT,American Tower Corporation,28-10-25
2020,Q1,AMZN,"Amazon.com, Inc.",30-01-20
2020,Q2,AMZN,"Amazon.com, Inc.",30-04-20
2020,Q3,AMZN,"Amazon.com, Inc.",30-07-20
2020,Q4,AMZN,"Amazon.com, Inc.",29-10-20
2021,Q1,AMZN,"Amazon.com, Inc.",02-02-21
2021,Q2,AMZN,"Amazon.com, Inc.",29-04-21
2021,Q3,AMZN,"Amazon.com, Inc.",29-07-21
2021,Q4,AMZN,"Amazon.com, Inc.",28-10-21
2022,Q1,AMZN,"Amazon.com, Inc.",03-02-22
2022,Q2,AMZN,"Amazon.com, Inc.",28-04-22
2022,Q3,AMZN,"Amazon.com, Inc.",28-07-22
2022,Q4,AMZN,"Amazon.com, Inc.",27-10-22
2023,Q1,AMZN,"Amazon.com, Inc.",02-02-23
2023,Q2,AMZN,"Amazon.com, Inc.",27-04-23
2023,Q3,AMZN,"Amazon.com, Inc.",03-08-23
2023,Q4,AMZN,"Amazon.com, Inc.",26-10-23
2024,Q1,AMZN,"Amazon.com, Inc.",01-02-24
2024,Q2,AMZN,"Amazon.com, Inc.",30-04-24
2024,Q3,AMZN,"Amazon.com, Inc.",01-08-24
2024,Q4,AMZN,"Amazon.com, Inc.",31-10-24
2025,Q1,AMZN,"Amazon.com, Inc.",06-02-25
2025,Q2,AMZN,"Amazon.com, Inc.",01-05-25
2025,Q3,AMZN,"Amazon.com, Inc.",31-07-25
2025,Q4,AMZN,"Amazon.com, Inc.",30-10-25
2020,Q1,ANET,,13-02-20
2020,Q2,ANET,,05-05-20
2020,Q3,ANET,,04-08-20
2020,Q4,ANET,,02-11-20
2021,Q1,ANET,,18-02-21
2021,Q2,ANET,,04-05-21
2021,Q3,ANET,,02-08-21
2021,Q4,ANET,,01-11-21
2022,Q1,ANET,,14-02-22
2022,Q2,ANET,,02-05-22
2022,Q3,ANET,,01-08-22
2022,Q4,ANET,,31-10-22
2023,Q1,ANET,,13-02-23
2023,Q2,ANET,,01-05-23
2023,Q3,ANET,,31-07-23
2023,Q4,ANET,,30-10-23
2024,Q1,ANET,,12-02-24
2024,Q2,ANET,,07-05-24
2024,Q3,ANET,,30-07-24
2024,Q4,ANET,,07-11-24
2025,Q1,ANET,,18-02-25
2025,Q2,ANET,,06-05-25
2025,Q3,ANET,,05-08-25
2025,Q4,ANET,,10-11-25
2020,Q1,ANSS,"ANSYS, Inc.",26-02-20
2020,Q2,ANSS,"ANSYS, Inc.",06-05-20
2020,Q3,ANSS,"ANSYS, Inc.",05-08-20
2020,Q4,ANSS,"ANSYS, Inc.",04-11-20
2021,Q1,ANSS,"ANSYS, Inc.",24-02-21
2021,Q2,ANSS,"ANSYS, Inc.",05-05-21
2021,Q3,ANSS,"ANSYS, Inc.",04-08-21
2021,Q4,ANSS,"ANSYS, Inc.",03-11-21
2022,Q1,ANSS,"ANSYS, Inc.",23-02-22
2022,Q2,ANSS,"ANSYS, Inc.",04-05-22
2022,Q3,ANSS,"ANSYS, Inc.",03-08-22
2022,Q4,ANSS,"ANSYS, Inc.",02-11-22
2023,Q1,ANSS,"ANSYS, Inc.",22-02-23
2023,Q2,ANSS,"ANSYS, Inc.",03-05-23
2023,Q3,ANSS,"ANSYS, Inc.",02-08-23
2023,Q4,ANSS,"ANSYS, Inc.",01-11-23
2024,Q1,ANSS,"ANSYS, Inc.",21-02-24
2024,Q2,ANSS,"ANSYS, Inc.",01-05-24
2024,Q3,ANSS,"ANSYS, Inc.",31-07-24
2024,Q4,ANSS,"ANSYS, Inc.",06-11-24
2025,Q1,ANSS,"ANSYS, Inc.",19-02-25
2025,Q2,ANSS,"ANSYS, Inc.",30-04-25
2025,Q3,ANSS,"ANSYS, Inc.",Missing
2025,Q4,ANSS,"ANSYS, Inc.",Missing
2020,Q1,AOS,A. O. Smith Corporation,28-01-20
2020,Q2,AOS,A. O. Smith Corporation,05-05-20
2020,Q3,AOS,A. O. Smith Corporation,30-07-20
2020,Q4,AOS,A. O. Smith Corporation,29-10-20
2021,Q1,AOS,A. O. Smith Corporation,28-01-21
2021,Q2,AOS,A. O. Smith Corporation,29-04-21
2021,Q3,AOS,A. O. Smith Corporation,29-07-21
2021,Q4,AOS,A. O. Smith Corporation,28-10-21
2022,Q1,AOS,A. O. Smith Corporation,27-01-22
2022,Q2,AOS,A. O. Smith Corporation,28-04-22
2022,Q3,AOS,A. O. Smith Corporation,28-07-22
2022,Q4,AOS,A. O. Smith Corporation,27-10-22
2023,Q1,AOS,A. O. Smith Corporation,31-01-23
2023,Q2,AOS,A. O. Smith Corporation,27-04-23
2023,Q3,AOS,A. O. Smith Corporation,27-07-23
2023,Q4,AOS,A. O. Smith Corporation,26-10-23
2024,Q1,AOS,A. O. Smith Corporation,30-01-24
2024,Q2,AOS,A. O. Smith Corporation,25-04-24
2024,Q3,AOS,A. O. Smith Corporation,23-07-24
2024,Q4,AOS,A. O. Smith Corporation,22-10-24
2025,Q1,AOS,A. O. Smith Corporation,30-01-25
2025,Q2,AOS,A. O. Smith Corporation,29-04-25
2025,Q3,AOS,A. O. Smith Corporation,24-07-25
2025,Q4,AOS,A. O. Smith Corporation,21-10-25
2020,Q1,APD,"Air Products and Chemicals, Inc.",24-01-20
2020,Q2,APD,"Air Products and Chemicals, Inc.",23-04-20
2020,Q3,APD,"Air Products and Chemicals, Inc.",23-07-20
2020,Q4,APD,"Air Products and Chemicals, Inc.",11-11-20
2021,Q1,APD,"Air Products and Chemicals, Inc.",04-02-21
2021,Q2,APD,"Air Products and Chemicals, Inc.",10-05-21
2021,Q3,APD,"Air Products and Chemicals, Inc.",09-08-21
2021,Q4,APD,"Air Products and Chemicals, Inc.",04-11-21
2022,Q1,APD,"Air Products and Chemicals, Inc.",04-02-22
2022,Q2,APD,"Air Products and Chemicals, Inc.",05-05-22
2022,Q3,APD,"Air Products and Chemicals, Inc.",04-08-22
2022,Q4,APD,"Air Products and Chemicals, Inc.",03-11-22
2023,Q1,APD,"Air Products and Chemicals, Inc.",02-02-23
2023,Q2,APD,"Air Products and Chemicals, Inc.",09-05-23
2023,Q3,APD,"Air Products and Chemicals, Inc.",03-08-23
2023,Q4,APD,"Air Products and Chemicals, Inc.",07-11-23
2024,Q1,APD,"Air Products and Chemicals, Inc.",05-02-24
2024,Q2,APD,"Air Products and Chemicals, Inc.",30-04-24
2024,Q3,APD,"Air Products and Chemicals, Inc.",01-08-24
2024,Q4,APD,"Air Products and Chemicals, Inc.",07-11-24
2025,Q1,APD,"Air Products and Chemicals, Inc.",06-02-25
2025,Q2,APD,"Air Products and Chemicals, Inc.",01-05-25
2025,Q3,APD,"Air Products and Chemicals, Inc.",31-07-25
2025,Q4,APD,"Air Products and Chemicals, Inc.",06-11-25
2020,Q1,APH,,22-01-20
2020,Q2,APH,,22-04-20
2020,Q3,APH,,22-07-20
2020,Q4,APH,,21-10-20
2021,Q1,APH,,27-01-21
2021,Q2,APH,,28-04-21
2021,Q3,APH,,28-07-21
2021,Q4,APH,,27-10-21
2022,Q1,APH,,26-01-22
2022,Q2,APH,,27-04-22
2022,Q3,APH,,27-07-22
2022,Q4,APH,,26-10-22
2023,Q1,APH,,25-01-23
2023,Q2,APH,,26-04-23
2023,Q3,APH,,26-07-23
2023,Q4,APH,,25-10-23
2024,Q1,APH,,24-01-24
2024,Q2,APH,,24-04-24
2024,Q3,APH,,24-07-24
2024,Q4,APH,,23-10-24
2025,Q1,APH,,22-01-25
2025,Q2,APH,,23-04-25
2025,Q3,APH,,23-07-25
2025,Q4,APH,,22-10-25
2020,Q1,APTV,Aptiv PLC,30-01-20
2020,Q2,APTV,Aptiv PLC,05-05-20
2020,Q3,APTV,Aptiv PLC,30-07-20
2020,Q4,APTV,Aptiv PLC,29-10-20
2021,Q1,APTV,Aptiv PLC,03-02-21
2021,Q2,APTV,Aptiv PLC,06-05-21
2021,Q3,APTV,Aptiv PLC,05-08-21
2021,Q4,APTV,Aptiv PLC,04-11-21
2022,Q1,APTV,Aptiv PLC,03-02-22
2022,Q2,APTV,Aptiv PLC,05-05-22
2022,Q3,APTV,Aptiv PLC,04-08-22
2022,Q4,APTV,Aptiv PLC,03-11-22
2023,Q1,APTV,Aptiv PLC,02-02-23
2023,Q2,APTV,Aptiv PLC,04-05-23
2023,Q3,APTV,Aptiv PLC,03-08-23
2023,Q4,APTV,Aptiv PLC,02-11-23
2024,Q1,APTV,Aptiv PLC,31-01-24
2024,Q2,APTV,Aptiv PLC,02-05-24
2024,Q3,APTV,Aptiv PLC,01-08-24
2024,Q4,APTV,Aptiv PLC,31-10-24
2025,Q1,APTV,Aptiv PLC,06-02-25
2025,Q2,APTV,Aptiv PLC,01-05-25
2025,Q3,APTV,Aptiv PLC,31-07-25
2025,Q4,APTV,Aptiv PLC,30-10-25
2020,Q1,ARE,,03-02-20
2020,Q2,ARE,,27-04-20
2020,Q3,ARE,,27-07-20
2020,Q4,ARE,,26-10-20
2021,Q1,ARE,,01-02-21
2021,Q2,ARE,,26-04-21
2021,Q3,ARE,,26-07-21
2021,Q4,ARE,,25-10-21
2022,Q1,ARE,,31-01-22
2022,Q2,ARE,,25-04-22
2022,Q3,ARE,,25-07-22
2022,Q4,ARE,,24-10-22
2023,Q1,ARE,,30-01-23
2023,Q2,ARE,,24-04-23
2023,Q3,ARE,,24-07-23
2023,Q4,ARE,,23-10-23
2024,Q1,ARE,,29-01-24
2024,Q2,ARE,,22-04-24
2024,Q3,ARE,,22-07-24
2024,Q4,ARE,,21-10-24
2025,Q1,ARE,,27-01-25
2025,Q2,ARE,,28-04-25
2025,Q3,ARE,,21-07-25
2025,Q4,ARE,,27-10-25
2020,Q1,ATO,Atmos Energy Corp.,04-02-20
2020,Q2,ATO,Atmos Energy Corp.,06-05-20
2020,Q3,ATO,Atmos Energy Corp.,05-08-20
2020,Q4,ATO,Atmos Energy Corp.,11-11-20
2021,Q1,ATO,Atmos Energy Corp.,02-02-21
2021,Q2,ATO,Atmos Energy Corp.,05-05-21
2021,Q3,ATO,Atmos Energy Corp.,04-08-21
2021,Q4,ATO,Atmos Energy Corp.,10-11-21
2022,Q1,ATO,Atmos Energy Corp.,08-02-22
2022,Q2,ATO,Atmos Energy Corp.,04-05-22
2022,Q3,ATO,Atmos Energy Corp.,03-08-22
2022,Q4,ATO,Atmos Energy Corp.,09-11-22
2023,Q1,ATO,Atmos Energy Corp.,07-02-23
2023,Q2,ATO,Atmos Energy Corp.,03-05-23
2023,Q3,ATO,Atmos Energy Corp.,02-08-23
2023,Q4,ATO,Atmos Energy Corp.,08-11-23
2024,Q1,ATO,Atmos Energy Corp.,06-02-24
2024,Q2,ATO,Atmos Energy Corp.,08-05-24
2024,Q3,ATO,Atmos Energy Corp.,07-08-24
2024,Q4,ATO,Atmos Energy Corp.,18-11-24
2025,Q1,ATO,Atmos Energy Corp.,04-02-25
2025,Q2,ATO,Atmos Energy Corp.,07-05-25
2025,Q3,ATO,Atmos Energy Corp.,06-08-25
2025,Q4,ATO,Atmos Energy Corp.,05-11-25
2020,Q1,ATVI,"Activision Blizzard, Inc.",Missing
2020,Q2,ATVI,"Activision Blizzard, Inc.",Missing
2020,Q3,ATVI,"Activision Blizzard, Inc.",Missing
2020,Q4,ATVI,"Activision Blizzard, Inc.",Missing
2021,Q1,ATVI,"Activision Blizzard, Inc.",Missing
2021,Q2,ATVI,"Activision Blizzard, Inc.",Missing
2021,Q3,ATVI,"Activision Blizzard, Inc.",Missing
2021,Q4,ATVI,"Activision Blizzard, Inc.",Missing
2022,Q1,ATVI,"Activision Blizzard, Inc.",Missing
2022,Q2,ATVI,"Activision Blizzard, Inc.",Missing
2022,Q3,ATVI,"Activision Blizzard, Inc.",Missing
2022,Q4,ATVI,"Activision Blizzard, Inc.",Missing
2023,Q1,ATVI,"Activision Blizzard, Inc.",Missing
2023,Q2,ATVI,"Activision Blizzard, Inc.",Missing
2023,Q3,ATVI,"Activision Blizzard, Inc.",Missing
2023,Q4,ATVI,"Activision Blizzard, Inc.",Missing
2024,Q1,ATVI,"Activision Blizzard, Inc.",Missing
2024,Q2,ATVI,"Activision Blizzard, Inc.",Missing
2024,Q3,ATVI,"Activision Blizzard, Inc.",Missing
2024,Q4,ATVI,"Activision Blizzard, Inc.",Missing
2025,Q1,ATVI,"Activision Blizzard, Inc.",Missing
2025,Q2,ATVI,"Activision Blizzard, Inc.",Missing
2025,Q3,ATVI,"Activision Blizzard, Inc.",Missing
2025,Q4,ATVI,"Activision Blizzard, Inc.",Missing
2020,Q1,AVB,AvalonBay Communities,05-02-20
2020,Q2,AVB,AvalonBay Communities,06-05-20
2020,Q3,AVB,AvalonBay Communities,29-07-20
2020,Q4,AVB,AvalonBay Communities,28-10-20
2021,Q1,AVB,AvalonBay Communities,02-02-21
2021,Q2,AVB,AvalonBay Communities,28-04-21
2021,Q3,AVB,AvalonBay Communities,28-07-21
2021,Q4,AVB,AvalonBay Communities,27-10-21
2022,Q1,AVB,AvalonBay Communities,02-02-22
2022,Q2,AVB,AvalonBay Communities,27-04-22
2022,Q3,AVB,AvalonBay Communities,28-07-22
2022,Q4,AVB,AvalonBay Communities,08-11-22
2023,Q1,AVB,AvalonBay Communities,08-02-23
2023,Q2,AVB,AvalonBay Communities,26-04-23
2023,Q3,AVB,AvalonBay Communities,01-08-23
2023,Q4,AVB,AvalonBay Communities,25-10-23
2024,Q1,AVB,AvalonBay Communities,01-02-24
2024,Q2,AVB,AvalonBay Communities,03-05-24
2024,Q3,AVB,AvalonBay Communities,31-07-24
2024,Q4,AVB,AvalonBay Communities,04-11-24
2025,Q1,AVB,AvalonBay Communities,04-02-25
2025,Q2,AVB,AvalonBay Communities,29-04-25
2025,Q3,AVB,AvalonBay Communities,30-07-25
2025,Q4,AVB,AvalonBay Communities,03-11-25
2020,Q1,AVGO,Broadcom Inc.,12-03-20
2020,Q2,AVGO,Broadcom Inc.,04-06-20
2020,Q3,AVGO,Broadcom Inc.,03-09-20
2020,Q4,AVGO,Broadcom Inc.,10-12-20
2021,Q1,AVGO,Broadcom Inc.,04-03-21
2021,Q2,AVGO,Broadcom Inc.,03-06-21
2021,Q3,AVGO,Broadcom Inc.,02-09-21
2021,Q4,AVGO,Broadcom Inc.,09-12-21
2022,Q1,AVGO,Broadcom Inc.,03-03-22
2022,Q2,AVGO,Broadcom Inc.,26-05-22
2022,Q3,AVGO,Broadcom Inc.,01-09-22
2022,Q4,AVGO,Broadcom Inc.,08-12-22
2023,Q1,AVGO,Broadcom Inc.,02-03-23
2023,Q2,AVGO,Broadcom Inc.,01-06-23
2023,Q3,AVGO,Broadcom Inc.,31-08-23
2023,Q4,AVGO,Broadcom Inc.,07-12-23
2024,Q1,AVGO,Broadcom Inc.,07-03-24
2024,Q2,AVGO,Broadcom Inc.,12-06-24
2024,Q3,AVGO,Broadcom Inc.,05-09-24
2024,Q4,AVGO,Broadcom Inc.,12-12-24
2025,Q1,AVGO,Broadcom Inc.,06-03-25
2025,Q2,AVGO,Broadcom Inc.,05-06-25
2025,Q3,AVGO,Broadcom Inc.,04-09-25
2025,Q4,AVGO,Broadcom Inc.,11-12-25
2020,Q1,AVY,,29-01-20
2020,Q2,AVY,,29-04-20
2020,Q3,AVY,,27-07-20
2020,Q4,AVY,,21-10-20
2021,Q1,AVY,,03-02-21
2021,Q2,AVY,,28-04-21
2021,Q3,AVY,,28-07-21
2021,Q4,AVY,,27-10-21
2022,Q1,AVY,,02-02-22
2022,Q2,AVY,,26-04-22
2022,Q3,AVY,,27-07-22
2022,Q4,AVY,,26-10-22
2023,Q1,AVY,,02-02-23
2023,Q2,AVY,,26-04-23
2023,Q3,AVY,,25-07-23
2023,Q4,AVY,,25-10-23
2024,Q1,AVY,,31-01-24
2024,Q2,AVY,,24-04-24
2024,Q3,AVY,,23-07-24
2024,Q4,AVY,,23-10-24
2025,Q1,AVY,,30-01-25
2025,Q2,AVY,,23-04-25
2025,Q3,AVY,,22-07-25
2025,Q4,AVY,,22-10-25
2020,Q1,AWK,,18-02-20
2020,Q2,AWK,,06-05-20
2020,Q3,AWK,,05-08-20
2020,Q4,AWK,,04-11-20
2021,Q1,AWK,,24-02-21
2021,Q2,AWK,,03-05-21
2021,Q3,AWK,,02-08-21
2021,Q4,AWK,,02-11-21
2022,Q1,AWK,,16-02-22
2022,Q2,AWK,,27-04-22
2022,Q3,AWK,,27-07-22
2022,Q4,AWK,,31-10-22
2023,Q1,AWK,,15-02-23
2023,Q2,AWK,,26-04-23
2023,Q3,AWK,,26-07-23
2023,Q4,AWK,,01-11-23
2024,Q1,AWK,,14-02-24
2024,Q2,AWK,,01-05-24
2024,Q3,AWK,,31-07-24
2024,Q4,AWK,,30-10-24
2025,Q1,AWK,,19-02-25
2025,Q2,AWK,,30-04-25
2025,Q3,AWK,,30-07-25
2025,Q4,AWK,,29-10-25
2020,Q1,AXON,,27-02-20
2020,Q2,AXON,,07-05-20
2020,Q3,AXON,,06-08-20
2020,Q4,AXON,,05-11-20
2021,Q1,AXON,,25-02-21
2021,Q2,AXON,,06-05-21
2021,Q3,AXON,,05-08-21
2021,Q4,AXON,,15-11-21
2022,Q1,AXON,,24-02-22
2022,Q2,AXON,,10-05-22
2022,Q3,AXON,,09-08-22
2022,Q4,AXON,,08-11-22
2023,Q1,AXON,,28-02-23
2023,Q2,AXON,,09-05-23
2023,Q3,AXON,,08-08-23
2023,Q4,AXON,,07-11-23
2024,Q1,AXON,,27-02-24
2024,Q2,AXON,,06-05-24
2024,Q3,AXON,,06-08-24
2024,Q4,AXON,,07-11-24
2025,Q1,AXON,,25-02-25
2025,Q2,AXON,,07-05-25
2025,Q3,AXON,,04-08-25
2025,Q4,AXON,,06-11-25
2020,Q1,AZO,"AutoZone, Inc.",03-03-20
2020,Q2,AZO,"AutoZone, Inc.",26-05-20
2020,Q3,AZO,"AutoZone, Inc.",22-09-20
2020,Q4,AZO,"AutoZone, Inc.",08-12-20
2021,Q1,AZO,"AutoZone, Inc.",02-03-21
2021,Q2,AZO,"AutoZone, Inc.",25-05-21
2021,Q3,AZO,"AutoZone, Inc.",21-09-21
2021,Q4,AZO,"AutoZone, Inc.",07-12-21
2022,Q1,AZO,"AutoZone, Inc.",01-03-22
2022,Q2,AZO,"AutoZone, Inc.",24-05-22
2022,Q3,AZO,"AutoZone, Inc.",19-09-22
2022,Q4,AZO,"AutoZone, Inc.",06-12-22
2023,Q1,AZO,"AutoZone, Inc.",28-02-23
2023,Q2,AZO,"AutoZone, Inc.",09-06-23
2023,Q3,AZO,"AutoZone, Inc.",19-09-23
2023,Q4,AZO,"AutoZone, Inc.",05-12-23
2024,Q1,AZO,"AutoZone, Inc.",27-02-24
2024,Q2,AZO,"AutoZone, Inc.",21-05-24
2024,Q3,AZO,"AutoZone, Inc.",24-09-24
2024,Q4,AZO,"AutoZone, Inc.",10-12-24
2025,Q1,AZO,"AutoZone, Inc.",04-03-25
2025,Q2,AZO,"AutoZone, Inc.",27-05-25
2025,Q3,AZO,"AutoZone, Inc.",23-09-25
2025,Q4,AZO,"AutoZone, Inc.",09-12-25
2020,Q1,B,,12-02-20
2020,Q2,B,,06-05-20
2020,Q3,B,,10-08-20
2020,Q4,B,,05-11-20
2021,Q1,B,,18-02-21
2021,Q2,B,,05-05-21
2021,Q3,B,,09-08-21
2021,Q4,B,,04-11-21
2022,Q1,B,,16-02-22
2022,Q2,B,,04-05-22
2022,Q3,B,,08-08-22
2022,Q4,B,,03-11-22
2023,Q1,B,,15-02-23
2023,Q2,B,,03-05-23
2023,Q3,B,,08-08-23
2023,Q4,B,,02-11-23
2024,Q1,B,,14-02-24
2024,Q2,B,,01-05-24
2024,Q3,B,,12-08-24
2024,Q4,B,,07-11-24
2025,Q1,B,,12-02-25
2025,Q2,B,,07-05-25
2025,Q3,B,,11-08-25
2025,Q4,B,,06-11-25
2020,Q1,BA,The Boeing Company,29-01-20
2020,Q2,BA,The Boeing Company,29-04-20
2020,Q3,BA,The Boeing Company,29-07-20
2020,Q4,BA,The Boeing Company,28-10-20
2021,Q1,BA,The Boeing Company,27-01-21
2021,Q2,BA,The Boeing Company,28-04-21
2021,Q3,BA,The Boeing Company,28-07-21
2021,Q4,BA,The Boeing Company,27-10-21
2022,Q1,BA,The Boeing Company,26-01-22
2022,Q2,BA,The Boeing Company,27-04-22
2022,Q3,BA,The Boeing Company,27-07-22
2022,Q4,BA,The Boeing Company,26-10-22
2023,Q1,BA,The Boeing Company,25-01-23
2023,Q2,BA,The Boeing Company,26-04-23
2023,Q3,BA,The Boeing Company,26-07-23
2023,Q4,BA,The Boeing Company,25-10-23
2024,Q1,BA,The Boeing Company,31-01-24
2024,Q2,BA,The Boeing Company,24-04-24
2024,Q3,BA,The Boeing Company,31-07-24
2024,Q4,BA,The Boeing Company,23-10-24
2025,Q1,BA,The Boeing Company,28-01-25
2025,Q2,BA,The Boeing Company,23-04-25
2025,Q3,BA,The Boeing Company,29-07-25
2025,Q4,BA,The Boeing Company,22-10-25
2020,Q1,BAC,,15-01-20
2020,Q2,BAC,,15-04-20
2020,Q3,BAC,,16-07-20
2020,Q4,BAC,,14-10-20
2021,Q1,BAC,,19-01-21
2021,Q2,BAC,,15-04-21
2021,Q3,BAC,,14-07-21
2021,Q4,BAC,,14-10-21
2022,Q1,BAC,,19-01-22
2022,Q2,BAC,,18-04-22
2022,Q3,BAC,,18-07-22
2022,Q4,BAC,,17-10-22
2023,Q1,BAC,,13-01-23
2023,Q2,BAC,,18-04-23
2023,Q3,BAC,,18-07-23
2023,Q4,BAC,,17-10-23
2024,Q1,BAC,,12-01-24
2024,Q2,BAC,,16-04-24
2024,Q3,BAC,,16-07-24
2024,Q4,BAC,,15-10-24
2025,Q1,BAC,,16-01-25
2025,Q2,BAC,,15-04-25
2025,Q3,BAC,,16-07-25
2025,Q4,BAC,,15-10-25
2020,Q1,BBY,"Best Buy Co., Inc.",27-02-20
2020,Q2,BBY,"Best Buy Co., Inc.",21-05-20
2020,Q3,BBY,"Best Buy Co., Inc.",25-08-20
2020,Q4,BBY,"Best Buy Co., Inc.",24-11-20
2021,Q1,BBY,"Best Buy Co., Inc.",25-02-21
2021,Q2,BBY,"Best Buy Co., Inc.",27-05-21
2021,Q3,BBY,"Best Buy Co., Inc.",24-08-21
2021,Q4,BBY,"Best Buy Co., Inc.",23-11-21
2022,Q1,BBY,"Best Buy Co., Inc.",03-03-22
2022,Q2,BBY,"Best Buy Co., Inc.",24-05-22
2022,Q3,BBY,"Best Buy Co., Inc.",30-08-22
2022,Q4,BBY,"Best Buy Co., Inc.",22-11-22
2023,Q1,BBY,"Best Buy Co., Inc.",02-03-23
2023,Q2,BBY,"Best Buy Co., Inc.",25-05-23
2023,Q3,BBY,"Best Buy Co., Inc.",29-08-23
2023,Q4,BBY,"Best Buy Co., Inc.",21-11-23
2024,Q1,BBY,"Best Buy Co., Inc.",29-02-24
2024,Q2,BBY,"Best Buy Co., Inc.",30-05-24
2024,Q3,BBY,"Best Buy Co., Inc.",29-08-24
2024,Q4,BBY,"Best Buy Co., Inc.",26-11-24
2025,Q1,BBY,"Best Buy Co., Inc.",04-03-25
2025,Q2,BBY,"Best Buy Co., Inc.",29-05-25
2025,Q3,BBY,"Best Buy Co., Inc.",28-08-25
2025,Q4,BBY,"Best Buy Co., Inc.",25-11-25
2020,Q1,BDX,"Becton, Dickinson and Co.",06-02-20
2020,Q2,BDX,"Becton, Dickinson and Co.",07-05-20
2020,Q3,BDX,"Becton, Dickinson and Co.",06-08-20
2020,Q4,BDX,"Becton, Dickinson and Co.",05-11-20
2021,Q1,BDX,"Becton, Dickinson and Co.",04-02-21
2021,Q2,BDX,"Becton, Dickinson and Co.",06-05-21
2021,Q3,BDX,"Becton, Dickinson and Co.",05-08-21
2021,Q4,BDX,"Becton, Dickinson and Co.",04-11-21
2022,Q1,BDX,"Becton, Dickinson and Co.",03-02-22
2022,Q2,BDX,"Becton, Dickinson and Co.",05-05-22
2022,Q3,BDX,"Becton, Dickinson and Co.",04-08-22
2022,Q4,BDX,"Becton, Dickinson and Co.",10-11-22
2023,Q1,BDX,"Becton, Dickinson and Co.",02-02-23
2023,Q2,BDX,"Becton, Dickinson and Co.",04-05-23
2023,Q3,BDX,"Becton, Dickinson and Co.",03-08-23
2023,Q4,BDX,"Becton, Dickinson and Co.",09-11-23
2024,Q1,BDX,"Becton, Dickinson and Co.",01-02-24
2024,Q2,BDX,"Becton, Dickinson and Co.",02-05-24
2024,Q3,BDX,"Becton, Dickinson and Co.",01-08-24
2024,Q4,BDX,"Becton, Dickinson and Co.",07-11-24
2025,Q1,BDX,"Becton, Dickinson and Co.",05-02-25
2025,Q2,BDX,"Becton, Dickinson and Co.",01-05-25
2025,Q3,BDX,"Becton, Dickinson and Co.",07-08-25
2025,Q4,BDX,"Becton, Dickinson and Co.",06-11-25
2020,Q1,BIIB,Biogen Inc.,30-01-20
2020,Q2,BIIB,Biogen Inc.,22-04-20
2020,Q3,BIIB,Biogen Inc.,22-07-20
2020,Q4,BIIB,Biogen Inc.,21-10-20
2021,Q1,BIIB,Biogen Inc.,03-02-21
2021,Q2,BIIB,Biogen Inc.,22-04-21
2021,Q3,BIIB,Biogen Inc.,22-07-21
2021,Q4,BIIB,Biogen Inc.,20-10-21
2022,Q1,BIIB,Biogen Inc.,03-02-22
2022,Q2,BIIB,Biogen Inc.,03-05-22
2022,Q3,BIIB,Biogen Inc.,20-07-22
2022,Q4,BIIB,Biogen Inc.,25-10-22
2023,Q1,BIIB,Biogen Inc.,15-02-23
2023,Q2,BIIB,Biogen Inc.,25-04-23
2023,Q3,BIIB,Biogen Inc.,25-07-23
2023,Q4,BIIB,Biogen Inc.,08-11-23
2024,Q1,BIIB,Biogen Inc.,13-02-24
2024,Q2,BIIB,Biogen Inc.,24-04-24
2024,Q3,BIIB,Biogen Inc.,01-08-24
2024,Q4,BIIB,Biogen Inc.,30-10-24
2025,Q1,BIIB,Biogen Inc.,12-02-25
2025,Q2,BIIB,Biogen Inc.,01-05-25
2025,Q3,BIIB,Biogen Inc.,31-07-25
2025,Q4,BIIB,Biogen Inc.,29-10-25
2020,Q1,BK,,16-01-20
2020,Q2,BK,,16-04-20
2020,Q3,BK,,15-07-20
2020,Q4,BK,,16-10-20
2021,Q1,BK,,20-01-21
2021,Q2,BK,,16-04-21
2021,Q3,BK,,15-07-21
2021,Q4,BK,,19-10-21
2022,Q1,BK,,18-01-22
2022,Q2,BK,,18-04-22
2022,Q3,BK,,15-07-22
2022,Q4,BK,,17-10-22
2023,Q1,BK,,13-01-23
2023,Q2,BK,,18-04-23
2023,Q3,BK,,18-07-23
2023,Q4,BK,,17-10-23
2024,Q1,BK,,12-01-24
2024,Q2,BK,,16-04-24
2024,Q3,BK,,12-07-24
2024,Q4,BK,,11-10-24
2025,Q1,BK,,15-01-25
2025,Q2,BK,,11-04-25
2025,Q3,BK,,15-07-25
2025,Q4,BK,,16-10-25
2020,Q1,BKNG,Booking Holdings Inc.,26-02-20
2020,Q2,BKNG,Booking Holdings Inc.,07-05-20
2020,Q3,BKNG,Booking Holdings Inc.,06-08-20
2020,Q4,BKNG,Booking Holdings Inc.,05-11-20
2021,Q1,BKNG,Booking Holdings Inc.,24-02-21
2021,Q2,BKNG,Booking Holdings Inc.,05-05-21
2021,Q3,BKNG,Booking Holdings Inc.,04-08-21
2021,Q4,BKNG,Booking Holdings Inc.,03-11-21
2022,Q1,BKNG,Booking Holdings Inc.,23-02-22
2022,Q2,BKNG,Booking Holdings Inc.,04-05-22
2022,Q3,BKNG,Booking Holdings Inc.,03-08-22
2022,Q4,BKNG,Booking Holdings Inc.,02-11-22
2023,Q1,BKNG,Booking Holdings Inc.,23-02-23
2023,Q2,BKNG,Booking Holdings Inc.,04-05-23
2023,Q3,BKNG,Booking Holdings Inc.,03-08-23
2023,Q4,BKNG,Booking Holdings Inc.,02-11-23
2024,Q1,BKNG,Booking Holdings Inc.,22-02-24
2024,Q2,BKNG,Booking Holdings Inc.,02-05-24
2024,Q3,BKNG,Booking Holdings Inc.,01-08-24
2024,Q4,BKNG,Booking Holdings Inc.,30-10-24
2025,Q1,BKNG,Booking Holdings Inc.,20-02-25
2025,Q2,BKNG,Booking Holdings Inc.,29-04-25
2025,Q3,BKNG,Booking Holdings Inc.,29-07-25
2025,Q4,BKNG,Booking Holdings Inc.,30-10-25
2020,Q1,BKR,Baker Hughes Company,22-01-20
2020,Q2,BKR,Baker Hughes Company,22-04-20
2020,Q3,BKR,Baker Hughes Company,22-07-20
2020,Q4,BKR,Baker Hughes Company,21-10-20
2021,Q1,BKR,Baker Hughes Company,21-01-21
2021,Q2,BKR,Baker Hughes Company,21-04-21
2021,Q3,BKR,Baker Hughes Company,21-07-21
2021,Q4,BKR,Baker Hughes Company,20-10-21
2022,Q1,BKR,Baker Hughes Company,20-01-22
2022,Q2,BKR,Baker Hughes Company,20-04-22
2022,Q3,BKR,Baker Hughes Company,20-07-22
2022,Q4,BKR,Baker Hughes Company,19-10-22
2023,Q1,BKR,Baker Hughes Company,23-01-23
2023,Q2,BKR,Baker Hughes Company,19-04-23
2023,Q3,BKR,Baker Hughes Company,19-07-23
2023,Q4,BKR,Baker Hughes Company,25-10-23
2024,Q1,BKR,Baker Hughes Company,23-01-24
2024,Q2,BKR,Baker Hughes Company,23-04-24
2024,Q3,BKR,Baker Hughes Company,25-07-24
2024,Q4,BKR,Baker Hughes Company,22-10-24
2025,Q1,BKR,Baker Hughes Company,30-01-25
2025,Q2,BKR,Baker Hughes Company,22-04-25
2025,Q3,BKR,Baker Hughes Company,22-07-25
2025,Q4,BKR,Baker Hughes Company,23-10-25
2020,Q1,BLK,,Missing
2020,Q2,BLK,,Missing
2020,Q3,BLK,,Missing
2020,Q4,BLK,,Missing
2021,Q1,BLK,,Missing
2021,Q2,BLK,,Missing
2021,Q3,BLK,,Missing
2021,Q4,BLK,,Missing
2022,Q1,BLK,,Missing
2022,Q2,BLK,,Missing
2022,Q3,BLK,,15-07-22
2022,Q4,BLK,,13-10-22
2023,Q1,BLK,,13-01-23
2023,Q2,BLK,,14-04-23
2023,Q3,BLK,,14-07-23
2023,Q4,BLK,,13-10-23
2024,Q1,BLK,,12-01-24
2024,Q2,BLK,,12-04-24
2024,Q3,BLK,,15-07-24
2024,Q4,BLK,,11-10-24
2025,Q1,BLK,,15-01-25
2025,Q2,BLK,,11-04-25
2025,Q3,BLK,,15-07-25
2025,Q4,BLK,,14-10-25
2020,Q1,BMY,,06-02-20
2020,Q2,BMY,,07-05-20
2020,Q3,BMY,,06-08-20
2020,Q4,BMY,,05-11-20
2021,Q1,BMY,,04-02-21
2021,Q2,BMY,,29-04-21
2021,Q3,BMY,,28-07-21
2021,Q4,BMY,,27-10-21
2022,Q1,BMY,,04-02-22
2022,Q2,BMY,,29-04-22
2022,Q3,BMY,,27-07-22
2022,Q4,BMY,,25-10-22
2023,Q1,BMY,,02-02-23
2023,Q2,BMY,,27-04-23
2023,Q3,BMY,,27-07-23
2023,Q4,BMY,,26-10-23
2024,Q1,BMY,,02-02-24
2024,Q2,BMY,,25-04-24
2024,Q3,BMY,,26-07-24
2024,Q4,BMY,,31-10-24
2025,Q1,BMY,,06-02-25
2025,Q2,BMY,,24-04-25
2025,Q3,BMY,,31-07-25
2025,Q4,BMY,,30-10-25
2020,Q1,BR,,31-01-20
2020,Q2,BR,,08-05-20
2020,Q3,BR,,11-08-20
2020,Q4,BR,,30-10-20
2021,Q1,BR,,02-02-21
2021,Q2,BR,,04-05-21
2021,Q3,BR,,12-08-21
2021,Q4,BR,,03-11-21
2022,Q1,BR,,01-02-22
2022,Q2,BR,,03-05-22
2022,Q3,BR,,12-08-22
2022,Q4,BR,,02-11-22
2023,Q1,BR,,02-02-23
2023,Q2,BR,,02-05-23
2023,Q3,BR,,08-08-23
2023,Q4,BR,,02-11-23
2024,Q1,BR,,01-02-24
2024,Q2,BR,,08-05-24
2024,Q3,BR,,06-08-24
2024,Q4,BR,,05-11-24
2025,Q1,BR,,31-01-25
2025,Q2,BR,,01-05-25
2025,Q3,BR,,05-08-25
2025,Q4,BR,,05-11-25
2020,Q1,BRO,,27-01-20
2020,Q2,BRO,,27-04-20
2020,Q3,BRO,,27-07-20
2020,Q4,BRO,,26-10-20
2021,Q1,BRO,,25-01-21
2021,Q2,BRO,,26-04-21
2021,Q3,BRO,,26-07-21
2021,Q4,BRO,,25-10-21
2022,Q1,BRO,,24-01-22
2022,Q2,BRO,,25-04-22
2022,Q3,BRO,,25-07-22
2022,Q4,BRO,,24-10-22
2023,Q1,BRO,,23-01-23
2023,Q2,BRO,,24-04-23
2023,Q3,BRO,,24-07-23
2023,Q4,BRO,,23-10-23
2024,Q1,BRO,,22-01-24
2024,Q2,BRO,,22-04-24
2024,Q3,BRO,,22-07-24
2024,Q4,BRO,,28-10-24
2025,Q1,BRO,,27-01-25
2025,Q2,BRO,,28-04-25
2025,Q3,BRO,,28-07-25
2025,Q4,BRO,,27-10-25
2020,Q1,BSX,Boston Scientific Corporation,05-02-20
2020,Q2,BSX,Boston Scientific Corporation,29-04-20
2020,Q3,BSX,Boston Scientific Corporation,29-07-20
2020,Q4,BSX,Boston Scientific Corporation,28-10-20
2021,Q1,BSX,Boston Scientific Corporation,03-02-21
2021,Q2,BSX,Boston Scientific Corporation,28-04-21
2021,Q3,BSX,Boston Scientific Corporation,27-07-21
2021,Q4,BSX,Boston Scientific Corporation,27-10-21
2022,Q1,BSX,Boston Scientific Corporation,02-02-22
2022,Q2,BSX,Boston Scientific Corporation,27-04-22
2022,Q3,BSX,Boston Scientific Corporation,27-07-22
2022,Q4,BSX,Boston Scientific Corporation,26-10-22
2023,Q1,BSX,Boston Scientific Corporation,01-02-23
2023,Q2,BSX,Boston Scientific Corporation,26-04-23
2023,Q3,BSX,Boston Scientific Corporation,27-07-23
2023,Q4,BSX,Boston Scientific Corporation,26-10-23
2024,Q1,BSX,Boston Scientific Corporation,31-01-24
2024,Q2,BSX,Boston Scientific Corporation,24-04-24
2024,Q3,BSX,Boston Scientific Corporation,24-07-24
2024,Q4,BSX,Boston Scientific Corporation,23-10-24
2025,Q1,BSX,Boston Scientific Corporation,05-02-25
2025,Q2,BSX,Boston Scientific Corporation,23-04-25
2025,Q3,BSX,Boston Scientific Corporation,23-07-25
2025,Q4,BSX,Boston Scientific Corporation,22-10-25
2020,Q1,BWA,BorgWarner Inc.,13-02-20
2020,Q2,BWA,BorgWarner Inc.,06-05-20
2020,Q3,BWA,BorgWarner Inc.,05-08-20
2020,Q4,BWA,BorgWarner Inc.,29-10-20
2021,Q1,BWA,BorgWarner Inc.,11-02-21
2021,Q2,BWA,BorgWarner Inc.,05-05-21
2021,Q3,BWA,BorgWarner Inc.,04-08-21
2021,Q4,BWA,BorgWarner Inc.,03-11-21
2022,Q1,BWA,BorgWarner Inc.,15-02-22
2022,Q2,BWA,BorgWarner Inc.,04-05-22
2022,Q3,BWA,BorgWarner Inc.,03-08-22
2022,Q4,BWA,BorgWarner Inc.,27-10-22
2023,Q1,BWA,BorgWarner Inc.,09-02-23
2023,Q2,BWA,BorgWarner Inc.,04-05-23
2023,Q3,BWA,BorgWarner Inc.,02-08-23
2023,Q4,BWA,BorgWarner Inc.,02-11-23
2024,Q1,BWA,BorgWarner Inc.,08-02-24
2024,Q2,BWA,BorgWarner Inc.,02-05-24
2024,Q3,BWA,BorgWarner Inc.,31-07-24
2024,Q4,BWA,BorgWarner Inc.,31-10-24
2025,Q1,BWA,BorgWarner Inc.,06-02-25
2025,Q2,BWA,BorgWarner Inc.,07-05-25
2025,Q3,BWA,BorgWarner Inc.,31-07-25
2025,Q4,BWA,BorgWarner Inc.,30-10-25
2020,Q1,BXP,"Boston Properties, Inc.",28-01-20
2020,Q2,BXP,"Boston Properties, Inc.",28-04-20
2020,Q3,BXP,"Boston Properties, Inc.",28-07-20
2020,Q4,BXP,"Boston Properties, Inc.",27-10-20
2021,Q1,BXP,"Boston Properties, Inc.",26-01-21
2021,Q2,BXP,"Boston Properties, Inc.",27-04-21
2021,Q3,BXP,"Boston Properties, Inc.",27-07-21
2021,Q4,BXP,"Boston Properties, Inc.",26-10-21
2022,Q1,BXP,"Boston Properties, Inc.",25-01-22
2022,Q2,BXP,"Boston Properties, Inc.",02-05-22
2022,Q3,BXP,"Boston Properties, Inc.",26-07-22
2022,Q4,BXP,"Boston Properties, Inc.",25-10-22
2023,Q1,BXP,"Boston Properties, Inc.",31-01-23
2023,Q2,BXP,"Boston Properties, Inc.",25-04-23
2023,Q3,BXP,"Boston Properties, Inc.",01-08-23
2023,Q4,BXP,"Boston Properties, Inc.",01-11-23
2024,Q1,BXP,"Boston Properties, Inc.",30-01-24
2024,Q2,BXP,"Boston Properties, Inc.",30-04-24
2024,Q3,BXP,"Boston Properties, Inc.",30-07-24
2024,Q4,BXP,"Boston Properties, Inc.",29-10-24
2025,Q1,BXP,"Boston Properties, Inc.",28-01-25
2025,Q2,BXP,"Boston Properties, Inc.",29-04-25
2025,Q3,BXP,"Boston Properties, Inc.",29-07-25
2025,Q4,BXP,"Boston Properties, Inc.",28-10-25
2020,Q1,C,Citigroup Inc.,14-01-20
2020,Q2,C,Citigroup Inc.,15-04-20
2020,Q3,C,Citigroup Inc.,14-07-20
2020,Q4,C,Citigroup Inc.,13-10-20
2021,Q1,C,Citigroup Inc.,15-01-21
2021,Q2,C,Citigroup Inc.,15-04-21
2021,Q3,C,Citigroup Inc.,14-07-21
2021,Q4,C,Citigroup Inc.,14-10-21
2022,Q1,C,Citigroup Inc.,14-01-22
2022,Q2,C,Citigroup Inc.,14-04-22
2022,Q3,C,Citigroup Inc.,15-07-22
2022,Q4,C,Citigroup Inc.,14-10-22
2023,Q1,C,Citigroup Inc.,13-01-23
2023,Q2,C,Citigroup Inc.,14-04-23
2023,Q3,C,Citigroup Inc.,14-07-23
2023,Q4,C,Citigroup Inc.,12-10-23
2024,Q1,C,Citigroup Inc.,12-01-24
2024,Q2,C,Citigroup Inc.,12-04-24
2024,Q3,C,Citigroup Inc.,12-07-24
2024,Q4,C,Citigroup Inc.,15-10-24
2025,Q1,C,Citigroup Inc.,15-01-25
2025,Q2,C,Citigroup Inc.,15-04-25
2025,Q3,C,Citigroup Inc.,15-07-25
2025,Q4,C,Citigroup Inc.,14-10-25
2020,Q1,CAG,,31-03-20
2020,Q2,CAG,,30-06-20
2020,Q3,CAG,,Missing
2020,Q4,CAG,,01-10-20
2021,Q1,CAG,,07-01-21
2021,Q2,CAG,,08-04-21
2021,Q3,CAG,,13-07-21
2021,Q4,CAG,,07-10-21
2022,Q1,CAG,,06-01-22
2022,Q2,CAG,,07-04-22
2022,Q3,CAG,,14-07-22
2022,Q4,CAG,,06-10-22
2023,Q1,CAG,,05-01-23
2023,Q2,CAG,,05-04-23
2023,Q3,CAG,,13-07-23
2023,Q4,CAG,,05-10-23
2024,Q1,CAG,,04-01-24
2024,Q2,CAG,,04-04-24
2024,Q3,CAG,,11-07-24
2024,Q4,CAG,,19-12-24
2025,Q1,CAG,,Missing
2025,Q2,CAG,,03-04-25
2025,Q3,CAG,,10-07-25
2025,Q4,CAG,,01-10-25
2020,Q1,CAT,,31-01-20
2020,Q2,CAT,,28-04-20
2020,Q3,CAT,,31-07-20
2020,Q4,CAT,,27-10-20
2021,Q1,CAT,,29-01-21
2021,Q2,CAT,,29-04-21
2021,Q3,CAT,,30-07-21
2021,Q4,CAT,,28-10-21
2022,Q1,CAT,,28-01-22
2022,Q2,CAT,,28-04-22
2022,Q3,CAT,,02-08-22
2022,Q4,CAT,,27-10-22
2023,Q1,CAT,,31-01-23
2023,Q2,CAT,,27-04-23
2023,Q3,CAT,,01-08-23
2023,Q4,CAT,,31-10-23
2024,Q1,CAT,,05-02-24
2024,Q2,CAT,,25-04-24
2024,Q3,CAT,,06-08-24
2024,Q4,CAT,,30-10-24
2025,Q1,CAT,,30-01-25
2025,Q2,CAT,,30-04-25
2025,Q3,CAT,,05-08-25
2025,Q4,CAT,,29-10-25
2020,Q1,CB,,04-02-20
2020,Q2,CB,,21-04-20
2020,Q3,CB,,28-07-20
2020,Q4,CB,,27-10-20
2021,Q1,CB,,02-02-21
2021,Q2,CB,,27-04-21
2021,Q3,CB,,27-07-21
2021,Q4,CB,,26-10-21
2022,Q1,CB,,01-02-22
2022,Q2,CB,,26-04-22
2022,Q3,CB,,26-07-22
2022,Q4,CB,,25-10-22
2023,Q1,CB,,31-01-23
2023,Q2,CB,,25-04-23
2023,Q3,CB,,25-07-23
2023,Q4,CB,,24-10-23
2024,Q1,CB,,30-01-24
2024,Q2,CB,,23-04-24
2024,Q3,CB,,23-07-24
2024,Q4,CB,,29-10-24
2025,Q1,CB,,28-01-25
2025,Q2,CB,,22-04-25
2025,Q3,CB,,22-07-25
2025,Q4,CB,,28-10-25
2020,Q1,CBOE,,07-02-20
2020,Q2,CBOE,,01-05-20
2020,Q3,CBOE,,31-07-20
2020,Q4,CBOE,,30-10-20
2021,Q1,CBOE,,05-02-21
2021,Q2,CBOE,,30-04-21
2021,Q3,CBOE,,30-07-21
2021,Q4,CBOE,,29-10-21
2022,Q1,CBOE,,04-02-22
2022,Q2,CBOE,,29-04-22
2022,Q3,CBOE,,29-07-22
2022,Q4,CBOE,,04-11-22
2023,Q1,CBOE,,03-02-23
2023,Q2,CBOE,,05-05-23
2023,Q3,CBOE,,04-08-23
2023,Q4,CBOE,,03-11-23
2024,Q1,CBOE,,02-02-24
2024,Q2,CBOE,,03-05-24
2024,Q3,CBOE,,02-08-24
2024,Q4,CBOE,,01-11-24
2025,Q1,CBOE,,07-02-25
2025,Q2,CBOE,,02-05-25
2025,Q3,CBOE,,01-08-25
2025,Q4,CBOE,,31-10-25
2020,Q1,CBRE,,27-02-20
2020,Q2,CBRE,,07-05-20
2020,Q3,CBRE,,31-07-20
2020,Q4,CBRE,,29-10-20
2021,Q1,CBRE,,23-02-21
2021,Q2,CBRE,,29-04-21
2021,Q3,CBRE,,29-07-21
2021,Q4,CBRE,,28-10-21
2022,Q1,CBRE,,24-02-22
2022,Q2,CBRE,,05-05-22
2022,Q3,CBRE,,04-08-22
2022,Q4,CBRE,,27-10-22
2023,Q1,CBRE,,23-02-23
2023,Q2,CBRE,,27-04-23
2023,Q3,CBRE,,27-07-23
2023,Q4,CBRE,,27-10-23
2024,Q1,CBRE,,15-02-24
2024,Q2,CBRE,,03-05-24
2024,Q3,CBRE,,25-07-24
2024,Q4,CBRE,,24-10-24
2025,Q1,CBRE,,13-02-25
2025,Q2,CBRE,,24-04-25
2025,Q3,CBRE,,29-07-25
2025,Q4,CBRE,,23-10-25
2020,Q1,CCI,Crown Castle International Corp.,26-02-20
2020,Q2,CCI,Crown Castle International Corp.,29-04-20
2020,Q3,CCI,Crown Castle International Corp.,29-07-20
2020,Q4,CCI,Crown Castle International Corp.,21-10-20
2021,Q1,CCI,Crown Castle International Corp.,27-01-21
2021,Q2,CCI,Crown Castle International Corp.,21-04-21
2021,Q3,CCI,Crown Castle International Corp.,21-07-21
2021,Q4,CCI,Crown Castle International Corp.,20-10-21
2022,Q1,CCI,Crown Castle International Corp.,26-01-22
2022,Q2,CCI,Crown Castle International Corp.,20-04-22
2022,Q3,CCI,Crown Castle International Corp.,20-07-22
2022,Q4,CCI,Crown Castle International Corp.,19-10-22
2023,Q1,CCI,Crown Castle International Corp.,25-01-23
2023,Q2,CCI,Crown Castle International Corp.,19-04-23
2023,Q3,CCI,Crown Castle International Corp.,19-07-23
2023,Q4,CCI,Crown Castle International Corp.,18-10-23
2024,Q1,CCI,Crown Castle International Corp.,24-01-24
2024,Q2,CCI,Crown Castle International Corp.,17-04-24
2024,Q3,CCI,Crown Castle International Corp.,17-07-24
2024,Q4,CCI,Crown Castle International Corp.,16-10-24
2025,Q1,CCI,Crown Castle International Corp.,13-03-25
2025,Q2,CCI,Crown Castle International Corp.,30-04-25
2025,Q3,CCI,Crown Castle International Corp.,23-07-25
2025,Q4,CCI,Crown Castle International Corp.,22-10-25
2020,Q1,CCL,,20-03-20
2020,Q2,CCL,,18-06-20
2020,Q3,CCL,,Missing
2020,Q4,CCL,,08-10-20
2021,Q1,CCL,,26-01-21
2021,Q2,CCL,,28-06-21
2021,Q3,CCL,,30-09-21
2021,Q4,CCL,,20-12-21
2022,Q1,CCL,,22-03-22
2022,Q2,CCL,,24-06-22
2022,Q3,CCL,,30-09-22
2022,Q4,CCL,,21-12-22
2023,Q1,CCL,,27-03-23
2023,Q2,CCL,,26-06-23
2023,Q3,CCL,,29-09-23
2023,Q4,CCL,,21-12-23
2024,Q1,CCL,,27-03-24
2024,Q2,CCL,,25-06-24
2024,Q3,CCL,,30-09-24
2024,Q4,CCL,,20-12-24
2025,Q1,CCL,,21-03-25
2025,Q2,CCL,,24-06-25
2025,Q3,CCL,,29-09-25
2025,Q4,CCL,,Missing
2020,Q1,CDAY,Ceridian HCM Holding Inc.,Missing
2020,Q2,CDAY,Ceridian HCM Holding Inc.,Missing
2020,Q3,CDAY,Ceridian HCM Holding Inc.,Missing
2020,Q4,CDAY,Ceridian HCM Holding Inc.,Missing
2021,Q1,CDAY,Ceridian HCM Holding Inc.,Missing
2021,Q2,CDAY,Ceridian HCM Holding Inc.,Missing
2021,Q3,CDAY,Ceridian HCM Holding Inc.,Missing
2021,Q4,CDAY,Ceridian HCM Holding Inc.,Missing
2022,Q1,CDAY,Ceridian HCM Holding Inc.,Missing
2022,Q2,CDAY,Ceridian HCM Holding Inc.,Missing
2022,Q3,CDAY,Ceridian HCM Holding Inc.,Missing
2022,Q4,CDAY,Ceridian HCM Holding Inc.,Missing
2023,Q1,CDAY,Ceridian HCM Holding Inc.,Missing
2023,Q2,CDAY,Ceridian HCM Holding Inc.,Missing
2023,Q3,CDAY,Ceridian HCM Holding Inc.,Missing
2023,Q4,CDAY,Ceridian HCM Holding Inc.,Missing
2024,Q1,CDAY,Ceridian HCM Holding Inc.,Missing
2024,Q2,CDAY,Ceridian HCM Holding Inc.,Missing
2024,Q3,CDAY,Ceridian HCM Holding Inc.,Missing
2024,Q4,CDAY,Ceridian HCM Holding Inc.,Missing
2025,Q1,CDAY,Ceridian HCM Holding Inc.,Missing
2025,Q2,CDAY,Ceridian HCM Holding Inc.,Missing
2025,Q3,CDAY,Ceridian HCM Holding Inc.,Missing
2025,Q4,CDAY,Ceridian HCM Holding Inc.,Missing
2020,Q1,CDNS,"Cadence Design Systems, Inc.",12-02-20
2020,Q2,CDNS,"Cadence Design Systems, Inc.",20-04-20
2020,Q3,CDNS,"Cadence Design Systems, Inc.",20-07-20
2020,Q4,CDNS,"Cadence Design Systems, Inc.",19-10-20
2021,Q1,CDNS,"Cadence Design Systems, Inc.",22-02-21
2021,Q2,CDNS,"Cadence Design Systems, Inc.",26-04-21
2021,Q3,CDNS,"Cadence Design Systems, Inc.",26-07-21
2021,Q4,CDNS,"Cadence Design Systems, Inc.",25-10-21
2022,Q1,CDNS,"Cadence Design Systems, Inc.",22-02-22
2022,Q2,CDNS,"Cadence Design Systems, Inc.",25-04-22
2022,Q3,CDNS,"Cadence Design Systems, Inc.",25-07-22
2022,Q4,CDNS,"Cadence Design Systems, Inc.",24-10-22
2023,Q1,CDNS,"Cadence Design Systems, Inc.",13-02-23
2023,Q2,CDNS,"Cadence Design Systems, Inc.",24-04-23
2023,Q3,CDNS,"Cadence Design Systems, Inc.",24-07-23
2023,Q4,CDNS,"Cadence Design Systems, Inc.",23-10-23
2024,Q1,CDNS,"Cadence Design Systems, Inc.",12-02-24
2024,Q2,CDNS,"Cadence Design Systems, Inc.",22-04-24
2024,Q3,CDNS,"Cadence Design Systems, Inc.",22-07-24
2024,Q4,CDNS,"Cadence Design Systems, Inc.",28-10-24
2025,Q1,CDNS,"Cadence Design Systems, Inc.",18-02-25
2025,Q2,CDNS,"Cadence Design Systems, Inc.",28-04-25
2025,Q3,CDNS,"Cadence Design Systems, Inc.",28-07-25
2025,Q4,CDNS,"Cadence Design Systems, Inc.",27-10-25
2020,Q1,CDW,CDW Corporation,06-02-20
2020,Q2,CDW,CDW Corporation,06-05-20
2020,Q3,CDW,CDW Corporation,05-08-20
2020,Q4,CDW,CDW Corporation,02-11-20
2021,Q1,CDW,CDW Corporation,10-02-21
2021,Q2,CDW,CDW Corporation,05-05-21
2021,Q3,CDW,CDW Corporation,04-08-21
2021,Q4,CDW,CDW Corporation,03-11-21
2022,Q1,CDW,CDW Corporation,09-02-22
2022,Q2,CDW,CDW Corporation,04-05-22
2022,Q3,CDW,CDW Corporation,03-08-22
2022,Q4,CDW,CDW Corporation,02-11-22
2023,Q1,CDW,CDW Corporation,08-02-23
2023,Q2,CDW,CDW Corporation,03-05-23
2023,Q3,CDW,CDW Corporation,02-08-23
2023,Q4,CDW,CDW Corporation,01-11-23
2024,Q1,CDW,CDW Corporation,07-02-24
2024,Q2,CDW,CDW Corporation,01-05-24
2024,Q3,CDW,CDW Corporation,31-07-24
2024,Q4,CDW,CDW Corporation,30-10-24
2025,Q1,CDW,CDW Corporation,05-02-25
2025,Q2,CDW,CDW Corporation,07-05-25
2025,Q3,CDW,CDW Corporation,06-08-25
2025,Q4,CDW,CDW Corporation,05-11-25
2020,Q1,CE,Celanese Corporation,30-01-20
2020,Q2,CE,Celanese Corporation,27-04-20
2020,Q3,CE,Celanese Corporation,28-07-20
2020,Q4,CE,Celanese Corporation,25-10-20
2021,Q1,CE,Celanese Corporation,28-01-21
2021,Q2,CE,Celanese Corporation,22-04-21
2021,Q3,CE,Celanese Corporation,22-07-21
2021,Q4,CE,Celanese Corporation,21-10-21
2022,Q1,CE,Celanese Corporation,27-01-22
2022,Q2,CE,Celanese Corporation,28-04-22
2022,Q3,CE,Celanese Corporation,28-07-22
2022,Q4,CE,Celanese Corporation,03-11-22
2023,Q1,CE,Celanese Corporation,23-02-23
2023,Q2,CE,Celanese Corporation,09-05-23
2023,Q3,CE,Celanese Corporation,07-08-23
2023,Q4,CE,Celanese Corporation,06-11-23
2024,Q1,CE,Celanese Corporation,20-02-24
2024,Q2,CE,Celanese Corporation,08-05-24
2024,Q3,CE,Celanese Corporation,01-08-24
2024,Q4,CE,Celanese Corporation,04-11-24
2025,Q1,CE,Celanese Corporation,18-02-25
2025,Q2,CE,Celanese Corporation,05-05-25
2025,Q3,CE,Celanese Corporation,11-08-25
2025,Q4,CE,Celanese Corporation,03-11-25
2020,Q1,CF,"CF Industries Holdings, Inc.",12-02-20
2020,Q2,CF,"CF Industries Holdings, Inc.",06-05-20
2020,Q3,CF,"CF Industries Holdings, Inc.",05-08-20
2020,Q4,CF,"CF Industries Holdings, Inc.",04-11-20
2021,Q1,CF,"CF Industries Holdings, Inc.",17-02-21
2021,Q2,CF,"CF Industries Holdings, Inc.",05-05-21
2021,Q3,CF,"CF Industries Holdings, Inc.",09-08-21
2021,Q4,CF,"CF Industries Holdings, Inc.",03-11-21
2022,Q1,CF,"CF Industries Holdings, Inc.",15-02-22
2022,Q2,CF,"CF Industries Holdings, Inc.",04-05-22
2022,Q3,CF,"CF Industries Holdings, Inc.",01-08-22
2022,Q4,CF,"CF Industries Holdings, Inc.",02-11-22
2023,Q1,CF,"CF Industries Holdings, Inc.",15-02-23
2023,Q2,CF,"CF Industries Holdings, Inc.",01-05-23
2023,Q3,CF,"CF Industries Holdings, Inc.",02-08-23
2023,Q4,CF,"CF Industries Holdings, Inc.",01-11-23
2024,Q1,CF,"CF Industries Holdings, Inc.",14-02-24
2024,Q2,CF,"CF Industries Holdings, Inc.",01-05-24
2024,Q3,CF,"CF Industries Holdings, Inc.",07-08-24
2024,Q4,CF,"CF Industries Holdings, Inc.",30-10-24
2025,Q1,CF,"CF Industries Holdings, Inc.",19-02-25
2025,Q2,CF,"CF Industries Holdings, Inc.",07-05-25
2025,Q3,CF,"CF Industries Holdings, Inc.",06-08-25
2025,Q4,CF,"CF Industries Holdings, Inc.",05-11-25
2020,Q1,CFG,"Citizens Financial Group, Inc.",17-01-20
2020,Q2,CFG,"Citizens Financial Group, Inc.",17-04-20
2020,Q3,CFG,"Citizens Financial Group, Inc.",17-07-20
2020,Q4,CFG,"Citizens Financial Group, Inc.",16-10-20
2021,Q1,CFG,"Citizens Financial Group, Inc.",20-01-21
2021,Q2,CFG,"Citizens Financial Group, Inc.",16-04-21
2021,Q3,CFG,"Citizens Financial Group, Inc.",20-07-21
2021,Q4,CFG,"Citizens Financial Group, Inc.",20-10-21
2022,Q1,CFG,"Citizens Financial Group, Inc.",19-01-22
2022,Q2,CFG,"Citizens Financial Group, Inc.",19-04-22
2022,Q3,CFG,"Citizens Financial Group, Inc.",19-07-22
2022,Q4,CFG,"Citizens Financial Group, Inc.",19-10-22
2023,Q1,CFG,"Citizens Financial Group, Inc.",17-01-23
2023,Q2,CFG,"Citizens Financial Group, Inc.",19-04-23
2023,Q3,CFG,"Citizens Financial Group, Inc.",19-07-23
2023,Q4,CFG,"Citizens Financial Group, Inc.",18-10-23
2024,Q1,CFG,"Citizens Financial Group, Inc.",17-01-24
2024,Q2,CFG,"Citizens Financial Group, Inc.",17-04-24
2024,Q3,CFG,"Citizens Financial Group, Inc.",17-07-24
2024,Q4,CFG,"Citizens Financial Group, Inc.",16-10-24
2025,Q1,CFG,"Citizens Financial Group, Inc.",17-01-25
2025,Q2,CFG,"Citizens Financial Group, Inc.",16-04-25
2025,Q3,CFG,"Citizens Financial Group, Inc.",17-07-25
2025,Q4,CFG,"Citizens Financial Group, Inc.",15-10-25
2020,Q1,CHRW,,28-01-20
2020,Q2,CHRW,,28-04-20
2020,Q3,CHRW,,28-07-20
2020,Q4,CHRW,,27-10-20
2021,Q1,CHRW,,26-01-21
2021,Q2,CHRW,,27-04-21
2021,Q3,CHRW,,27-07-21
2021,Q4,CHRW,,26-10-21
2022,Q1,CHRW,,02-02-22
2022,Q2,CHRW,,27-04-22
2022,Q3,CHRW,,27-07-22
2022,Q4,CHRW,,02-11-22
2023,Q1,CHRW,,01-02-23
2023,Q2,CHRW,,26-04-23
2023,Q3,CHRW,,02-08-23
2023,Q4,CHRW,,01-11-23
2024,Q1,CHRW,,31-01-24
2024,Q2,CHRW,,01-05-24
2024,Q3,CHRW,,31-07-24
2024,Q4,CHRW,,30-10-24
2025,Q1,CHRW,,29-01-25
2025,Q2,CHRW,,30-04-25
2025,Q3,CHRW,,30-07-25
2025,Q4,CHRW,,29-10-25
2020,Q1,CHTR,"Charter Communications, Inc.",31-01-20
2020,Q2,CHTR,"Charter Communications, Inc.",01-05-20
2020,Q3,CHTR,"Charter Communications, Inc.",31-07-20
2020,Q4,CHTR,"Charter Communications, Inc.",30-10-20
2021,Q1,CHTR,"Charter Communications, Inc.",29-01-21
2021,Q2,CHTR,"Charter Communications, Inc.",30-04-21
2021,Q3,CHTR,"Charter Communications, Inc.",30-07-21
2021,Q4,CHTR,"Charter Communications, Inc.",29-10-21
2022,Q1,CHTR,"Charter Communications, Inc.",28-01-22
2022,Q2,CHTR,"Charter Communications, Inc.",29-04-22
2022,Q3,CHTR,"Charter Communications, Inc.",29-07-22
2022,Q4,CHTR,"Charter Communications, Inc.",28-10-22
2023,Q1,CHTR,"Charter Communications, Inc.",27-01-23
2023,Q2,CHTR,"Charter Communications, Inc.",28-04-23
2023,Q3,CHTR,"Charter Communications, Inc.",28-07-23
2023,Q4,CHTR,"Charter Communications, Inc.",27-10-23
2024,Q1,CHTR,"Charter Communications, Inc.",02-02-24
2024,Q2,CHTR,"Charter Communications, Inc.",26-04-24
2024,Q3,CHTR,"Charter Communications, Inc.",26-07-24
2024,Q4,CHTR,"Charter Communications, Inc.",01-11-24
2025,Q1,CHTR,"Charter Communications, Inc.",31-01-25
2025,Q2,CHTR,"Charter Communications, Inc.",25-04-25
2025,Q3,CHTR,"Charter Communications, Inc.",25-07-25
2025,Q4,CHTR,"Charter Communications, Inc.",31-10-25
2020,Q1,CI,,06-02-20
2020,Q2,CI,,30-04-20
2020,Q3,CI,,30-07-20
2020,Q4,CI,,05-11-20
2021,Q1,CI,,04-02-21
2021,Q2,CI,,07-05-21
2021,Q3,CI,,05-08-21
2021,Q4,CI,,04-11-21
2022,Q1,CI,,03-02-22
2022,Q2,CI,,06-05-22
2022,Q3,CI,,04-08-22
2022,Q4,CI,,03-11-22
2023,Q1,CI,,03-02-23
2023,Q2,CI,,05-05-23
2023,Q3,CI,,03-08-23
2023,Q4,CI,,02-11-23
2024,Q1,CI,,02-02-24
2024,Q2,CI,,02-05-24
2024,Q3,CI,,01-08-24
2024,Q4,CI,,31-10-24
2025,Q1,CI,,30-01-25
2025,Q2,CI,,02-05-25
2025,Q3,CI,,31-07-25
2025,Q4,CI,,30-10-25
2020,Q1,CL,,31-01-20
2020,Q2,CL,,01-05-20
2020,Q3,CL,,31-07-20
2020,Q4,CL,,30-10-20
2021,Q1,CL,,29-01-21
2021,Q2,CL,,30-04-21
2021,Q3,CL,,30-07-21
2021,Q4,CL,,29-10-21
2022,Q1,CL,,28-01-22
2022,Q2,CL,,29-04-22
2022,Q3,CL,,29-07-22
2022,Q4,CL,,28-10-22
2023,Q1,CL,,27-01-23
2023,Q2,CL,,28-04-23
2023,Q3,CL,,28-07-23
2023,Q4,CL,,27-10-23
2024,Q1,CL,,26-01-24
2024,Q2,CL,,26-04-24
2024,Q3,CL,,26-07-24
2024,Q4,CL,,25-10-24
2025,Q1,CL,,31-01-25
2025,Q2,CL,,25-04-25
2025,Q3,CL,,01-08-25
2025,Q4,CL,,31-10-25
2020,Q1,CMA,Comerica Incorporated,21-01-20
2020,Q2,CMA,Comerica Incorporated,21-04-20
2020,Q3,CMA,Comerica Incorporated,21-07-20
2020,Q4,CMA,Comerica Incorporated,20-10-20
2021,Q1,CMA,Comerica Incorporated,19-01-21
2021,Q2,CMA,Comerica Incorporated,20-04-21
2021,Q3,CMA,Comerica Incorporated,21-07-21
2021,Q4,CMA,Comerica Incorporated,20-10-21
2022,Q1,CMA,Comerica Incorporated,19-01-22
2022,Q2,CMA,Comerica Incorporated,20-04-22
2022,Q3,CMA,Comerica Incorporated,20-07-22
2022,Q4,CMA,Comerica Incorporated,19-10-22
2023,Q1,CMA,Comerica Incorporated,19-01-23
2023,Q2,CMA,Comerica Incorporated,20-04-23
2023,Q3,CMA,Comerica Incorporated,21-07-23
2023,Q4,CMA,Comerica Incorporated,20-10-23
2024,Q1,CMA,Comerica Incorporated,19-01-24
2024,Q2,CMA,Comerica Incorporated,18-04-24
2024,Q3,CMA,Comerica Incorporated,19-07-24
2024,Q4,CMA,Comerica Incorporated,18-10-24
2025,Q1,CMA,Comerica Incorporated,22-01-25
2025,Q2,CMA,Comerica Incorporated,21-04-25
2025,Q3,CMA,Comerica Incorporated,18-07-25
2025,Q4,CMA,Comerica Incorporated,17-10-25
2020,Q1,CMCSA,Comcast Corporation,23-01-20
2020,Q2,CMCSA,Comcast Corporation,30-04-20
2020,Q3,CMCSA,Comcast Corporation,30-07-20
2020,Q4,CMCSA,Comcast Corporation,29-10-20
2021,Q1,CMCSA,Comcast Corporation,28-01-21
2021,Q2,CMCSA,Comcast Corporation,29-04-21
2021,Q3,CMCSA,Comcast Corporation,29-07-21
2021,Q4,CMCSA,Comcast Corporation,28-10-21
2022,Q1,CMCSA,Comcast Corporation,27-01-22
2022,Q2,CMCSA,Comcast Corporation,28-04-22
2022,Q3,CMCSA,Comcast Corporation,28-07-22
2022,Q4,CMCSA,Comcast Corporation,27-10-22
2023,Q1,CMCSA,Comcast Corporation,26-01-23
2023,Q2,CMCSA,Comcast Corporation,27-04-23
2023,Q3,CMCSA,Comcast Corporation,27-07-23
2023,Q4,CMCSA,Comcast Corporation,26-10-23
2024,Q1,CMCSA,Comcast Corporation,25-01-24
2024,Q2,CMCSA,Comcast Corporation,25-04-24
2024,Q3,CMCSA,Comcast Corporation,23-07-24
2024,Q4,CMCSA,Comcast Corporation,31-10-24
2025,Q1,CMCSA,Comcast Corporation,30-01-25
2025,Q2,CMCSA,Comcast Corporation,24-04-25
2025,Q3,CMCSA,Comcast Corporation,31-07-25
2025,Q4,CMCSA,Comcast Corporation,30-10-25
2020,Q1,CME,CME Group Inc.,12-02-20
2020,Q2,CME,CME Group Inc.,29-04-20
2020,Q3,CME,CME Group Inc.,29-07-20
2020,Q4,CME,CME Group Inc.,28-10-20
2021,Q1,CME,CME Group Inc.,10-02-21
2021,Q2,CME,CME Group Inc.,28-04-21
2021,Q3,CME,CME Group Inc.,28-07-21
2021,Q4,CME,CME Group Inc.,27-10-21
2022,Q1,CME,CME Group Inc.,09-02-22
2022,Q2,CME,CME Group Inc.,27-04-22
2022,Q3,CME,CME Group Inc.,27-07-22
2022,Q4,CME,CME Group Inc.,26-10-22
2023,Q1,CME,CME Group Inc.,08-02-23
2023,Q2,CME,CME Group Inc.,26-04-23
2023,Q3,CME,CME Group Inc.,26-07-23
2023,Q4,CME,CME Group Inc.,25-10-23
2024,Q1,CME,CME Group Inc.,14-02-24
2024,Q2,CME,CME Group Inc.,24-04-24
2024,Q3,CME,CME Group Inc.,24-07-24
2024,Q4,CME,CME Group Inc.,23-10-24
2025,Q1,CME,CME Group Inc.,12-02-25
2025,Q2,CME,CME Group Inc.,23-04-25
2025,Q3,CME,CME Group Inc.,23-07-25
2025,Q4,CME,CME Group Inc.,22-10-25
2020,Q1,CMG,"Chipotle Mexican Grill, Inc.",04-02-20
2020,Q2,CMG,"Chipotle Mexican Grill, Inc.",21-04-20
2020,Q3,CMG,"Chipotle Mexican Grill, Inc.",22-07-20
2020,Q4,CMG,"Chipotle Mexican Grill, Inc.",21-10-20
2021,Q1,CMG,"Chipotle Mexican Grill, Inc.",02-02-21
2021,Q2,CMG,"Chipotle Mexican Grill, Inc.",21-04-21
2021,Q3,CMG,"Chipotle Mexican Grill, Inc.",20-07-21
2021,Q4,CMG,"Chipotle Mexican Grill, Inc.",21-10-21
2022,Q1,CMG,"Chipotle Mexican Grill, Inc.",08-02-22
2022,Q2,CMG,"Chipotle Mexican Grill, Inc.",26-04-22
2022,Q3,CMG,"Chipotle Mexican Grill, Inc.",26-07-22
2022,Q4,CMG,"Chipotle Mexican Grill, Inc.",25-10-22
2023,Q1,CMG,"Chipotle Mexican Grill, Inc.",07-02-23
2023,Q2,CMG,"Chipotle Mexican Grill, Inc.",25-04-23
2023,Q3,CMG,"Chipotle Mexican Grill, Inc.",26-07-23
2023,Q4,CMG,"Chipotle Mexican Grill, Inc.",26-10-23
2024,Q1,CMG,"Chipotle Mexican Grill, Inc.",06-02-24
2024,Q2,CMG,"Chipotle Mexican Grill, Inc.",24-04-24
2024,Q3,CMG,"Chipotle Mexican Grill, Inc.",24-07-24
2024,Q4,CMG,"Chipotle Mexican Grill, Inc.",29-10-24
2025,Q1,CMG,"Chipotle Mexican Grill, Inc.",04-02-25
2025,Q2,CMG,"Chipotle Mexican Grill, Inc.",23-04-25
2025,Q3,CMG,"Chipotle Mexican Grill, Inc.",23-07-25
2025,Q4,CMG,"Chipotle Mexican Grill, Inc.",29-10-25
2020,Q1,CMI,Cummins Inc.,04-02-20
2020,Q2,CMI,Cummins Inc.,28-04-20
2020,Q3,CMI,Cummins Inc.,28-07-20
2020,Q4,CMI,Cummins Inc.,27-10-20
2021,Q1,CMI,Cummins Inc.,04-02-21
2021,Q2,CMI,Cummins Inc.,04-05-21
2021,Q3,CMI,Cummins Inc.,03-08-21
2021,Q4,CMI,Cummins Inc.,02-11-21
2022,Q1,CMI,Cummins Inc.,03-02-22
2022,Q2,CMI,Cummins Inc.,03-05-22
2022,Q3,CMI,Cummins Inc.,02-08-22
2022,Q4,CMI,Cummins Inc.,03-11-22
2023,Q1,CMI,Cummins Inc.,06-02-23
2023,Q2,CMI,Cummins Inc.,02-05-23
2023,Q3,CMI,Cummins Inc.,03-08-23
2023,Q4,CMI,Cummins Inc.,02-11-23
2024,Q1,CMI,Cummins Inc.,06-02-24
2024,Q2,CMI,Cummins Inc.,02-05-24
2024,Q3,CMI,Cummins Inc.,01-08-24
2024,Q4,CMI,Cummins Inc.,05-11-24
2025,Q1,CMI,Cummins Inc.,04-02-25
2025,Q2,CMI,Cummins Inc.,05-05-25
2025,Q3,CMI,Cummins Inc.,05-08-25
2025,Q4,CMI,Cummins Inc.,04-11-25
2020,Q1,CMS,CMS Energy Corporation,30-01-20
2020,Q2,CMS,CMS Energy Corporation,27-04-20
2020,Q3,CMS,CMS Energy Corporation,03-08-20
2020,Q4,CMS,CMS Energy Corporation,29-10-20
2021,Q1,CMS,CMS Energy Corporation,04-02-21
2021,Q2,CMS,CMS Energy Corporation,29-04-21
2021,Q3,CMS,CMS Energy Corporation,29-07-21
2021,Q4,CMS,CMS Energy Corporation,28-10-21
2022,Q1,CMS,CMS Energy Corporation,03-02-22
2022,Q2,CMS,CMS Energy Corporation,03-05-22
2022,Q3,CMS,CMS Energy Corporation,28-07-22
2022,Q4,CMS,CMS Energy Corporation,27-10-22
2023,Q1,CMS,CMS Energy Corporation,02-02-23
2023,Q2,CMS,CMS Energy Corporation,27-04-23
2023,Q3,CMS,CMS Energy Corporation,27-07-23
2023,Q4,CMS,CMS Energy Corporation,26-10-23
2024,Q1,CMS,CMS Energy Corporation,01-02-24
2024,Q2,CMS,CMS Energy Corporation,25-04-24
2024,Q3,CMS,CMS Energy Corporation,25-07-24
2024,Q4,CMS,CMS Energy Corporation,31-10-24
2025,Q1,CMS,CMS Energy Corporation,06-02-25
2025,Q2,CMS,CMS Energy Corporation,24-04-25
2025,Q3,CMS,CMS Energy Corporation,31-07-25
2025,Q4,CMS,CMS Energy Corporation,30-10-25
2020,Q1,CNC,Centene Corporation,04-02-20
2020,Q2,CNC,Centene Corporation,28-04-20
2020,Q3,CNC,Centene Corporation,28-07-20
2020,Q4,CNC,Centene Corporation,27-10-20
2021,Q1,CNC,Centene Corporation,09-02-21
2021,Q2,CNC,Centene Corporation,27-04-21
2021,Q3,CNC,Centene Corporation,27-07-21
2021,Q4,CNC,Centene Corporation,26-10-21
2022,Q1,CNC,Centene Corporation,08-02-22
2022,Q2,CNC,Centene Corporation,26-04-22
2022,Q3,CNC,Centene Corporation,26-07-22
2022,Q4,CNC,Centene Corporation,25-10-22
2023,Q1,CNC,Centene Corporation,07-02-23
2023,Q2,CNC,Centene Corporation,25-04-23
2023,Q3,CNC,Centene Corporation,28-07-23
2023,Q4,CNC,Centene Corporation,24-10-23
2024,Q1,CNC,Centene Corporation,06-02-24
2024,Q2,CNC,Centene Corporation,26-04-24
2024,Q3,CNC,Centene Corporation,26-07-24
2024,Q4,CNC,Centene Corporation,25-10-24
2025,Q1,CNC,Centene Corporation,04-02-25
2025,Q2,CNC,Centene Corporation,25-04-25
2025,Q3,CNC,Centene Corporation,25-07-25
2025,Q4,CNC,Centene Corporation,29-10-25
2020,Q1,CNP,CenterPoint Energy,27-02-20
2020,Q2,CNP,CenterPoint Energy,07-05-20
2020,Q3,CNP,CenterPoint Energy,06-08-20
2020,Q4,CNP,CenterPoint Energy,05-11-20
2021,Q1,CNP,CenterPoint Energy,25-02-21
2021,Q2,CNP,CenterPoint Energy,06-05-21
2021,Q3,CNP,CenterPoint Energy,05-08-21
2021,Q4,CNP,CenterPoint Energy,04-11-21
2022,Q1,CNP,CenterPoint Energy,22-02-22
2022,Q2,CNP,CenterPoint Energy,03-05-22
2022,Q3,CNP,CenterPoint Energy,02-08-22
2022,Q4,CNP,CenterPoint Energy,01-11-22
2023,Q1,CNP,CenterPoint Energy,17-02-23
2023,Q2,CNP,CenterPoint Energy,27-04-23
2023,Q3,CNP,CenterPoint Energy,27-07-23
2023,Q4,CNP,CenterPoint Energy,26-10-23
2024,Q1,CNP,CenterPoint Energy,20-02-24
2024,Q2,CNP,CenterPoint Energy,30-04-24
2024,Q3,CNP,CenterPoint Energy,30-07-24
2024,Q4,CNP,CenterPoint Energy,28-10-24
2025,Q1,CNP,CenterPoint Energy,20-02-25
2025,Q2,CNP,CenterPoint Energy,24-04-25
2025,Q3,CNP,CenterPoint Energy,24-07-25
2025,Q4,CNP,CenterPoint Energy,27-10-25
2020,Q1,COO,"The Cooper Companies, Inc.",05-03-20
2020,Q2,COO,"The Cooper Companies, Inc.",04-06-20
2020,Q3,COO,"The Cooper Companies, Inc.",03-09-20
2020,Q4,COO,"The Cooper Companies, Inc.",03-12-20
2021,Q1,COO,"The Cooper Companies, Inc.",04-03-21
2021,Q2,COO,"The Cooper Companies, Inc.",03-06-21
2021,Q3,COO,"The Cooper Companies, Inc.",02-09-21
2021,Q4,COO,"The Cooper Companies, Inc.",02-12-21
2022,Q1,COO,"The Cooper Companies, Inc.",03-03-22
2022,Q2,COO,"The Cooper Companies, Inc.",02-06-22
2022,Q3,COO,"The Cooper Companies, Inc.",31-08-22
2022,Q4,COO,"The Cooper Companies, Inc.",08-12-22
2023,Q1,COO,"The Cooper Companies, Inc.",02-03-23
2023,Q2,COO,"The Cooper Companies, Inc.",01-06-23
2023,Q3,COO,"The Cooper Companies, Inc.",30-08-23
2023,Q4,COO,"The Cooper Companies, Inc.",07-12-23
2024,Q1,COO,"The Cooper Companies, Inc.",29-02-24
2024,Q2,COO,"The Cooper Companies, Inc.",30-05-24
2024,Q3,COO,"The Cooper Companies, Inc.",28-08-24
2024,Q4,COO,"The Cooper Companies, Inc.",05-12-24
2025,Q1,COO,"The Cooper Companies, Inc.",06-03-25
2025,Q2,COO,"The Cooper Companies, Inc.",29-05-25
2025,Q3,COO,"The Cooper Companies, Inc.",27-08-25
2025,Q4,COO,"The Cooper Companies, Inc.",04-12-25
2020,Q1,COP,ConocoPhillips,04-02-20
2020,Q2,COP,ConocoPhillips,30-04-20
2020,Q3,COP,ConocoPhillips,30-07-20
2020,Q4,COP,ConocoPhillips,29-10-20
2021,Q1,COP,ConocoPhillips,02-02-21
2021,Q2,COP,ConocoPhillips,04-05-21
2021,Q3,COP,ConocoPhillips,03-08-21
2021,Q4,COP,ConocoPhillips,02-11-21
2022,Q1,COP,ConocoPhillips,03-02-22
2022,Q2,COP,ConocoPhillips,05-05-22
2022,Q3,COP,ConocoPhillips,04-08-22
2022,Q4,COP,ConocoPhillips,03-11-22
2023,Q1,COP,ConocoPhillips,02-02-23
2023,Q2,COP,ConocoPhillips,04-05-23
2023,Q3,COP,ConocoPhillips,03-08-23
2023,Q4,COP,ConocoPhillips,02-11-23
2024,Q1,COP,ConocoPhillips,08-02-24
2024,Q2,COP,ConocoPhillips,02-05-24
2024,Q3,COP,ConocoPhillips,01-08-24
2024,Q4,COP,ConocoPhillips,31-10-24
2025,Q1,COP,ConocoPhillips,06-02-25
2025,Q2,COP,ConocoPhillips,08-05-25
2025,Q3,COP,ConocoPhillips,07-08-25
2025,Q4,COP,ConocoPhillips,30-10-25
2020,Q1,COST,Costco Wholesale Corporation,05-03-20
2020,Q2,COST,Costco Wholesale Corporation,28-05-20
2020,Q3,COST,Costco Wholesale Corporation,24-09-20
2020,Q4,COST,Costco Wholesale Corporation,10-12-20
2021,Q1,COST,Costco Wholesale Corporation,04-03-21
2021,Q2,COST,Costco Wholesale Corporation,27-05-21
2021,Q3,COST,Costco Wholesale Corporation,23-09-21
2021,Q4,COST,Costco Wholesale Corporation,09-12-21
2022,Q1,COST,Costco Wholesale Corporation,03-03-22
2022,Q2,COST,Costco Wholesale Corporation,26-05-22
2022,Q3,COST,Costco Wholesale Corporation,Missing
2022,Q4,COST,Costco Wholesale Corporation,08-12-22
2023,Q1,COST,Costco Wholesale Corporation,02-03-23
2023,Q2,COST,Costco Wholesale Corporation,01-06-23
2023,Q3,COST,Costco Wholesale Corporation,26-09-23
2023,Q4,COST,Costco Wholesale Corporation,14-12-23
2024,Q1,COST,Costco Wholesale Corporation,07-03-24
2024,Q2,COST,Costco Wholesale Corporation,06-06-24
2024,Q3,COST,Costco Wholesale Corporation,26-09-24
2024,Q4,COST,Costco Wholesale Corporation,12-12-24
2025,Q1,COST,Costco Wholesale Corporation,06-03-25
2025,Q2,COST,Costco Wholesale Corporation,29-05-25
2025,Q3,COST,Costco Wholesale Corporation,25-09-25
2025,Q4,COST,Costco Wholesale Corporation,Missing
2020,Q1,CPB,Campbell Soup Company,04-03-20
2020,Q2,CPB,Campbell Soup Company,03-06-20
2020,Q3,CPB,Campbell Soup Company,02-09-20
2020,Q4,CPB,Campbell Soup Company,09-12-20
2021,Q1,CPB,Campbell Soup Company,10-03-21
2021,Q2,CPB,Campbell Soup Company,09-06-21
2021,Q3,CPB,Campbell Soup Company,01-09-21
2021,Q4,CPB,Campbell Soup Company,08-12-21
2022,Q1,CPB,Campbell Soup Company,09-03-22
2022,Q2,CPB,Campbell Soup Company,08-06-22
2022,Q3,CPB,Campbell Soup Company,01-09-22
2022,Q4,CPB,Campbell Soup Company,07-12-22
2023,Q1,CPB,Campbell Soup Company,08-03-23
2023,Q2,CPB,Campbell Soup Company,07-06-23
2023,Q3,CPB,Campbell Soup Company,31-08-23
2023,Q4,CPB,Campbell Soup Company,06-12-23
2024,Q1,CPB,Campbell Soup Company,06-03-24
2024,Q2,CPB,Campbell Soup Company,05-06-24
2024,Q3,CPB,Campbell Soup Company,29-08-24
2024,Q4,CPB,Campbell Soup Company,03-12-24
2025,Q1,CPB,Campbell Soup Company,05-03-25
2025,Q2,CPB,Campbell Soup Company,02-06-25
2025,Q3,CPB,Campbell Soup Company,03-09-25
2025,Q4,CPB,Campbell Soup Company,02-12-25
2020,Q1,CRL,"Charles River Laboratories, Inc.",11-02-20
2020,Q2,CRL,"Charles River Laboratories, Inc.",07-05-20
2020,Q3,CRL,"Charles River Laboratories, Inc.",05-08-20
2020,Q4,CRL,"Charles River Laboratories, Inc.",29-10-20
2021,Q1,CRL,"Charles River Laboratories, Inc.",17-02-21
2021,Q2,CRL,"Charles River Laboratories, Inc.",04-05-21
2021,Q3,CRL,"Charles River Laboratories, Inc.",04-08-21
2021,Q4,CRL,"Charles River Laboratories, Inc.",03-11-21
2022,Q1,CRL,"Charles River Laboratories, Inc.",16-02-22
2022,Q2,CRL,"Charles River Laboratories, Inc.",04-05-22
2022,Q3,CRL,"Charles River Laboratories, Inc.",03-08-22
2022,Q4,CRL,"Charles River Laboratories, Inc.",02-11-22
2023,Q1,CRL,"Charles River Laboratories, Inc.",22-02-23
2023,Q2,CRL,"Charles River Laboratories, Inc.",11-05-23
2023,Q3,CRL,"Charles River Laboratories, Inc.",09-08-23
2023,Q4,CRL,"Charles River Laboratories, Inc.",08-11-23
2024,Q1,CRL,"Charles River Laboratories, Inc.",14-02-24
2024,Q2,CRL,"Charles River Laboratories, Inc.",09-05-24
2024,Q3,CRL,"Charles River Laboratories, Inc.",07-08-24
2024,Q4,CRL,"Charles River Laboratories, Inc.",06-11-24
2025,Q1,CRL,"Charles River Laboratories, Inc.",19-02-25
2025,Q2,CRL,"Charles River Laboratories, Inc.",07-05-25
2025,Q3,CRL,"Charles River Laboratories, Inc.",06-08-25
2025,Q4,CRL,"Charles River Laboratories, Inc.",05-11-25
2020,Q1,CRM,"Salesforce.com, Inc.",25-02-20
2020,Q2,CRM,"Salesforce.com, Inc.",28-05-20
2020,Q3,CRM,"Salesforce.com, Inc.",25-08-20
2020,Q4,CRM,"Salesforce.com, Inc.",01-12-20
2021,Q1,CRM,"Salesforce.com, Inc.",25-02-21
2021,Q2,CRM,"Salesforce.com, Inc.",27-05-21
2021,Q3,CRM,"Salesforce.com, Inc.",25-08-21
2021,Q4,CRM,"Salesforce.com, Inc.",30-11-21
2022,Q1,CRM,"Salesforce.com, Inc.",01-03-22
2022,Q2,CRM,"Salesforce.com, Inc.",31-05-22
2022,Q3,CRM,"Salesforce.com, Inc.",24-08-22
2022,Q4,CRM,"Salesforce.com, Inc.",30-11-22
2023,Q1,CRM,"Salesforce.com, Inc.",01-03-23
2023,Q2,CRM,"Salesforce.com, Inc.",31-05-23
2023,Q3,CRM,"Salesforce.com, Inc.",30-08-23
2023,Q4,CRM,"Salesforce.com, Inc.",29-11-23
2024,Q1,CRM,"Salesforce.com, Inc.",28-02-24
2024,Q2,CRM,"Salesforce.com, Inc.",29-05-24
2024,Q3,CRM,"Salesforce.com, Inc.",28-08-24
2024,Q4,CRM,"Salesforce.com, Inc.",03-12-24
2025,Q1,CRM,"Salesforce.com, Inc.",26-02-25
2025,Q2,CRM,"Salesforce.com, Inc.",28-05-25
2025,Q3,CRM,"Salesforce.com, Inc.",03-09-25
2025,Q4,CRM,"Salesforce.com, Inc.",02-12-25
2020,Q1,CSCO,,12-02-20
2020,Q2,CSCO,,13-05-20
2020,Q3,CSCO,,12-08-20
2020,Q4,CSCO,,12-11-20
2021,Q1,CSCO,,09-02-21
2021,Q2,CSCO,,19-05-21
2021,Q3,CSCO,,18-08-21
2021,Q4,CSCO,,17-11-21
2022,Q1,CSCO,,16-02-22
2022,Q2,CSCO,,18-05-22
2022,Q3,CSCO,,17-08-22
2022,Q4,CSCO,,16-11-22
2023,Q1,CSCO,,15-02-23
2023,Q2,CSCO,,17-05-23
2023,Q3,CSCO,,16-08-23
2023,Q4,CSCO,,15-11-23
2024,Q1,CSCO,,14-02-24
2024,Q2,CSCO,,15-05-24
2024,Q3,CSCO,,14-08-24
2024,Q4,CSCO,,13-11-24
2025,Q1,CSCO,,12-02-25
2025,Q2,CSCO,,14-05-25
2025,Q3,CSCO,,13-08-25
2025,Q4,CSCO,,12-11-25
2020,Q1,CSX,CSX Corporation,16-01-20
2020,Q2,CSX,CSX Corporation,22-04-20
2020,Q3,CSX,CSX Corporation,22-07-20
2020,Q4,CSX,CSX Corporation,21-10-20
2021,Q1,CSX,CSX Corporation,21-01-21
2021,Q2,CSX,CSX Corporation,20-04-21
2021,Q3,CSX,CSX Corporation,21-07-21
2021,Q4,CSX,CSX Corporation,20-10-21
2022,Q1,CSX,CSX Corporation,19-01-22
2022,Q2,CSX,CSX Corporation,20-04-22
2022,Q3,CSX,CSX Corporation,20-07-22
2022,Q4,CSX,CSX Corporation,20-10-22
2023,Q1,CSX,CSX Corporation,25-01-23
2023,Q2,CSX,CSX Corporation,20-04-23
2023,Q3,CSX,CSX Corporation,20-07-23
2023,Q4,CSX,CSX Corporation,19-10-23
2024,Q1,CSX,CSX Corporation,24-01-24
2024,Q2,CSX,CSX Corporation,17-04-24
2024,Q3,CSX,CSX Corporation,05-08-24
2024,Q4,CSX,CSX Corporation,16-10-24
2025,Q1,CSX,CSX Corporation,23-01-25
2025,Q2,CSX,CSX Corporation,16-04-25
2025,Q3,CSX,CSX Corporation,23-07-25
2025,Q4,CSX,CSX Corporation,16-10-25
2020,Q1,CTAS,Cintas Corporation,19-03-20
2020,Q2,CTAS,Cintas Corporation,Missing
2020,Q3,CTAS,Cintas Corporation,23-09-20
2020,Q4,CTAS,Cintas Corporation,22-12-20
2021,Q1,CTAS,Cintas Corporation,17-03-21
2021,Q2,CTAS,Cintas Corporation,Missing
2021,Q3,CTAS,Cintas Corporation,29-09-21
2021,Q4,CTAS,Cintas Corporation,22-12-21
2022,Q1,CTAS,Cintas Corporation,23-03-22
2022,Q2,CTAS,Cintas Corporation,Missing
2022,Q3,CTAS,Cintas Corporation,28-09-22
2022,Q4,CTAS,Cintas Corporation,21-12-22
2023,Q1,CTAS,Cintas Corporation,29-03-23
2023,Q2,CTAS,Cintas Corporation,Missing
2023,Q3,CTAS,Cintas Corporation,26-09-23
2023,Q4,CTAS,Cintas Corporation,21-12-23
2024,Q1,CTAS,Cintas Corporation,27-03-24
2024,Q2,CTAS,Cintas Corporation,Missing
2024,Q3,CTAS,Cintas Corporation,25-09-24
2024,Q4,CTAS,Cintas Corporation,19-12-24
2025,Q1,CTAS,Cintas Corporation,26-03-25
2025,Q2,CTAS,Cintas Corporation,Missing
2025,Q3,CTAS,Cintas Corporation,17-07-25
2025,Q4,CTAS,Cintas Corporation,Missing
2020,Q1,CTLT,"Catalent, Inc.",03-02-20
2020,Q2,CTLT,"Catalent, Inc.",05-05-20
2020,Q3,CTLT,"Catalent, Inc.",31-08-20
2020,Q4,CTLT,"Catalent, Inc.",03-11-20
2021,Q1,CTLT,"Catalent, Inc.",02-02-21
2021,Q2,CTLT,"Catalent, Inc.",04-05-21
2021,Q3,CTLT,"Catalent, Inc.",30-08-21
2021,Q4,CTLT,"Catalent, Inc.",02-11-21
2022,Q1,CTLT,"Catalent, Inc.",01-02-22
2022,Q2,CTLT,"Catalent, Inc.",03-05-22
2022,Q3,CTLT,"Catalent, Inc.",29-08-22
2022,Q4,CTLT,"Catalent, Inc.",01-11-22
2023,Q1,CTLT,"Catalent, Inc.",07-02-23
2023,Q2,CTLT,"Catalent, Inc.",12-06-23
2023,Q3,CTLT,"Catalent, Inc.",29-08-23
2023,Q4,CTLT,"Catalent, Inc.",15-11-23
2024,Q1,CTLT,"Catalent, Inc.",09-02-24
2024,Q2,CTLT,"Catalent, Inc.",08-05-24
2024,Q3,CTLT,"Catalent, Inc.",29-08-24
2024,Q4,CTLT,"Catalent, Inc.",05-11-24
2025,Q1,CTLT,"Catalent, Inc.",Missing
2025,Q2,CTLT,"Catalent, Inc.",Missing
2025,Q3,CTLT,"Catalent, Inc.",Missing
2025,Q4,CTLT,"Catalent, Inc.",Missing
2020,Q1,CTRA,,20-02-20
2020,Q2,CTRA,,30-04-20
2020,Q3,CTRA,,30-07-20
2020,Q4,CTRA,,29-10-20
2021,Q1,CTRA,,23-02-21
2021,Q2,CTRA,,29-04-21
2021,Q3,CTRA,,30-07-21
2021,Q4,CTRA,,03-11-21
2022,Q1,CTRA,,23-02-22
2022,Q2,CTRA,,02-05-22
2022,Q3,CTRA,,02-08-22
2022,Q4,CTRA,,03-11-22
2023,Q1,CTRA,,22-02-23
2023,Q2,CTRA,,04-05-23
2023,Q3,CTRA,,07-08-23
2023,Q4,CTRA,,06-11-23
2024,Q1,CTRA,,22-02-24
2024,Q2,CTRA,,02-05-24
2024,Q3,CTRA,,01-08-24
2024,Q4,CTRA,,31-10-24
2025,Q1,CTRA,,24-02-25
2025,Q2,CTRA,,05-05-25
2025,Q3,CTRA,,04-08-25
2025,Q4,CTRA,,30-10-25
2020,Q1,CTSH,Cognizant Technology Solutions Corporation,05-02-20
2020,Q2,CTSH,Cognizant Technology Solutions Corporation,07-05-20
2020,Q3,CTSH,Cognizant Technology Solutions Corporation,29-07-20
2020,Q4,CTSH,Cognizant Technology Solutions Corporation,28-10-20
2021,Q1,CTSH,Cognizant Technology Solutions Corporation,03-02-21
2021,Q2,CTSH,Cognizant Technology Solutions Corporation,05-05-21
2021,Q3,CTSH,Cognizant Technology Solutions Corporation,28-07-21
2021,Q4,CTSH,Cognizant Technology Solutions Corporation,27-10-21
2022,Q1,CTSH,Cognizant Technology Solutions Corporation,02-02-22
2022,Q2,CTSH,Cognizant Technology Solutions Corporation,04-05-22
2022,Q3,CTSH,Cognizant Technology Solutions Corporation,27-07-22
2022,Q4,CTSH,Cognizant Technology Solutions Corporation,02-11-22
2023,Q1,CTSH,Cognizant Technology Solutions Corporation,02-02-23
2023,Q2,CTSH,Cognizant Technology Solutions Corporation,03-05-23
2023,Q3,CTSH,Cognizant Technology Solutions Corporation,02-08-23
2023,Q4,CTSH,Cognizant Technology Solutions Corporation,01-11-23
2024,Q1,CTSH,Cognizant Technology Solutions Corporation,06-02-24
2024,Q2,CTSH,Cognizant Technology Solutions Corporation,01-05-24
2024,Q3,CTSH,Cognizant Technology Solutions Corporation,31-07-24
2024,Q4,CTSH,Cognizant Technology Solutions Corporation,30-10-24
2025,Q1,CTSH,Cognizant Technology Solutions Corporation,05-02-25
2025,Q2,CTSH,Cognizant Technology Solutions Corporation,30-04-25
2025,Q3,CTSH,Cognizant Technology Solutions Corporation,30-07-25
2025,Q4,CTSH,Cognizant Technology Solutions Corporation,29-10-25
2020,Q1,CTVA,,30-01-20
2020,Q2,CTVA,,06-05-20
2020,Q3,CTVA,,05-08-20
2020,Q4,CTVA,,04-11-20
2021,Q1,CTVA,,03-02-21
2021,Q2,CTVA,,04-05-21
2021,Q3,CTVA,,05-08-21
2021,Q4,CTVA,,03-11-21
2022,Q1,CTVA,,02-02-22
2022,Q2,CTVA,,04-05-22
2022,Q3,CTVA,,04-08-22
2022,Q4,CTVA,,04-11-22
2023,Q1,CTVA,,01-02-23
2023,Q2,CTVA,,03-05-23
2023,Q3,CTVA,,03-08-23
2023,Q4,CTVA,,27-10-23
2024,Q1,CTVA,,31-01-24
2024,Q2,CTVA,,01-05-24
2024,Q3,CTVA,,31-07-24
2024,Q4,CTVA,,06-11-24
2025,Q1,CTVA,,05-02-25
2025,Q2,CTVA,,07-05-25
2025,Q3,CTVA,,06-08-25
2025,Q4,CTVA,,12-11-25
2020,Q1,CVS,CVS Health Corporation,12-02-20
2020,Q2,CVS,CVS Health Corporation,06-05-20
2020,Q3,CVS,CVS Health Corporation,05-08-20
2020,Q4,CVS,CVS Health Corporation,06-11-20
2021,Q1,CVS,CVS Health Corporation,16-02-21
2021,Q2,CVS,CVS Health Corporation,04-05-21
2021,Q3,CVS,CVS Health Corporation,04-08-21
2021,Q4,CVS,CVS Health Corporation,03-11-21
2022,Q1,CVS,CVS Health Corporation,09-02-22
2022,Q2,CVS,CVS Health Corporation,04-05-22
2022,Q3,CVS,CVS Health Corporation,03-08-22
2022,Q4,CVS,CVS Health Corporation,02-11-22
2023,Q1,CVS,CVS Health Corporation,08-02-23
2023,Q2,CVS,CVS Health Corporation,03-05-23
2023,Q3,CVS,CVS Health Corporation,02-08-23
2023,Q4,CVS,CVS Health Corporation,01-11-23
2024,Q1,CVS,CVS Health Corporation,07-02-24
2024,Q2,CVS,CVS Health Corporation,01-05-24
2024,Q3,CVS,CVS Health Corporation,07-08-24
2024,Q4,CVS,CVS Health Corporation,06-11-24
2025,Q1,CVS,CVS Health Corporation,12-02-25
2025,Q2,CVS,CVS Health Corporation,01-05-25
2025,Q3,CVS,CVS Health Corporation,31-07-25
2025,Q4,CVS,CVS Health Corporation,29-10-25
2020,Q1,CVX,Chevron Corporation,31-01-20
2020,Q2,CVX,Chevron Corporation,01-05-20
2020,Q3,CVX,Chevron Corporation,31-07-20
2020,Q4,CVX,Chevron Corporation,30-10-20
2021,Q1,CVX,Chevron Corporation,29-01-21
2021,Q2,CVX,Chevron Corporation,30-04-21
2021,Q3,CVX,Chevron Corporation,30-07-21
2021,Q4,CVX,Chevron Corporation,29-10-21
2022,Q1,CVX,Chevron Corporation,28-01-22
2022,Q2,CVX,Chevron Corporation,29-04-22
2022,Q3,CVX,Chevron Corporation,29-07-22
2022,Q4,CVX,Chevron Corporation,28-10-22
2023,Q1,CVX,Chevron Corporation,27-01-23
2023,Q2,CVX,Chevron Corporation,28-04-23
2023,Q3,CVX,Chevron Corporation,23-07-23
2023,Q4,CVX,Chevron Corporation,27-10-23
2024,Q1,CVX,Chevron Corporation,02-02-24
2024,Q2,CVX,Chevron Corporation,26-04-24
2024,Q3,CVX,Chevron Corporation,02-08-24
2024,Q4,CVX,Chevron Corporation,01-11-24
2025,Q1,CVX,Chevron Corporation,31-01-25
2025,Q2,CVX,Chevron Corporation,02-05-25
2025,Q3,CVX,Chevron Corporation,01-08-25
2025,Q4,CVX,Chevron Corporation,31-10-25
2020,Q1,CZR,,26-02-20
2020,Q2,CZR,,11-05-20
2020,Q3,CZR,,06-08-20
2020,Q4,CZR,,05-11-20
2021,Q1,CZR,,25-02-21
2021,Q2,CZR,,04-05-21
2021,Q3,CZR,,03-08-21
2021,Q4,CZR,,02-11-21
2022,Q1,CZR,,22-02-22
2022,Q2,CZR,,03-05-22
2022,Q3,CZR,,02-08-22
2022,Q4,CZR,,01-11-22
2023,Q1,CZR,,21-02-23
2023,Q2,CZR,,02-05-23
2023,Q3,CZR,,01-08-23
2023,Q4,CZR,,31-10-23
2024,Q1,CZR,,20-02-24
2024,Q2,CZR,,30-04-24
2024,Q3,CZR,,30-07-24
2024,Q4,CZR,,29-10-24
2025,Q1,CZR,,25-02-25
2025,Q2,CZR,,29-04-25
2025,Q3,CZR,,29-07-25
2025,Q4,CZR,,04-11-25
2020,Q1,D,,11-02-20
2020,Q2,D,,05-05-20
2020,Q3,D,,31-07-20
2020,Q4,D,,05-11-20
2021,Q1,D,,12-02-21
2021,Q2,D,,04-05-21
2021,Q3,D,,06-08-21
2021,Q4,D,,05-11-21
2022,Q1,D,,11-02-22
2022,Q2,D,,05-05-22
2022,Q3,D,,08-08-22
2022,Q4,D,,04-11-22
2023,Q1,D,,08-02-23
2023,Q2,D,,05-05-23
2023,Q3,D,,04-08-23
2023,Q4,D,,03-11-23
2024,Q1,D,,22-02-24
2024,Q2,D,,02-05-24
2024,Q3,D,,01-08-24
2024,Q4,D,,01-11-24
2025,Q1,D,,12-02-25
2025,Q2,D,,01-05-25
2025,Q3,D,,01-08-25
2025,Q4,D,,31-10-25
2020,Q1,DAL,"Delta Air Lines, Inc.",14-01-20
2020,Q2,DAL,"Delta Air Lines, Inc.",22-04-20
2020,Q3,DAL,"Delta Air Lines, Inc.",14-07-20
2020,Q4,DAL,"Delta Air Lines, Inc.",13-10-20
2021,Q1,DAL,"Delta Air Lines, Inc.",14-01-21
2021,Q2,DAL,"Delta Air Lines, Inc.",15-04-21
2021,Q3,DAL,"Delta Air Lines, Inc.",14-07-21
2021,Q4,DAL,"Delta Air Lines, Inc.",13-10-21
2022,Q1,DAL,"Delta Air Lines, Inc.",13-01-22
2022,Q2,DAL,"Delta Air Lines, Inc.",13-04-22
2022,Q3,DAL,"Delta Air Lines, Inc.",13-07-22
2022,Q4,DAL,"Delta Air Lines, Inc.",13-10-22
2023,Q1,DAL,"Delta Air Lines, Inc.",13-01-23
2023,Q2,DAL,"Delta Air Lines, Inc.",13-04-23
2023,Q3,DAL,"Delta Air Lines, Inc.",13-07-23
2023,Q4,DAL,"Delta Air Lines, Inc.",12-10-23
2024,Q1,DAL,"Delta Air Lines, Inc.",12-01-24
2024,Q2,DAL,"Delta Air Lines, Inc.",10-04-24
2024,Q3,DAL,"Delta Air Lines, Inc.",11-07-24
2024,Q4,DAL,"Delta Air Lines, Inc.",10-10-24
2025,Q1,DAL,"Delta Air Lines, Inc.",10-01-25
2025,Q2,DAL,"Delta Air Lines, Inc.",09-04-25
2025,Q3,DAL,"Delta Air Lines, Inc.",10-07-25
2025,Q4,DAL,"Delta Air Lines, Inc.",09-10-25
2020,Q1,DD,,30-01-20
2020,Q2,DD,,05-05-20
2020,Q3,DD,,30-07-20
2020,Q4,DD,,29-10-20
2021,Q1,DD,,09-02-21
2021,Q2,DD,,04-05-21
2021,Q3,DD,,03-08-21
2021,Q4,DD,,02-11-21
2022,Q1,DD,,08-02-22
2022,Q2,DD,,03-05-22
2022,Q3,DD,,02-08-22
2022,Q4,DD,,08-11-22
2023,Q1,DD,,07-02-23
2023,Q2,DD,,02-05-23
2023,Q3,DD,,02-08-23
2023,Q4,DD,,01-11-23
2024,Q1,DD,,06-02-24
2024,Q2,DD,,01-05-24
2024,Q3,DD,,31-07-24
2024,Q4,DD,,05-11-24
2025,Q1,DD,,11-02-25
2025,Q2,DD,,02-05-25
2025,Q3,DD,,05-08-25
2025,Q4,DD,,10-11-25
2020,Q1,DFS,,23-01-20
2020,Q2,DFS,,22-04-20
2020,Q3,DFS,,22-07-20
2020,Q4,DFS,,21-10-20
2021,Q1,DFS,,20-01-21
2021,Q2,DFS,,21-04-21
2021,Q3,DFS,,21-07-21
2021,Q4,DFS,,20-10-21
2022,Q1,DFS,,19-01-22
2022,Q2,DFS,,27-04-22
2022,Q3,DFS,,20-07-22
2022,Q4,DFS,,24-10-22
2023,Q1,DFS,,18-01-23
2023,Q2,DFS,,19-04-23
2023,Q3,DFS,,19-07-23
2023,Q4,DFS,,18-10-23
2024,Q1,DFS,,17-01-24
2024,Q2,DFS,,17-04-24
2024,Q3,DFS,,17-07-24
2024,Q4,DFS,,16-10-24
2025,Q1,DFS,,22-01-25
2025,Q2,DFS,,23-04-25
2025,Q3,DFS,,Missing
2025,Q4,DFS,,Missing
2020,Q1,DG,Dollar General Corporation,12-03-20
2020,Q2,DG,Dollar General Corporation,28-05-20
2020,Q3,DG,Dollar General Corporation,27-08-20
2020,Q4,DG,Dollar General Corporation,03-12-20
2021,Q1,DG,Dollar General Corporation,18-03-21
2021,Q2,DG,Dollar General Corporation,27-05-21
2021,Q3,DG,Dollar General Corporation,26-08-21
2021,Q4,DG,Dollar General Corporation,02-12-21
2022,Q1,DG,Dollar General Corporation,17-03-22
2022,Q2,DG,Dollar General Corporation,26-05-22
2022,Q3,DG,Dollar General Corporation,25-08-22
2022,Q4,DG,Dollar General Corporation,01-12-22
2023,Q1,DG,Dollar General Corporation,16-03-23
2023,Q2,DG,Dollar General Corporation,01-06-23
2023,Q3,DG,Dollar General Corporation,31-08-23
2023,Q4,DG,Dollar General Corporation,07-12-23
2024,Q1,DG,Dollar General Corporation,14-03-24
2024,Q2,DG,Dollar General Corporation,30-05-24
2024,Q3,DG,Dollar General Corporation,29-08-24
2024,Q4,DG,Dollar General Corporation,05-12-24
2025,Q1,DG,Dollar General Corporation,13-03-25
2025,Q2,DG,Dollar General Corporation,03-06-25
2025,Q3,DG,Dollar General Corporation,28-08-25
2025,Q4,DG,Dollar General Corporation,04-12-25
2020,Q1,DGX,Quest Diagnostics,30-01-20
2020,Q2,DGX,Quest Diagnostics,22-04-20
2020,Q3,DGX,Quest Diagnostics,23-07-20
2020,Q4,DGX,Quest Diagnostics,22-10-20
2021,Q1,DGX,Quest Diagnostics,04-02-21
2021,Q2,DGX,Quest Diagnostics,22-04-21
2021,Q3,DGX,Quest Diagnostics,22-07-21
2021,Q4,DGX,Quest Diagnostics,21-10-21
2022,Q1,DGX,Quest Diagnostics,03-02-22
2022,Q2,DGX,Quest Diagnostics,21-04-22
2022,Q3,DGX,Quest Diagnostics,21-07-22
2022,Q4,DGX,Quest Diagnostics,20-10-22
2023,Q1,DGX,Quest Diagnostics,02-02-23
2023,Q2,DGX,Quest Diagnostics,27-04-23
2023,Q3,DGX,Quest Diagnostics,26-07-23
2023,Q4,DGX,Quest Diagnostics,24-10-23
2024,Q1,DGX,Quest Diagnostics,01-02-24
2024,Q2,DGX,Quest Diagnostics,23-04-24
2024,Q3,DGX,Quest Diagnostics,23-07-24
2024,Q4,DGX,Quest Diagnostics,22-10-24
2025,Q1,DGX,Quest Diagnostics,30-01-25
2025,Q2,DGX,Quest Diagnostics,22-04-25
2025,Q3,DGX,Quest Diagnostics,22-07-25
2025,Q4,DGX,Quest Diagnostics,21-10-25
2020,Q1,DHI,"D.R. Horton, Inc.",27-01-20
2020,Q2,DHI,"D.R. Horton, Inc.",28-04-20
2020,Q3,DHI,"D.R. Horton, Inc.",28-07-20
2020,Q4,DHI,"D.R. Horton, Inc.",10-11-20
2021,Q1,DHI,"D.R. Horton, Inc.",26-01-21
2021,Q2,DHI,"D.R. Horton, Inc.",22-04-21
2021,Q3,DHI,"D.R. Horton, Inc.",22-07-21
2021,Q4,DHI,"D.R. Horton, Inc.",09-11-21
2022,Q1,DHI,"D.R. Horton, Inc.",02-02-22
2022,Q2,DHI,"D.R. Horton, Inc.",26-04-22
2022,Q3,DHI,"D.R. Horton, Inc.",21-07-22
2022,Q4,DHI,"D.R. Horton, Inc.",09-11-22
2023,Q1,DHI,"D.R. Horton, Inc.",24-01-23
2023,Q2,DHI,"D.R. Horton, Inc.",20-04-23
2023,Q3,DHI,"D.R. Horton, Inc.",20-07-23
2023,Q4,DHI,"D.R. Horton, Inc.",07-11-23
2024,Q1,DHI,"D.R. Horton, Inc.",23-01-24
2024,Q2,DHI,"D.R. Horton, Inc.",18-04-24
2024,Q3,DHI,"D.R. Horton, Inc.",18-07-24
2024,Q4,DHI,"D.R. Horton, Inc.",29-10-24
2025,Q1,DHI,"D.R. Horton, Inc.",21-01-25
2025,Q2,DHI,"D.R. Horton, Inc.",17-04-25
2025,Q3,DHI,"D.R. Horton, Inc.",22-07-25
2025,Q4,DHI,"D.R. Horton, Inc.",28-10-25
2020,Q1,DHR,Danaher Corporation,30-01-20
2020,Q2,DHR,Danaher Corporation,06-05-20
2020,Q3,DHR,Danaher Corporation,23-07-20
2020,Q4,DHR,Danaher Corporation,22-10-20
2021,Q1,DHR,Danaher Corporation,28-01-21
2021,Q2,DHR,Danaher Corporation,22-04-21
2021,Q3,DHR,Danaher Corporation,22-07-21
2021,Q4,DHR,Danaher Corporation,21-10-21
2022,Q1,DHR,Danaher Corporation,27-01-22
2022,Q2,DHR,Danaher Corporation,21-04-22
2022,Q3,DHR,Danaher Corporation,21-07-22
2022,Q4,DHR,Danaher Corporation,20-10-22
2023,Q1,DHR,Danaher Corporation,24-01-23
2023,Q2,DHR,Danaher Corporation,25-04-23
2023,Q3,DHR,Danaher Corporation,25-07-23
2023,Q4,DHR,Danaher Corporation,24-10-23
2024,Q1,DHR,Danaher Corporation,30-01-24
2024,Q2,DHR,Danaher Corporation,23-04-24
2024,Q3,DHR,Danaher Corporation,23-07-24
2024,Q4,DHR,Danaher Corporation,22-10-24
2025,Q1,DHR,Danaher Corporation,29-01-25
2025,Q2,DHR,Danaher Corporation,22-04-25
2025,Q3,DHR,Danaher Corporation,22-07-25
2025,Q4,DHR,Danaher Corporation,21-10-25
2020,Q1,DIS,The Walt Disney Co.,04-02-20
2020,Q2,DIS,The Walt Disney Co.,05-05-20
2020,Q3,DIS,The Walt Disney Co.,04-08-20
2020,Q4,DIS,The Walt Disney Co.,12-11-20
2021,Q1,DIS,The Walt Disney Co.,11-02-21
2021,Q2,DIS,The Walt Disney Co.,13-05-21
2021,Q3,DIS,The Walt Disney Co.,12-08-21
2021,Q4,DIS,The Walt Disney Co.,10-11-21
2022,Q1,DIS,The Walt Disney Co.,09-02-22
2022,Q2,DIS,The Walt Disney Co.,11-05-22
2022,Q3,DIS,The Walt Disney Co.,10-08-22
2022,Q4,DIS,The Walt Disney Co.,08-11-22
2023,Q1,DIS,The Walt Disney Co.,08-02-23
2023,Q2,DIS,The Walt Disney Co.,10-05-23
2023,Q3,DIS,The Walt Disney Co.,09-08-23
2023,Q4,DIS,The Walt Disney Co.,08-11-23
2024,Q1,DIS,The Walt Disney Co.,07-02-24
2024,Q2,DIS,The Walt Disney Co.,07-05-24
2024,Q3,DIS,The Walt Disney Co.,07-08-24
2024,Q4,DIS,The Walt Disney Co.,14-11-24
2025,Q1,DIS,The Walt Disney Co.,05-02-25
2025,Q2,DIS,The Walt Disney Co.,07-05-25
2025,Q3,DIS,The Walt Disney Co.,06-08-25
2025,Q4,DIS,The Walt Disney Co.,12-11-25
2020,Q1,DISH,,Missing
2020,Q2,DISH,,Missing
2020,Q3,DISH,,Missing
2020,Q4,DISH,,Missing
2021,Q1,DISH,,Missing
2021,Q2,DISH,,Missing
2021,Q3,DISH,,Missing
2021,Q4,DISH,,Missing
2022,Q1,DISH,,Missing
2022,Q2,DISH,,Missing
2022,Q3,DISH,,Missing
2022,Q4,DISH,,Missing
2023,Q1,DISH,,Missing
2023,Q2,DISH,,Missing
2023,Q3,DISH,,Missing
2023,Q4,DISH,,Missing
2024,Q1,DISH,,Missing
2024,Q2,DISH,,Missing
2024,Q3,DISH,,Missing
2024,Q4,DISH,,Missing
2025,Q1,DISH,,Missing
2025,Q2,DISH,,Missing
2025,Q3,DISH,,Missing
2025,Q4,DISH,,Missing
2020,Q1,DLTR,"Dollar Tree, Inc.",04-03-20
2020,Q2,DLTR,"Dollar Tree, Inc.",28-05-20
2020,Q3,DLTR,"Dollar Tree, Inc.",27-08-20
2020,Q4,DLTR,"Dollar Tree, Inc.",24-11-20
2021,Q1,DLTR,"Dollar Tree, Inc.",03-03-21
2021,Q2,DLTR,"Dollar Tree, Inc.",27-05-21
2021,Q3,DLTR,"Dollar Tree, Inc.",26-08-21
2021,Q4,DLTR,"Dollar Tree, Inc.",23-11-21
2022,Q1,DLTR,"Dollar Tree, Inc.",02-03-22
2022,Q2,DLTR,"Dollar Tree, Inc.",26-05-22
2022,Q3,DLTR,"Dollar Tree, Inc.",25-08-22
2022,Q4,DLTR,"Dollar Tree, Inc.",22-11-22
2023,Q1,DLTR,"Dollar Tree, Inc.",01-03-23
2023,Q2,DLTR,"Dollar Tree, Inc.",25-05-23
2023,Q3,DLTR,"Dollar Tree, Inc.",24-08-23
2023,Q4,DLTR,"Dollar Tree, Inc.",29-11-23
2024,Q1,DLTR,"Dollar Tree, Inc.",13-03-24
2024,Q2,DLTR,"Dollar Tree, Inc.",05-06-24
2024,Q3,DLTR,"Dollar Tree, Inc.",04-09-24
2024,Q4,DLTR,"Dollar Tree, Inc.",04-12-24
2025,Q1,DLTR,"Dollar Tree, Inc.",26-03-25
2025,Q2,DLTR,"Dollar Tree, Inc.",04-06-25
2025,Q3,DLTR,"Dollar Tree, Inc.",03-09-25
2025,Q4,DLTR,"Dollar Tree, Inc.",03-12-25
2020,Q1,DOV,Dover Corporation,30-01-20
2020,Q2,DOV,Dover Corporation,21-04-20
2020,Q3,DOV,Dover Corporation,22-07-20
2020,Q4,DOV,Dover Corporation,20-10-20
2021,Q1,DOV,Dover Corporation,28-01-21
2021,Q2,DOV,Dover Corporation,20-04-21
2021,Q3,DOV,Dover Corporation,20-07-21
2021,Q4,DOV,Dover Corporation,19-10-21
2022,Q1,DOV,Dover Corporation,27-01-22
2022,Q2,DOV,Dover Corporation,21-04-22
2022,Q3,DOV,Dover Corporation,21-07-22
2022,Q4,DOV,Dover Corporation,20-10-22
2023,Q1,DOV,Dover Corporation,31-01-23
2023,Q2,DOV,Dover Corporation,26-04-23
2023,Q3,DOV,Dover Corporation,25-07-23
2023,Q4,DOV,Dover Corporation,24-10-23
2024,Q1,DOV,Dover Corporation,01-02-24
2024,Q2,DOV,Dover Corporation,25-04-24
2024,Q3,DOV,Dover Corporation,25-07-24
2024,Q4,DOV,Dover Corporation,24-10-24
2025,Q1,DOV,Dover Corporation,30-01-25
2025,Q2,DOV,Dover Corporation,24-04-25
2025,Q3,DOV,Dover Corporation,24-07-25
2025,Q4,DOV,Dover Corporation,23-10-25
2020,Q1,DOW,Dow Inc.,29-01-20
2020,Q2,DOW,Dow Inc.,30-04-20
2020,Q3,DOW,Dow Inc.,23-07-20
2020,Q4,DOW,Dow Inc.,22-10-20
2021,Q1,DOW,Dow Inc.,28-01-21
2021,Q2,DOW,Dow Inc.,22-04-21
2021,Q3,DOW,Dow Inc.,22-07-21
2021,Q4,DOW,Dow Inc.,21-10-21
2022,Q1,DOW,Dow Inc.,27-01-22
2022,Q2,DOW,Dow Inc.,21-04-22
2022,Q3,DOW,Dow Inc.,21-07-22
2022,Q4,DOW,Dow Inc.,20-10-22
2023,Q1,DOW,Dow Inc.,26-01-23
2023,Q2,DOW,Dow Inc.,25-04-23
2023,Q3,DOW,Dow Inc.,25-07-23
2023,Q4,DOW,Dow Inc.,24-10-23
2024,Q1,DOW,Dow Inc.,25-01-24
2024,Q2,DOW,Dow Inc.,25-04-24
2024,Q3,DOW,Dow Inc.,25-07-24
2024,Q4,DOW,Dow Inc.,24-10-24
2025,Q1,DOW,Dow Inc.,30-01-25
2025,Q2,DOW,Dow Inc.,24-04-25
2025,Q3,DOW,Dow Inc.,24-07-25
2025,Q4,DOW,Dow Inc.,23-10-25
2020,Q1,DPZ,"Domino's Pizza, Inc.",20-02-20
2020,Q2,DPZ,"Domino's Pizza, Inc.",23-04-20
2020,Q3,DPZ,"Domino's Pizza, Inc.",16-07-20
2020,Q4,DPZ,"Domino's Pizza, Inc.",08-10-20
2021,Q1,DPZ,"Domino's Pizza, Inc.",25-02-21
2021,Q2,DPZ,"Domino's Pizza, Inc.",29-04-21
2021,Q3,DPZ,"Domino's Pizza, Inc.",22-07-21
2021,Q4,DPZ,"Domino's Pizza, Inc.",14-10-21
2022,Q1,DPZ,"Domino's Pizza, Inc.",01-03-22
2022,Q2,DPZ,"Domino's Pizza, Inc.",28-04-22
2022,Q3,DPZ,"Domino's Pizza, Inc.",21-07-22
2022,Q4,DPZ,"Domino's Pizza, Inc.",13-10-22
2023,Q1,DPZ,"Domino's Pizza, Inc.",23-02-23
2023,Q2,DPZ,"Domino's Pizza, Inc.",27-04-23
2023,Q3,DPZ,"Domino's Pizza, Inc.",24-07-23
2023,Q4,DPZ,"Domino's Pizza, Inc.",12-10-23
2024,Q1,DPZ,"Domino's Pizza, Inc.",26-02-24
2024,Q2,DPZ,"Domino's Pizza, Inc.",29-04-24
2024,Q3,DPZ,"Domino's Pizza, Inc.",18-07-24
2024,Q4,DPZ,"Domino's Pizza, Inc.",10-10-24
2025,Q1,DPZ,"Domino's Pizza, Inc.",24-02-25
2025,Q2,DPZ,"Domino's Pizza, Inc.",28-04-25
2025,Q3,DPZ,"Domino's Pizza, Inc.",21-07-25
2025,Q4,DPZ,"Domino's Pizza, Inc.",14-10-25
2020,Q1,DTE,DTE Energy Company,05-02-20
2020,Q2,DTE,DTE Energy Company,28-04-20
2020,Q3,DTE,DTE Energy Company,28-07-20
2020,Q4,DTE,DTE Energy Company,27-10-20
2021,Q1,DTE,DTE Energy Company,19-02-21
2021,Q2,DTE,DTE Energy Company,27-04-21
2021,Q3,DTE,DTE Energy Company,27-07-21
2021,Q4,DTE,DTE Energy Company,27-10-21
2022,Q1,DTE,DTE Energy Company,10-02-22
2022,Q2,DTE,DTE Energy Company,28-04-22
2022,Q3,DTE,DTE Energy Company,28-07-22
2022,Q4,DTE,DTE Energy Company,27-10-22
2023,Q1,DTE,DTE Energy Company,23-02-23
2023,Q2,DTE,DTE Energy Company,27-04-23
2023,Q3,DTE,DTE Energy Company,27-07-23
2023,Q4,DTE,DTE Energy Company,01-11-23
2024,Q1,DTE,DTE Energy Company,08-02-24
2024,Q2,DTE,DTE Energy Company,25-04-24
2024,Q3,DTE,DTE Energy Company,25-07-24
2024,Q4,DTE,DTE Energy Company,24-10-24
2025,Q1,DTE,DTE Energy Company,13-02-25
2025,Q2,DTE,DTE Energy Company,01-05-25
2025,Q3,DTE,DTE Energy Company,29-07-25
2025,Q4,DTE,DTE Energy Company,30-10-25
2020,Q1,DUK,Duke Energy Corporation,13-02-20
2020,Q2,DUK,Duke Energy Corporation,12-05-20
2020,Q3,DUK,Duke Energy Corporation,10-08-20
2020,Q4,DUK,Duke Energy Corporation,05-11-20
2021,Q1,DUK,Duke Energy Corporation,11-02-21
2021,Q2,DUK,Duke Energy Corporation,10-05-21
2021,Q3,DUK,Duke Energy Corporation,05-08-21
2021,Q4,DUK,Duke Energy Corporation,04-11-21
2022,Q1,DUK,Duke Energy Corporation,10-02-22
2022,Q2,DUK,Duke Energy Corporation,09-05-22
2022,Q3,DUK,Duke Energy Corporation,04-08-22
2022,Q4,DUK,Duke Energy Corporation,04-11-22
2023,Q1,DUK,Duke Energy Corporation,09-02-23
2023,Q2,DUK,Duke Energy Corporation,09-05-23
2023,Q3,DUK,Duke Energy Corporation,08-08-23
2023,Q4,DUK,Duke Energy Corporation,02-11-23
2024,Q1,DUK,Duke Energy Corporation,08-02-24
2024,Q2,DUK,Duke Energy Corporation,07-05-24
2024,Q3,DUK,Duke Energy Corporation,06-08-24
2024,Q4,DUK,Duke Energy Corporation,07-11-24
2025,Q1,DUK,Duke Energy Corporation,13-02-25
2025,Q2,DUK,Duke Energy Corporation,06-05-25
2025,Q3,DUK,Duke Energy Corporation,05-08-25
2025,Q4,DUK,Duke Energy Corporation,07-11-25
2020,Q1,DVA,,10-02-20
2020,Q2,DVA,,05-05-20
2020,Q3,DVA,,30-07-20
2020,Q4,DVA,,29-10-20
2021,Q1,DVA,,11-02-21
2021,Q2,DVA,,29-04-21
2021,Q3,DVA,,03-08-21
2021,Q4,DVA,,28-10-21
2022,Q1,DVA,,10-02-22
2022,Q2,DVA,,05-05-22
2022,Q3,DVA,,01-08-22
2022,Q4,DVA,,28-10-22
2023,Q1,DVA,,22-02-23
2023,Q2,DVA,,08-05-23
2023,Q3,DVA,,03-08-23
2023,Q4,DVA,,07-11-23
2024,Q1,DVA,,13-02-24
2024,Q2,DVA,,02-05-24
2024,Q3,DVA,,06-08-24
2024,Q4,DVA,,29-10-24
2025,Q1,DVA,,13-02-25
2025,Q2,DVA,,12-05-25
2025,Q3,DVA,,05-08-25
2025,Q4,DVA,,28-10-25
2020,Q1,DVN,,18-02-20
2020,Q2,DVN,,05-05-20
2020,Q3,DVN,,04-08-20
2020,Q4,DVN,,29-10-20
2021,Q1,DVN,,16-02-21
2021,Q2,DVN,,04-05-21
2021,Q3,DVN,,03-08-21
2021,Q4,DVN,,02-11-21
2022,Q1,DVN,,15-02-22
2022,Q2,DVN,,02-05-22
2022,Q3,DVN,,01-08-22
2022,Q4,DVN,,01-11-22
2023,Q1,DVN,,14-02-23
2023,Q2,DVN,,09-05-23
2023,Q3,DVN,,01-08-23
2023,Q4,DVN,,07-11-23
2024,Q1,DVN,,27-02-24
2024,Q2,DVN,,01-05-24
2024,Q3,DVN,,06-08-24
2024,Q4,DVN,,05-11-24
2025,Q1,DVN,,18-02-25
2025,Q2,DVN,,06-05-25
2025,Q3,DVN,,05-08-25
2025,Q4,DVN,,04-11-25
2020,Q1,DXCM,,13-02-20
2020,Q2,DXCM,,28-04-20
2020,Q3,DXCM,,28-07-20
2020,Q4,DXCM,,27-10-20
2021,Q1,DXCM,,11-02-21
2021,Q2,DXCM,,29-04-21
2021,Q3,DXCM,,29-07-21
2021,Q4,DXCM,,28-10-21
2022,Q1,DXCM,,10-02-22
2022,Q2,DXCM,,28-04-22
2022,Q3,DXCM,,28-07-22
2022,Q4,DXCM,,27-10-22
2023,Q1,DXCM,,09-02-23
2023,Q2,DXCM,,27-04-23
2023,Q3,DXCM,,27-07-23
2023,Q4,DXCM,,26-10-23
2024,Q1,DXCM,,08-02-24
2024,Q2,DXCM,,25-04-24
2024,Q3,DXCM,,25-07-24
2024,Q4,DXCM,,24-10-24
2025,Q1,DXCM,,13-02-25
2025,Q2,DXCM,,01-05-25
2025,Q3,DXCM,,30-07-25
2025,Q4,DXCM,,30-10-25
2020,Q1,EA,Electronic Arts Inc.,30-01-20
2020,Q2,EA,Electronic Arts Inc.,05-05-20
2020,Q3,EA,Electronic Arts Inc.,30-07-20
2020,Q4,EA,Electronic Arts Inc.,05-11-20
2021,Q1,EA,Electronic Arts Inc.,02-02-21
2021,Q2,EA,Electronic Arts Inc.,11-05-21
2021,Q3,EA,Electronic Arts Inc.,04-08-21
2021,Q4,EA,Electronic Arts Inc.,03-11-21
2022,Q1,EA,Electronic Arts Inc.,01-02-22
2022,Q2,EA,Electronic Arts Inc.,10-05-22
2022,Q3,EA,Electronic Arts Inc.,02-08-22
2022,Q4,EA,Electronic Arts Inc.,01-11-22
2023,Q1,EA,Electronic Arts Inc.,31-01-23
2023,Q2,EA,Electronic Arts Inc.,09-05-23
2023,Q3,EA,Electronic Arts Inc.,01-08-23
2023,Q4,EA,Electronic Arts Inc.,01-11-23
2024,Q1,EA,Electronic Arts Inc.,30-01-24
2024,Q2,EA,Electronic Arts Inc.,07-05-24
2024,Q3,EA,Electronic Arts Inc.,30-07-24
2024,Q4,EA,Electronic Arts Inc.,29-10-24
2025,Q1,EA,Electronic Arts Inc.,04-02-25
2025,Q2,EA,Electronic Arts Inc.,06-05-25
2025,Q3,EA,Electronic Arts Inc.,29-07-25
2025,Q4,EA,Electronic Arts Inc.,28-10-25
2020,Q1,EBAY,eBay Inc.,28-01-20
2020,Q2,EBAY,eBay Inc.,29-04-20
2020,Q3,EBAY,eBay Inc.,28-07-20
2020,Q4,EBAY,eBay Inc.,28-10-20
2021,Q1,EBAY,eBay Inc.,03-02-21
2021,Q2,EBAY,eBay Inc.,28-04-21
2021,Q3,EBAY,eBay Inc.,11-08-21
2021,Q4,EBAY,eBay Inc.,27-10-21
2022,Q1,EBAY,eBay Inc.,23-02-22
2022,Q2,EBAY,eBay Inc.,04-05-22
2022,Q3,EBAY,eBay Inc.,03-08-22
2022,Q4,EBAY,eBay Inc.,02-11-22
2023,Q1,EBAY,eBay Inc.,22-02-23
2023,Q2,EBAY,eBay Inc.,26-04-23
2023,Q3,EBAY,eBay Inc.,26-07-23
2023,Q4,EBAY,eBay Inc.,07-11-23
2024,Q1,EBAY,eBay Inc.,27-02-24
2024,Q2,EBAY,eBay Inc.,01-05-24
2024,Q3,EBAY,eBay Inc.,31-07-24
2024,Q4,EBAY,eBay Inc.,30-10-24
2025,Q1,EBAY,eBay Inc.,26-02-25
2025,Q2,EBAY,eBay Inc.,30-04-25
2025,Q3,EBAY,eBay Inc.,30-07-25
2025,Q4,EBAY,eBay Inc.,29-10-25
2020,Q1,ECL,,18-02-20
2020,Q2,ECL,,28-04-20
2020,Q3,ECL,,28-07-20
2020,Q4,ECL,,27-10-20
2021,Q1,ECL,,16-02-21
2021,Q2,ECL,,27-04-21
2021,Q3,ECL,,27-07-21
2021,Q4,ECL,,26-10-21
2022,Q1,ECL,,15-02-22
2022,Q2,ECL,,26-04-22
2022,Q3,ECL,,26-07-22
2022,Q4,ECL,,01-11-22
2023,Q1,ECL,,14-02-23
2023,Q2,ECL,,02-05-23
2023,Q3,ECL,,01-08-23
2023,Q4,ECL,,31-10-23
2024,Q1,ECL,,13-02-24
2024,Q2,ECL,,30-04-24
2024,Q3,ECL,,30-07-24
2024,Q4,ECL,,29-10-24
2025,Q1,ECL,,11-02-25
2025,Q2,ECL,,29-04-25
2025,Q3,ECL,,29-07-25
2025,Q4,ECL,,28-10-25
2020,Q1,EFX,,12-02-20
2020,Q2,EFX,,20-04-20
2020,Q3,EFX,,22-07-20
2020,Q4,EFX,,21-10-20
2021,Q1,EFX,,10-02-21
2021,Q2,EFX,,21-04-21
2021,Q3,EFX,,21-07-21
2021,Q4,EFX,,20-10-21
2022,Q1,EFX,,09-02-22
2022,Q2,EFX,,20-04-22
2022,Q3,EFX,,20-07-22
2022,Q4,EFX,,19-10-22
2023,Q1,EFX,,08-02-23
2023,Q2,EFX,,19-04-23
2023,Q3,EFX,,19-07-23
2023,Q4,EFX,,18-10-23
2024,Q1,EFX,,07-02-24
2024,Q2,EFX,,17-04-24
2024,Q3,EFX,,17-07-24
2024,Q4,EFX,,16-10-24
2025,Q1,EFX,,06-02-25
2025,Q2,EFX,,22-04-25
2025,Q3,EFX,,22-07-25
2025,Q4,EFX,,15-10-25
2020,Q1,EIX,,27-02-20
2020,Q2,EIX,,30-04-20
2020,Q3,EIX,,28-07-20
2020,Q4,EIX,,27-10-20
2021,Q1,EIX,,25-02-21
2021,Q2,EIX,,27-04-21
2021,Q3,EIX,,29-07-21
2021,Q4,EIX,,02-11-21
2022,Q1,EIX,,24-02-22
2022,Q2,EIX,,03-05-22
2022,Q3,EIX,,28-07-22
2022,Q4,EIX,,01-11-22
2023,Q1,EIX,,23-02-23
2023,Q2,EIX,,02-05-23
2023,Q3,EIX,,27-07-23
2023,Q4,EIX,,01-11-23
2024,Q1,EIX,,22-02-24
2024,Q2,EIX,,30-04-24
2024,Q3,EIX,,25-07-24
2024,Q4,EIX,,29-10-24
2025,Q1,EIX,,27-02-25
2025,Q2,EIX,,29-04-25
2025,Q3,EIX,,31-07-25
2025,Q4,EIX,,04-11-25
2020,Q1,EL,The Estée Lauder Companies Inc.,06-02-20
2020,Q2,EL,The Estée Lauder Companies Inc.,01-05-20
2020,Q3,EL,The Estée Lauder Companies Inc.,20-08-20
2020,Q4,EL,The Estée Lauder Companies Inc.,02-11-20
2021,Q1,EL,The Estée Lauder Companies Inc.,05-02-21
2021,Q2,EL,The Estée Lauder Companies Inc.,03-05-21
2021,Q3,EL,The Estée Lauder Companies Inc.,19-08-21
2021,Q4,EL,The Estée Lauder Companies Inc.,02-11-21
2022,Q1,EL,The Estée Lauder Companies Inc.,03-02-22
2022,Q2,EL,The Estée Lauder Companies Inc.,03-05-22
2022,Q3,EL,The Estée Lauder Companies Inc.,18-08-22
2022,Q4,EL,The Estée Lauder Companies Inc.,02-11-22
2023,Q1,EL,The Estée Lauder Companies Inc.,02-02-23
2023,Q2,EL,The Estée Lauder Companies Inc.,03-05-23
2023,Q3,EL,The Estée Lauder Companies Inc.,18-08-23
2023,Q4,EL,The Estée Lauder Companies Inc.,01-11-23
2024,Q1,EL,The Estée Lauder Companies Inc.,05-02-24
2024,Q2,EL,The Estée Lauder Companies Inc.,01-05-24
2024,Q3,EL,The Estée Lauder Companies Inc.,19-08-24
2024,Q4,EL,The Estée Lauder Companies Inc.,31-10-24
2025,Q1,EL,The Estée Lauder Companies Inc.,04-02-25
2025,Q2,EL,The Estée Lauder Companies Inc.,01-05-25
2025,Q3,EL,The Estée Lauder Companies Inc.,20-08-25
2025,Q4,EL,The Estée Lauder Companies Inc.,30-10-25
2020,Q1,ELV,"Elevance Health, Inc.",29-01-20
2020,Q2,ELV,"Elevance Health, Inc.",29-04-20
2020,Q3,ELV,"Elevance Health, Inc.",29-07-20
2020,Q4,ELV,"Elevance Health, Inc.",28-10-20
2021,Q1,ELV,"Elevance Health, Inc.",27-01-21
2021,Q2,ELV,"Elevance Health, Inc.",21-04-21
2021,Q3,ELV,"Elevance Health, Inc.",21-07-21
2021,Q4,ELV,"Elevance Health, Inc.",20-10-21
2022,Q1,ELV,"Elevance Health, Inc.",26-01-22
2022,Q2,ELV,"Elevance Health, Inc.",20-04-22
2022,Q3,ELV,"Elevance Health, Inc.",20-07-22
2022,Q4,ELV,"Elevance Health, Inc.",19-10-22
2023,Q1,ELV,"Elevance Health, Inc.",25-01-23
2023,Q2,ELV,"Elevance Health, Inc.",19-04-23
2023,Q3,ELV,"Elevance Health, Inc.",19-07-23
2023,Q4,ELV,"Elevance Health, Inc.",18-10-23
2024,Q1,ELV,"Elevance Health, Inc.",24-01-24
2024,Q2,ELV,"Elevance Health, Inc.",18-04-24
2024,Q3,ELV,"Elevance Health, Inc.",17-07-24
2024,Q4,ELV,"Elevance Health, Inc.",17-10-24
2025,Q1,ELV,"Elevance Health, Inc.",23-01-25
2025,Q2,ELV,"Elevance Health, Inc.",22-04-25
2025,Q3,ELV,"Elevance Health, Inc.",17-07-25
2025,Q4,ELV,"Elevance Health, Inc.",16-10-25
2020,Q1,EMN,Eastman Chemical Company,30-01-20
2020,Q2,EMN,Eastman Chemical Company,30-04-20
2020,Q3,EMN,Eastman Chemical Company,03-08-20
2020,Q4,EMN,Eastman Chemical Company,29-10-20
2021,Q1,EMN,Eastman Chemical Company,28-01-21
2021,Q2,EMN,Eastman Chemical Company,29-04-21
2021,Q3,EMN,Eastman Chemical Company,02-08-21
2021,Q4,EMN,Eastman Chemical Company,28-10-21
2022,Q1,EMN,Eastman Chemical Company,27-01-22
2022,Q2,EMN,Eastman Chemical Company,28-04-22
2022,Q3,EMN,Eastman Chemical Company,28-07-22
2022,Q4,EMN,Eastman Chemical Company,27-10-22
2023,Q1,EMN,Eastman Chemical Company,26-01-23
2023,Q2,EMN,Eastman Chemical Company,27-04-23
2023,Q3,EMN,Eastman Chemical Company,27-07-23
2023,Q4,EMN,Eastman Chemical Company,26-10-23
2024,Q1,EMN,Eastman Chemical Company,01-02-24
2024,Q2,EMN,Eastman Chemical Company,25-04-24
2024,Q3,EMN,Eastman Chemical Company,25-07-24
2024,Q4,EMN,Eastman Chemical Company,31-10-24
2025,Q1,EMN,Eastman Chemical Company,30-01-25
2025,Q2,EMN,Eastman Chemical Company,24-04-25
2025,Q3,EMN,Eastman Chemical Company,31-07-25
2025,Q4,EMN,Eastman Chemical Company,30-10-25
2020,Q1,EMR,Emerson Electric Co.,04-02-20
2020,Q2,EMR,Emerson Electric Co.,21-04-20
2020,Q3,EMR,Emerson Electric Co.,04-08-20
2020,Q4,EMR,Emerson Electric Co.,03-11-20
2021,Q1,EMR,Emerson Electric Co.,02-02-21
2021,Q2,EMR,Emerson Electric Co.,05-05-21
2021,Q3,EMR,Emerson Electric Co.,04-08-21
2021,Q4,EMR,Emerson Electric Co.,03-11-21
2022,Q1,EMR,Emerson Electric Co.,02-02-22
2022,Q2,EMR,Emerson Electric Co.,04-05-22
2022,Q3,EMR,Emerson Electric Co.,09-08-22
2022,Q4,EMR,Emerson Electric Co.,31-10-22
2023,Q1,EMR,Emerson Electric Co.,08-02-23
2023,Q2,EMR,Emerson Electric Co.,03-05-23
2023,Q3,EMR,Emerson Electric Co.,02-08-23
2023,Q4,EMR,Emerson Electric Co.,07-11-23
2024,Q1,EMR,Emerson Electric Co.,07-02-24
2024,Q2,EMR,Emerson Electric Co.,08-05-24
2024,Q3,EMR,Emerson Electric Co.,07-08-24
2024,Q4,EMR,Emerson Electric Co.,05-11-24
2025,Q1,EMR,Emerson Electric Co.,05-02-25
2025,Q2,EMR,Emerson Electric Co.,07-05-25
2025,Q3,EMR,Emerson Electric Co.,06-08-25
2025,Q4,EMR,Emerson Electric Co.,05-11-25
2020,Q1,ENPH,"Enphase Energy, Inc.",18-02-20
2020,Q2,ENPH,"Enphase Energy, Inc.",05-05-20
2020,Q3,ENPH,"Enphase Energy, Inc.",04-08-20
2020,Q4,ENPH,"Enphase Energy, Inc.",27-10-20
2021,Q1,ENPH,"Enphase Energy, Inc.",09-02-21
2021,Q2,ENPH,"Enphase Energy, Inc.",27-04-21
2021,Q3,ENPH,"Enphase Energy, Inc.",27-07-21
2021,Q4,ENPH,"Enphase Energy, Inc.",26-10-21
2022,Q1,ENPH,"Enphase Energy, Inc.",08-02-22
2022,Q2,ENPH,"Enphase Energy, Inc.",26-04-22
2022,Q3,ENPH,"Enphase Energy, Inc.",26-07-22
2022,Q4,ENPH,"Enphase Energy, Inc.",25-10-22
2023,Q1,ENPH,"Enphase Energy, Inc.",07-02-23
2023,Q2,ENPH,"Enphase Energy, Inc.",25-04-23
2023,Q3,ENPH,"Enphase Energy, Inc.",27-07-23
2023,Q4,ENPH,"Enphase Energy, Inc.",26-10-23
2024,Q1,ENPH,"Enphase Energy, Inc.",06-02-24
2024,Q2,ENPH,"Enphase Energy, Inc.",23-04-24
2024,Q3,ENPH,"Enphase Energy, Inc.",23-07-24
2024,Q4,ENPH,"Enphase Energy, Inc.",22-10-24
2025,Q1,ENPH,"Enphase Energy, Inc.",04-02-25
2025,Q2,ENPH,"Enphase Energy, Inc.",22-04-25
2025,Q3,ENPH,"Enphase Energy, Inc.",22-07-25
2025,Q4,ENPH,"Enphase Energy, Inc.",21-10-25
2020,Q1,EOG,"EOG Resources, Inc.",27-02-20
2020,Q2,EOG,"EOG Resources, Inc.",07-05-20
2020,Q3,EOG,"EOG Resources, Inc.",06-08-20
2020,Q4,EOG,"EOG Resources, Inc.",05-11-20
2021,Q1,EOG,"EOG Resources, Inc.",25-02-21
2021,Q2,EOG,"EOG Resources, Inc.",06-05-21
2021,Q3,EOG,"EOG Resources, Inc.",04-08-21
2021,Q4,EOG,"EOG Resources, Inc.",04-11-21
2022,Q1,EOG,"EOG Resources, Inc.",24-02-22
2022,Q2,EOG,"EOG Resources, Inc.",05-05-22
2022,Q3,EOG,"EOG Resources, Inc.",04-08-22
2022,Q4,EOG,"EOG Resources, Inc.",03-11-22
2023,Q1,EOG,"EOG Resources, Inc.",23-02-23
2023,Q2,EOG,"EOG Resources, Inc.",04-05-23
2023,Q3,EOG,"EOG Resources, Inc.",03-08-23
2023,Q4,EOG,"EOG Resources, Inc.",02-11-23
2024,Q1,EOG,"EOG Resources, Inc.",22-02-24
2024,Q2,EOG,"EOG Resources, Inc.",02-05-24
2024,Q3,EOG,"EOG Resources, Inc.",01-08-24
2024,Q4,EOG,"EOG Resources, Inc.",07-11-24
2025,Q1,EOG,"EOG Resources, Inc.",27-02-25
2025,Q2,EOG,"EOG Resources, Inc.",01-05-25
2025,Q3,EOG,"EOG Resources, Inc.",07-08-25
2025,Q4,EOG,"EOG Resources, Inc.",06-11-25
2020,Q1,EPAM,,20-02-20
2020,Q2,EPAM,,07-05-20
2020,Q3,EPAM,,06-08-20
2020,Q4,EPAM,,05-11-20
2021,Q1,EPAM,,18-02-21
2021,Q2,EPAM,,06-05-21
2021,Q3,EPAM,,05-08-21
2021,Q4,EPAM,,04-11-21
2022,Q1,EPAM,,17-02-22
2022,Q2,EPAM,,05-05-22
2022,Q3,EPAM,,04-08-22
2022,Q4,EPAM,,03-11-22
2023,Q1,EPAM,,16-02-23
2023,Q2,EPAM,,05-05-23
2023,Q3,EPAM,,03-08-23
2023,Q4,EPAM,,02-11-23
2024,Q1,EPAM,,15-02-24
2024,Q2,EPAM,,09-05-24
2024,Q3,EPAM,,08-08-24
2024,Q4,EPAM,,07-11-24
2025,Q1,EPAM,,20-02-25
2025,Q2,EPAM,,08-05-25
2025,Q3,EPAM,,07-08-25
2025,Q4,EPAM,,06-11-25
2020,Q1,EQIX,"Equinix, Inc.",12-02-20
2020,Q2,EQIX,"Equinix, Inc.",06-05-20
2020,Q3,EQIX,"Equinix, Inc.",29-07-20
2020,Q4,EQIX,"Equinix, Inc.",28-10-20
2021,Q1,EQIX,"Equinix, Inc.",10-02-21
2021,Q2,EQIX,"Equinix, Inc.",28-04-21
2021,Q3,EQIX,"Equinix, Inc.",28-07-21
2021,Q4,EQIX,"Equinix, Inc.",03-11-21
2022,Q1,EQIX,"Equinix, Inc.",16-02-22
2022,Q2,EQIX,"Equinix, Inc.",27-04-22
2022,Q3,EQIX,"Equinix, Inc.",27-07-22
2022,Q4,EQIX,"Equinix, Inc.",02-11-22
2023,Q1,EQIX,"Equinix, Inc.",15-02-23
2023,Q2,EQIX,"Equinix, Inc.",03-05-23
2023,Q3,EQIX,"Equinix, Inc.",02-08-23
2023,Q4,EQIX,"Equinix, Inc.",25-10-23
2024,Q1,EQIX,"Equinix, Inc.",14-02-24
2024,Q2,EQIX,"Equinix, Inc.",08-05-24
2024,Q3,EQIX,"Equinix, Inc.",07-08-24
2024,Q4,EQIX,"Equinix, Inc.",30-10-24
2025,Q1,EQIX,"Equinix, Inc.",12-02-25
2025,Q2,EQIX,"Equinix, Inc.",30-04-25
2025,Q3,EQIX,"Equinix, Inc.",30-07-25
2025,Q4,EQIX,"Equinix, Inc.",29-10-25
2020,Q1,EQR,Equity Residential,28-01-20
2020,Q2,EQR,Equity Residential,05-05-20
2020,Q3,EQR,Equity Residential,28-07-20
2020,Q4,EQR,Equity Residential,27-10-20
2021,Q1,EQR,Equity Residential,10-02-21
2021,Q2,EQR,Equity Residential,27-04-21
2021,Q3,EQR,Equity Residential,27-07-21
2021,Q4,EQR,Equity Residential,26-10-21
2022,Q1,EQR,Equity Residential,01-02-22
2022,Q2,EQR,Equity Residential,26-04-22
2022,Q3,EQR,Equity Residential,26-07-22
2022,Q4,EQR,Equity Residential,25-10-22
2023,Q1,EQR,Equity Residential,09-02-23
2023,Q2,EQR,Equity Residential,25-04-23
2023,Q3,EQR,Equity Residential,27-07-23
2023,Q4,EQR,Equity Residential,31-10-23
2024,Q1,EQR,Equity Residential,30-01-24
2024,Q2,EQR,Equity Residential,23-04-24
2024,Q3,EQR,Equity Residential,29-07-24
2024,Q4,EQR,Equity Residential,30-10-24
2025,Q1,EQR,Equity Residential,03-02-25
2025,Q2,EQR,Equity Residential,29-04-25
2025,Q3,EQR,Equity Residential,04-08-25
2025,Q4,EQR,Equity Residential,05-11-25
2020,Q1,EQT,EQT Corporation,27-02-20
2020,Q2,EQT,EQT Corporation,07-05-20
2020,Q3,EQT,EQT Corporation,27-07-20
2020,Q4,EQT,EQT Corporation,22-10-20
2021,Q1,EQT,EQT Corporation,17-02-21
2021,Q2,EQT,EQT Corporation,05-05-21
2021,Q3,EQT,EQT Corporation,28-07-21
2021,Q4,EQT,EQT Corporation,27-10-21
2022,Q1,EQT,EQT Corporation,09-02-22
2022,Q2,EQT,EQT Corporation,27-04-22
2022,Q3,EQT,EQT Corporation,27-07-22
2022,Q4,EQT,EQT Corporation,26-10-22
2023,Q1,EQT,EQT Corporation,15-02-23
2023,Q2,EQT,EQT Corporation,26-04-23
2023,Q3,EQT,EQT Corporation,25-07-23
2023,Q4,EQT,EQT Corporation,25-10-23
2024,Q1,EQT,EQT Corporation,13-02-24
2024,Q2,EQT,EQT Corporation,23-04-24
2024,Q3,EQT,EQT Corporation,23-07-24
2024,Q4,EQT,EQT Corporation,29-10-24
2025,Q1,EQT,EQT Corporation,18-02-25
2025,Q2,EQT,EQT Corporation,22-04-25
2025,Q3,EQT,EQT Corporation,22-07-25
2025,Q4,EQT,EQT Corporation,04-11-25
2020,Q1,ESS,,29-01-20
2020,Q2,ESS,,06-05-20
2020,Q3,ESS,,03-08-20
2020,Q4,ESS,,28-10-20
2021,Q1,ESS,,04-02-21
2021,Q2,ESS,,27-04-21
2021,Q3,ESS,,29-07-21
2021,Q4,ESS,,26-10-21
2022,Q1,ESS,,02-02-22
2022,Q2,ESS,,26-04-22
2022,Q3,ESS,,26-07-22
2022,Q4,ESS,,26-10-22
2023,Q1,ESS,,07-02-23
2023,Q2,ESS,,27-04-23
2023,Q3,ESS,,27-07-23
2023,Q4,ESS,,26-10-23
2024,Q1,ESS,,06-02-24
2024,Q2,ESS,,30-04-24
2024,Q3,ESS,,30-07-24
2024,Q4,ESS,,29-10-24
2025,Q1,ESS,,04-02-25
2025,Q2,ESS,,29-04-25
2025,Q3,ESS,,29-07-25
2025,Q4,ESS,,28-10-25
2020,Q1,ETN,Eaton Corporation plc,04-02-20
2020,Q2,ETN,Eaton Corporation plc,30-04-20
2020,Q3,ETN,Eaton Corporation plc,29-07-20
2020,Q4,ETN,Eaton Corporation plc,03-11-20
2021,Q1,ETN,Eaton Corporation plc,02-02-21
2021,Q2,ETN,Eaton Corporation plc,04-05-21
2021,Q3,ETN,Eaton Corporation plc,03-08-21
2021,Q4,ETN,Eaton Corporation plc,02-11-21
2022,Q1,ETN,Eaton Corporation plc,04-02-22
2022,Q2,ETN,Eaton Corporation plc,03-05-22
2022,Q3,ETN,Eaton Corporation plc,02-08-22
2022,Q4,ETN,Eaton Corporation plc,01-11-22
2023,Q1,ETN,Eaton Corporation plc,08-02-23
2023,Q2,ETN,Eaton Corporation plc,02-05-23
2023,Q3,ETN,Eaton Corporation plc,01-08-23
2023,Q4,ETN,Eaton Corporation plc,31-10-23
2024,Q1,ETN,Eaton Corporation plc,01-02-24
2024,Q2,ETN,Eaton Corporation plc,30-04-24
2024,Q3,ETN,Eaton Corporation plc,01-08-24
2024,Q4,ETN,Eaton Corporation plc,31-10-24
2025,Q1,ETN,Eaton Corporation plc,31-01-25
2025,Q2,ETN,Eaton Corporation plc,02-05-25
2025,Q3,ETN,Eaton Corporation plc,05-08-25
2025,Q4,ETN,Eaton Corporation plc,30-10-25
2020,Q1,ETR,,19-02-20
2020,Q2,ETR,,11-05-20
2020,Q3,ETR,,29-07-20
2020,Q4,ETR,,28-10-20
2021,Q1,ETR,,24-02-21
2021,Q2,ETR,,28-04-21
2021,Q3,ETR,,04-08-21
2021,Q4,ETR,,03-11-21
2022,Q1,ETR,,23-02-22
2022,Q2,ETR,,27-04-22
2022,Q3,ETR,,03-08-22
2022,Q4,ETR,,02-11-22
2023,Q1,ETR,,16-02-23
2023,Q2,ETR,,26-04-23
2023,Q3,ETR,,02-08-23
2023,Q4,ETR,,01-11-23
2024,Q1,ETR,,22-02-24
2024,Q2,ETR,,24-04-24
2024,Q3,ETR,,01-08-24
2024,Q4,ETR,,31-10-24
2025,Q1,ETR,,18-02-25
2025,Q2,ETR,,29-04-25
2025,Q3,ETR,,30-07-25
2025,Q4,ETR,,30-10-25
2020,Q1,ETSY,"Etsy, Inc.",26-02-20
2020,Q2,ETSY,"Etsy, Inc.",07-05-20
2020,Q3,ETSY,"Etsy, Inc.",05-08-20
2020,Q4,ETSY,"Etsy, Inc.",28-10-20
2021,Q1,ETSY,"Etsy, Inc.",25-02-21
2021,Q2,ETSY,"Etsy, Inc.",05-05-21
2021,Q3,ETSY,"Etsy, Inc.",04-08-21
2021,Q4,ETSY,"Etsy, Inc.",03-11-21
2022,Q1,ETSY,"Etsy, Inc.",24-02-22
2022,Q2,ETSY,"Etsy, Inc.",04-05-22
2022,Q3,ETSY,"Etsy, Inc.",27-07-22
2022,Q4,ETSY,"Etsy, Inc.",02-11-22
2023,Q1,ETSY,"Etsy, Inc.",22-02-23
2023,Q2,ETSY,"Etsy, Inc.",03-05-23
2023,Q3,ETSY,"Etsy, Inc.",02-08-23
2023,Q4,ETSY,"Etsy, Inc.",01-11-23
2024,Q1,ETSY,"Etsy, Inc.",21-02-24
2024,Q2,ETSY,"Etsy, Inc.",01-05-24
2024,Q3,ETSY,"Etsy, Inc.",31-07-24
2024,Q4,ETSY,"Etsy, Inc.",30-10-24
2025,Q1,ETSY,"Etsy, Inc.",19-02-25
2025,Q2,ETSY,"Etsy, Inc.",30-04-25
2025,Q3,ETSY,"Etsy, Inc.",30-07-25
2025,Q4,ETSY,"Etsy, Inc.",29-10-25
2020,Q1,EW,Edwards Lifesciences,30-01-20
2020,Q2,EW,Edwards Lifesciences,23-04-20
2020,Q3,EW,Edwards Lifesciences,23-07-20
2020,Q4,EW,Edwards Lifesciences,21-10-20
2021,Q1,EW,Edwards Lifesciences,27-01-21
2021,Q2,EW,Edwards Lifesciences,20-04-21
2021,Q3,EW,Edwards Lifesciences,29-07-21
2021,Q4,EW,Edwards Lifesciences,27-10-21
2022,Q1,EW,Edwards Lifesciences,26-01-22
2022,Q2,EW,Edwards Lifesciences,26-04-22
2022,Q3,EW,Edwards Lifesciences,28-07-22
2022,Q4,EW,Edwards Lifesciences,27-10-22
2023,Q1,EW,Edwards Lifesciences,31-01-23
2023,Q2,EW,Edwards Lifesciences,26-04-23
2023,Q3,EW,Edwards Lifesciences,26-07-23
2023,Q4,EW,Edwards Lifesciences,25-10-23
2024,Q1,EW,Edwards Lifesciences,06-02-24
2024,Q2,EW,Edwards Lifesciences,25-04-24
2024,Q3,EW,Edwards Lifesciences,24-07-24
2024,Q4,EW,Edwards Lifesciences,24-10-24
2025,Q1,EW,Edwards Lifesciences,11-02-25
2025,Q2,EW,Edwards Lifesciences,23-04-25
2025,Q3,EW,Edwards Lifesciences,24-07-25
2025,Q4,EW,Edwards Lifesciences,30-10-25
2020,Q1,EXC,Exelon Corporation,11-02-20
2020,Q2,EXC,Exelon Corporation,08-05-20
2020,Q3,EXC,Exelon Corporation,04-08-20
2020,Q4,EXC,Exelon Corporation,03-11-20
2021,Q1,EXC,Exelon Corporation,24-02-21
2021,Q2,EXC,Exelon Corporation,05-05-21
2021,Q3,EXC,Exelon Corporation,04-08-21
2021,Q4,EXC,Exelon Corporation,03-11-21
2022,Q1,EXC,Exelon Corporation,25-02-22
2022,Q2,EXC,Exelon Corporation,09-05-22
2022,Q3,EXC,Exelon Corporation,03-08-22
2022,Q4,EXC,Exelon Corporation,03-11-22
2023,Q1,EXC,Exelon Corporation,14-02-23
2023,Q2,EXC,Exelon Corporation,03-05-23
2023,Q3,EXC,Exelon Corporation,02-08-23
2023,Q4,EXC,Exelon Corporation,02-11-23
2024,Q1,EXC,Exelon Corporation,21-02-24
2024,Q2,EXC,Exelon Corporation,02-05-24
2024,Q3,EXC,Exelon Corporation,01-08-24
2024,Q4,EXC,Exelon Corporation,30-10-24
2025,Q1,EXC,Exelon Corporation,12-02-25
2025,Q2,EXC,Exelon Corporation,01-05-25
2025,Q3,EXC,Exelon Corporation,31-07-25
2025,Q4,EXC,Exelon Corporation,29-10-25
2020,Q1,EXPE,,13-02-20
2020,Q2,EXPE,,20-05-20
2020,Q3,EXPE,,30-07-20
2020,Q4,EXPE,,04-11-20
2021,Q1,EXPE,,11-02-21
2021,Q2,EXPE,,06-05-21
2021,Q3,EXPE,,05-08-21
2021,Q4,EXPE,,04-11-21
2022,Q1,EXPE,,10-02-22
2022,Q2,EXPE,,02-05-22
2022,Q3,EXPE,,04-08-22
2022,Q4,EXPE,,03-11-22
2023,Q1,EXPE,,09-02-23
2023,Q2,EXPE,,04-05-23
2023,Q3,EXPE,,03-08-23
2023,Q4,EXPE,,02-11-23
2024,Q1,EXPE,,08-02-24
2024,Q2,EXPE,,02-05-24
2024,Q3,EXPE,,08-08-24
2024,Q4,EXPE,,07-11-24
2025,Q1,EXPE,,06-02-25
2025,Q2,EXPE,,08-05-25
2025,Q3,EXPE,,07-08-25
2025,Q4,EXPE,,06-11-25
2020,Q1,EXR,,18-02-20
2020,Q2,EXR,,06-05-20
2020,Q3,EXR,,04-08-20
2020,Q4,EXR,,04-11-20
2021,Q1,EXR,,22-02-21
2021,Q2,EXR,,28-04-21
2021,Q3,EXR,,27-07-21
2021,Q4,EXR,,27-10-21
2022,Q1,EXR,,23-02-22
2022,Q2,EXR,,03-05-22
2022,Q3,EXR,,02-08-22
2022,Q4,EXR,,01-11-22
2023,Q1,EXR,,22-02-23
2023,Q2,EXR,,02-05-23
2023,Q3,EXR,,03-08-23
2023,Q4,EXR,,07-11-23
2024,Q1,EXR,,27-02-24
2024,Q2,EXR,,30-04-24
2024,Q3,EXR,,30-07-24
2024,Q4,EXR,,29-10-24
2025,Q1,EXR,,25-02-25
2025,Q2,EXR,,29-04-25
2025,Q3,EXR,,30-07-25
2025,Q4,EXR,,28-10-25
2020,Q1,F,Ford Motor Company,04-02-20
2020,Q2,F,Ford Motor Company,28-04-20
2020,Q3,F,Ford Motor Company,30-07-20
2020,Q4,F,Ford Motor Company,28-10-20
2021,Q1,F,Ford Motor Company,04-02-21
2021,Q2,F,Ford Motor Company,28-04-21
2021,Q3,F,Ford Motor Company,28-07-21
2021,Q4,F,Ford Motor Company,27-10-21
2022,Q1,F,Ford Motor Company,03-02-22
2022,Q2,F,Ford Motor Company,27-04-22
2022,Q3,F,Ford Motor Company,27-07-22
2022,Q4,F,Ford Motor Company,26-10-22
2023,Q1,F,Ford Motor Company,02-02-23
2023,Q2,F,Ford Motor Company,02-05-23
2023,Q3,F,Ford Motor Company,27-07-23
2023,Q4,F,Ford Motor Company,26-10-23
2024,Q1,F,Ford Motor Company,06-02-24
2024,Q2,F,Ford Motor Company,24-04-24
2024,Q3,F,Ford Motor Company,24-07-24
2024,Q4,F,Ford Motor Company,28-10-24
2025,Q1,F,Ford Motor Company,05-02-25
2025,Q2,F,Ford Motor Company,05-05-25
2025,Q3,F,Ford Motor Company,30-07-25
2025,Q4,F,Ford Motor Company,29-10-25
2020,Q1,FANG,,18-02-20
2020,Q2,FANG,,04-05-20
2020,Q3,FANG,,03-08-20
2020,Q4,FANG,,02-11-20
2021,Q1,FANG,,22-02-21
2021,Q2,FANG,,03-05-21
2021,Q3,FANG,,02-08-21
2021,Q4,FANG,,01-11-21
2022,Q1,FANG,,22-02-22
2022,Q2,FANG,,02-05-22
2022,Q3,FANG,,01-08-22
2022,Q4,FANG,,07-11-22
2023,Q1,FANG,,21-02-23
2023,Q2,FANG,,01-05-23
2023,Q3,FANG,,31-07-23
2023,Q4,FANG,,06-11-23
2024,Q1,FANG,,20-02-24
2024,Q2,FANG,,30-04-24
2024,Q3,FANG,,05-08-24
2024,Q4,FANG,,04-11-24
2025,Q1,FANG,,24-02-25
2025,Q2,FANG,,05-05-25
2025,Q3,FANG,,04-08-25
2025,Q4,FANG,,03-11-25
2020,Q1,FAST,,17-01-20
2020,Q2,FAST,,14-04-20
2020,Q3,FAST,,14-07-20
2020,Q4,FAST,,13-10-20
2021,Q1,FAST,,20-01-21
2021,Q2,FAST,,13-04-21
2021,Q3,FAST,,13-07-21
2021,Q4,FAST,,12-10-21
2022,Q1,FAST,,19-01-22
2022,Q2,FAST,,13-04-22
2022,Q3,FAST,,13-07-22
2022,Q4,FAST,,13-10-22
2023,Q1,FAST,,19-01-23
2023,Q2,FAST,,13-04-23
2023,Q3,FAST,,13-07-23
2023,Q4,FAST,,12-10-23
2024,Q1,FAST,,18-01-24
2024,Q2,FAST,,11-04-24
2024,Q3,FAST,,12-07-24
2024,Q4,FAST,,11-10-24
2025,Q1,FAST,,17-01-25
2025,Q2,FAST,,11-04-25
2025,Q3,FAST,,14-07-25
2025,Q4,FAST,,13-10-25
2020,Q1,FCX,,23-01-20
2020,Q2,FCX,,24-04-20
2020,Q3,FCX,,23-07-20
2020,Q4,FCX,,22-10-20
2021,Q1,FCX,,26-01-21
2021,Q2,FCX,,22-04-21
2021,Q3,FCX,,22-07-21
2021,Q4,FCX,,21-10-21
2022,Q1,FCX,,26-01-22
2022,Q2,FCX,,21-04-22
2022,Q3,FCX,,21-07-22
2022,Q4,FCX,,20-10-22
2023,Q1,FCX,,25-01-23
2023,Q2,FCX,,21-04-23
2023,Q3,FCX,,20-07-23
2023,Q4,FCX,,19-10-23
2024,Q1,FCX,,24-01-24
2024,Q2,FCX,,23-04-24
2024,Q3,FCX,,23-07-24
2024,Q4,FCX,,22-10-24
2025,Q1,FCX,,23-01-25
2025,Q2,FCX,,24-04-25
2025,Q3,FCX,,23-07-25
2025,Q4,FCX,,21-10-25
2020,Q1,FDS,FactSet Research Systems,26-03-20
2020,Q2,FDS,FactSet Research Systems,25-06-20
2020,Q3,FDS,FactSet Research Systems,24-09-20
2020,Q4,FDS,FactSet Research Systems,21-12-20
2021,Q1,FDS,FactSet Research Systems,30-03-21
2021,Q2,FDS,FactSet Research Systems,29-06-21
2021,Q3,FDS,FactSet Research Systems,28-09-21
2021,Q4,FDS,FactSet Research Systems,21-12-21
2022,Q1,FDS,FactSet Research Systems,24-03-22
2022,Q2,FDS,FactSet Research Systems,23-06-22
2022,Q3,FDS,FactSet Research Systems,22-09-22
2022,Q4,FDS,FactSet Research Systems,20-12-22
2023,Q1,FDS,FactSet Research Systems,23-03-23
2023,Q2,FDS,FactSet Research Systems,22-06-23
2023,Q3,FDS,FactSet Research Systems,21-09-23
2023,Q4,FDS,FactSet Research Systems,19-12-23
2024,Q1,FDS,FactSet Research Systems,21-03-24
2024,Q2,FDS,FactSet Research Systems,21-06-24
2024,Q3,FDS,FactSet Research Systems,19-09-24
2024,Q4,FDS,FactSet Research Systems,19-12-24
2025,Q1,FDS,FactSet Research Systems,20-03-25
2025,Q2,FDS,FactSet Research Systems,23-06-25
2025,Q3,FDS,FactSet Research Systems,18-09-25
2025,Q4,FDS,FactSet Research Systems,18-12-25
2020,Q1,FDX,FedEx Corporation,17-03-20
2020,Q2,FDX,FedEx Corporation,30-06-20
2020,Q3,FDX,FedEx Corporation,15-09-20
2020,Q4,FDX,FedEx Corporation,17-12-20
2021,Q1,FDX,FedEx Corporation,18-03-21
2021,Q2,FDX,FedEx Corporation,24-06-21
2021,Q3,FDX,FedEx Corporation,21-09-21
2021,Q4,FDX,FedEx Corporation,16-12-21
2022,Q1,FDX,FedEx Corporation,17-03-22
2022,Q2,FDX,FedEx Corporation,23-06-22
2022,Q3,FDX,FedEx Corporation,15-09-22
2022,Q4,FDX,FedEx Corporation,20-12-22
2023,Q1,FDX,FedEx Corporation,16-03-23
2023,Q2,FDX,FedEx Corporation,20-06-23
2023,Q3,FDX,FedEx Corporation,20-09-23
2023,Q4,FDX,FedEx Corporation,19-12-23
2024,Q1,FDX,FedEx Corporation,21-03-24
2024,Q2,FDX,FedEx Corporation,25-06-24
2024,Q3,FDX,FedEx Corporation,19-09-24
2024,Q4,FDX,FedEx Corporation,19-12-24
2025,Q1,FDX,FedEx Corporation,20-03-25
2025,Q2,FDX,FedEx Corporation,24-06-25
2025,Q3,FDX,FedEx Corporation,18-09-25
2025,Q4,FDX,FedEx Corporation,18-12-25
2020,Q1,FE,FirstEnergy Corp.,07-02-20
2020,Q2,FE,FirstEnergy Corp.,23-04-20
2020,Q3,FE,FirstEnergy Corp.,23-07-20
2020,Q4,FE,FirstEnergy Corp.,02-11-20
2021,Q1,FE,FirstEnergy Corp.,18-02-21
2021,Q2,FE,FirstEnergy Corp.,22-04-21
2021,Q3,FE,FirstEnergy Corp.,22-07-21
2021,Q4,FE,FirstEnergy Corp.,28-10-21
2022,Q1,FE,FirstEnergy Corp.,10-02-22
2022,Q2,FE,FirstEnergy Corp.,21-04-22
2022,Q3,FE,FirstEnergy Corp.,26-07-22
2022,Q4,FE,FirstEnergy Corp.,25-10-22
2023,Q1,FE,FirstEnergy Corp.,13-02-23
2023,Q2,FE,FirstEnergy Corp.,27-04-23
2023,Q3,FE,FirstEnergy Corp.,01-08-23
2023,Q4,FE,FirstEnergy Corp.,26-10-23
2024,Q1,FE,FirstEnergy Corp.,08-02-24
2024,Q2,FE,FirstEnergy Corp.,25-04-24
2024,Q3,FE,FirstEnergy Corp.,30-07-24
2024,Q4,FE,FirstEnergy Corp.,29-10-24
2025,Q1,FE,FirstEnergy Corp.,26-02-25
2025,Q2,FE,FirstEnergy Corp.,23-04-25
2025,Q3,FE,FirstEnergy Corp.,30-07-25
2025,Q4,FE,FirstEnergy Corp.,29-10-25
2020,Q1,FFIV,"F5 Networks, Inc.",27-01-20
2020,Q2,FFIV,"F5 Networks, Inc.",27-04-20
2020,Q3,FFIV,"F5 Networks, Inc.",27-07-20
2020,Q4,FFIV,"F5 Networks, Inc.",26-10-20
2021,Q1,FFIV,"F5 Networks, Inc.",26-01-21
2021,Q2,FFIV,"F5 Networks, Inc.",27-04-21
2021,Q3,FFIV,"F5 Networks, Inc.",26-07-21
2021,Q4,FFIV,"F5 Networks, Inc.",26-10-21
2022,Q1,FFIV,"F5 Networks, Inc.",25-01-22
2022,Q2,FFIV,"F5 Networks, Inc.",26-04-22
2022,Q3,FFIV,"F5 Networks, Inc.",25-07-22
2022,Q4,FFIV,"F5 Networks, Inc.",25-10-22
2023,Q1,FFIV,"F5 Networks, Inc.",24-01-23
2023,Q2,FFIV,"F5 Networks, Inc.",19-04-23
2023,Q3,FFIV,"F5 Networks, Inc.",24-07-23
2023,Q4,FFIV,"F5 Networks, Inc.",24-10-23
2024,Q1,FFIV,"F5 Networks, Inc.",29-01-24
2024,Q2,FFIV,"F5 Networks, Inc.",29-04-24
2024,Q3,FFIV,"F5 Networks, Inc.",29-07-24
2024,Q4,FFIV,"F5 Networks, Inc.",28-10-24
2025,Q1,FFIV,"F5 Networks, Inc.",28-01-25
2025,Q2,FFIV,"F5 Networks, Inc.",28-04-25
2025,Q3,FFIV,"F5 Networks, Inc.",30-07-25
2025,Q4,FFIV,"F5 Networks, Inc.",27-10-25
2020,Q1,FICO,Fair Isaac Corporation,30-01-20
2020,Q2,FICO,Fair Isaac Corporation,29-04-20
2020,Q3,FICO,Fair Isaac Corporation,29-07-20
2020,Q4,FICO,Fair Isaac Corporation,10-11-20
2021,Q1,FICO,Fair Isaac Corporation,28-01-21
2021,Q2,FICO,Fair Isaac Corporation,05-05-21
2021,Q3,FICO,Fair Isaac Corporation,03-08-21
2021,Q4,FICO,Fair Isaac Corporation,10-11-21
2022,Q1,FICO,Fair Isaac Corporation,27-01-22
2022,Q2,FICO,Fair Isaac Corporation,27-04-22
2022,Q3,FICO,Fair Isaac Corporation,03-08-22
2022,Q4,FICO,Fair Isaac Corporation,09-11-22
2023,Q1,FICO,Fair Isaac Corporation,26-01-23
2023,Q2,FICO,Fair Isaac Corporation,27-04-23
2023,Q3,FICO,Fair Isaac Corporation,02-08-23
2023,Q4,FICO,Fair Isaac Corporation,08-11-23
2024,Q1,FICO,Fair Isaac Corporation,25-01-24
2024,Q2,FICO,Fair Isaac Corporation,25-04-24
2024,Q3,FICO,Fair Isaac Corporation,31-07-24
2024,Q4,FICO,Fair Isaac Corporation,06-11-24
2025,Q1,FICO,Fair Isaac Corporation,04-02-25
2025,Q2,FICO,Fair Isaac Corporation,29-04-25
2025,Q3,FICO,Fair Isaac Corporation,30-07-25
2025,Q4,FICO,Fair Isaac Corporation,05-11-25
2020,Q1,FIS,"Fidelity National Information Services, Inc.",13-02-20
2020,Q2,FIS,"Fidelity National Information Services, Inc.",07-05-20
2020,Q3,FIS,"Fidelity National Information Services, Inc.",04-08-20
2020,Q4,FIS,"Fidelity National Information Services, Inc.",29-10-20
2021,Q1,FIS,"Fidelity National Information Services, Inc.",09-02-21
2021,Q2,FIS,"Fidelity National Information Services, Inc.",06-05-21
2021,Q3,FIS,"Fidelity National Information Services, Inc.",03-08-21
2021,Q4,FIS,"Fidelity National Information Services, Inc.",04-11-21
2022,Q1,FIS,"Fidelity National Information Services, Inc.",15-02-22
2022,Q2,FIS,"Fidelity National Information Services, Inc.",03-05-22
2022,Q3,FIS,"Fidelity National Information Services, Inc.",04-08-22
2022,Q4,FIS,"Fidelity National Information Services, Inc.",03-11-22
2023,Q1,FIS,"Fidelity National Information Services, Inc.",13-02-23
2023,Q2,FIS,"Fidelity National Information Services, Inc.",27-04-23
2023,Q3,FIS,"Fidelity National Information Services, Inc.",02-08-23
2023,Q4,FIS,"Fidelity National Information Services, Inc.",07-11-23
2024,Q1,FIS,"Fidelity National Information Services, Inc.",26-02-24
2024,Q2,FIS,"Fidelity National Information Services, Inc.",06-05-24
2024,Q3,FIS,"Fidelity National Information Services, Inc.",06-08-24
2024,Q4,FIS,"Fidelity National Information Services, Inc.",04-11-24
2025,Q1,FIS,"Fidelity National Information Services, Inc.",11-02-25
2025,Q2,FIS,"Fidelity National Information Services, Inc.",06-05-25
2025,Q3,FIS,"Fidelity National Information Services, Inc.",05-08-25
2025,Q4,FIS,"Fidelity National Information Services, Inc.",03-11-25
2020,Q1,FITB,,22-01-20
2020,Q2,FITB,,21-04-20
2020,Q3,FITB,,23-07-20
2020,Q4,FITB,,22-10-20
2021,Q1,FITB,,21-01-21
2021,Q2,FITB,,20-04-21
2021,Q3,FITB,,22-07-21
2021,Q4,FITB,,19-10-21
2022,Q1,FITB,,20-01-22
2022,Q2,FITB,,19-04-22
2022,Q3,FITB,,21-07-22
2022,Q4,FITB,,20-10-22
2023,Q1,FITB,,19-01-23
2023,Q2,FITB,,20-04-23
2023,Q3,FITB,,20-07-23
2023,Q4,FITB,,19-10-23
2024,Q1,FITB,,19-01-24
2024,Q2,FITB,,19-04-24
2024,Q3,FITB,,19-07-24
2024,Q4,FITB,,18-10-24
2025,Q1,FITB,,21-01-25
2025,Q2,FITB,,17-04-25
2025,Q3,FITB,,17-07-25
2025,Q4,FITB,,17-10-25
2020,Q1,FLT,FleetCor Technologies,Missing
2020,Q2,FLT,FleetCor Technologies,Missing
2020,Q3,FLT,FleetCor Technologies,Missing
2020,Q4,FLT,FleetCor Technologies,Missing
2021,Q1,FLT,FleetCor Technologies,Missing
2021,Q2,FLT,FleetCor Technologies,Missing
2021,Q3,FLT,FleetCor Technologies,Missing
2021,Q4,FLT,FleetCor Technologies,Missing
2022,Q1,FLT,FleetCor Technologies,Missing
2022,Q2,FLT,FleetCor Technologies,Missing
2022,Q3,FLT,FleetCor Technologies,Missing
2022,Q4,FLT,FleetCor Technologies,Missing
2023,Q1,FLT,FleetCor Technologies,Missing
2023,Q2,FLT,FleetCor Technologies,Missing
2023,Q3,FLT,FleetCor Technologies,Missing
2023,Q4,FLT,FleetCor Technologies,Missing
2024,Q1,FLT,FleetCor Technologies,Missing
2024,Q2,FLT,FleetCor Technologies,Missing
2024,Q3,FLT,FleetCor Technologies,Missing
2024,Q4,FLT,FleetCor Technologies,Missing
2025,Q1,FLT,FleetCor Technologies,Missing
2025,Q2,FLT,FleetCor Technologies,Missing
2025,Q3,FLT,FleetCor Technologies,Missing
2025,Q4,FLT,FleetCor Technologies,Missing
2020,Q1,FMC,FMC Corporation,05-02-20
2020,Q2,FMC,FMC Corporation,05-05-20
2020,Q3,FMC,FMC Corporation,04-08-20
2020,Q4,FMC,FMC Corporation,02-11-20
2021,Q1,FMC,FMC Corporation,09-02-21
2021,Q2,FMC,FMC Corporation,05-05-21
2021,Q3,FMC,FMC Corporation,03-08-21
2021,Q4,FMC,FMC Corporation,02-11-21
2022,Q1,FMC,FMC Corporation,08-02-22
2022,Q2,FMC,FMC Corporation,02-05-22
2022,Q3,FMC,FMC Corporation,02-08-22
2022,Q4,FMC,FMC Corporation,01-11-22
2023,Q1,FMC,FMC Corporation,07-02-23
2023,Q2,FMC,FMC Corporation,01-05-23
2023,Q3,FMC,FMC Corporation,02-08-23
2023,Q4,FMC,FMC Corporation,30-10-23
2024,Q1,FMC,FMC Corporation,05-02-24
2024,Q2,FMC,FMC Corporation,06-05-24
2024,Q3,FMC,FMC Corporation,31-07-24
2024,Q4,FMC,FMC Corporation,29-10-24
2025,Q1,FMC,FMC Corporation,04-02-25
2025,Q2,FMC,FMC Corporation,30-04-25
2025,Q3,FMC,FMC Corporation,30-07-25
2025,Q4,FMC,FMC Corporation,29-10-25
2020,Q1,FOXA,Fox Corporation,05-02-20
2020,Q2,FOXA,Fox Corporation,06-05-20
2020,Q3,FOXA,Fox Corporation,04-08-20
2020,Q4,FOXA,Fox Corporation,03-11-20
2021,Q1,FOXA,Fox Corporation,09-02-21
2021,Q2,FOXA,Fox Corporation,05-05-21
2021,Q3,FOXA,Fox Corporation,04-08-21
2021,Q4,FOXA,Fox Corporation,03-11-21
2022,Q1,FOXA,Fox Corporation,09-02-22
2022,Q2,FOXA,Fox Corporation,10-05-22
2022,Q3,FOXA,Fox Corporation,10-08-22
2022,Q4,FOXA,Fox Corporation,01-11-22
2023,Q1,FOXA,Fox Corporation,08-02-23
2023,Q2,FOXA,Fox Corporation,09-05-23
2023,Q3,FOXA,Fox Corporation,08-08-23
2023,Q4,FOXA,Fox Corporation,02-11-23
2024,Q1,FOXA,Fox Corporation,07-02-24
2024,Q2,FOXA,Fox Corporation,08-05-24
2024,Q3,FOXA,Fox Corporation,06-08-24
2024,Q4,FOXA,Fox Corporation,04-11-24
2025,Q1,FOXA,Fox Corporation,04-02-25
2025,Q2,FOXA,Fox Corporation,12-05-25
2025,Q3,FOXA,Fox Corporation,05-08-25
2025,Q4,FOXA,Fox Corporation,04-11-25
2020,Q1,FRT,,10-02-20
2020,Q2,FRT,,06-05-20
2020,Q3,FRT,,05-08-20
2020,Q4,FRT,,05-11-20
2021,Q1,FRT,,11-02-21
2021,Q2,FRT,,05-05-21
2021,Q3,FRT,,04-08-21
2021,Q4,FRT,,04-11-21
2022,Q1,FRT,,10-02-22
2022,Q2,FRT,,05-05-22
2022,Q3,FRT,,04-08-22
2022,Q4,FRT,,03-11-22
2023,Q1,FRT,,08-02-23
2023,Q2,FRT,,04-05-23
2023,Q3,FRT,,02-08-23
2023,Q4,FRT,,02-11-23
2024,Q1,FRT,,12-02-24
2024,Q2,FRT,,02-05-24
2024,Q3,FRT,,01-08-24
2024,Q4,FRT,,30-10-24
2025,Q1,FRT,,13-02-25
2025,Q2,FRT,,08-05-25
2025,Q3,FRT,,06-08-25
2025,Q4,FRT,,05-11-25
2020,Q1,FSLR,"First Solar, Inc.",20-02-20
2020,Q2,FSLR,"First Solar, Inc.",07-05-20
2020,Q3,FSLR,"First Solar, Inc.",06-08-20
2020,Q4,FSLR,"First Solar, Inc.",27-10-20
2021,Q1,FSLR,"First Solar, Inc.",25-02-21
2021,Q2,FSLR,"First Solar, Inc.",29-04-21
2021,Q3,FSLR,"First Solar, Inc.",29-07-21
2021,Q4,FSLR,"First Solar, Inc.",04-11-21
2022,Q1,FSLR,"First Solar, Inc.",01-03-22
2022,Q2,FSLR,"First Solar, Inc.",28-04-22
2022,Q3,FSLR,"First Solar, Inc.",28-07-22
2022,Q4,FSLR,"First Solar, Inc.",27-10-22
2023,Q1,FSLR,"First Solar, Inc.",28-02-23
2023,Q2,FSLR,"First Solar, Inc.",27-04-23
2023,Q3,FSLR,"First Solar, Inc.",27-07-23
2023,Q4,FSLR,"First Solar, Inc.",31-10-23
2024,Q1,FSLR,"First Solar, Inc.",27-02-24
2024,Q2,FSLR,"First Solar, Inc.",01-05-24
2024,Q3,FSLR,"First Solar, Inc.",30-07-24
2024,Q4,FSLR,"First Solar, Inc.",29-10-24
2025,Q1,FSLR,"First Solar, Inc.",25-02-25
2025,Q2,FSLR,"First Solar, Inc.",29-04-25
2025,Q3,FSLR,"First Solar, Inc.",31-07-25
2025,Q4,FSLR,"First Solar, Inc.",28-10-25
2020,Q1,FTI,,26-02-20
2020,Q2,FTI,,22-04-20
2020,Q3,FTI,,29-07-20
2020,Q4,FTI,,21-10-20
2021,Q1,FTI,,24-02-21
2021,Q2,FTI,,26-04-21
2021,Q3,FTI,,21-07-21
2021,Q4,FTI,,20-10-21
2022,Q1,FTI,,23-02-22
2022,Q2,FTI,,27-04-22
2022,Q3,FTI,,27-07-22
2022,Q4,FTI,,26-10-22
2023,Q1,FTI,,23-02-23
2023,Q2,FTI,,27-04-23
2023,Q3,FTI,,27-07-23
2023,Q4,FTI,,26-10-23
2024,Q1,FTI,,22-02-24
2024,Q2,FTI,,25-04-24
2024,Q3,FTI,,25-07-24
2024,Q4,FTI,,24-10-24
2025,Q1,FTI,,27-02-25
2025,Q2,FTI,,24-04-25
2025,Q3,FTI,,24-07-25
2025,Q4,FTI,,23-10-25
2020,Q1,FTNT,,06-02-20
2020,Q2,FTNT,,06-05-20
2020,Q3,FTNT,,06-08-20
2020,Q4,FTNT,,29-10-20
2021,Q1,FTNT,,04-02-21
2021,Q2,FTNT,,29-04-21
2021,Q3,FTNT,,29-07-21
2021,Q4,FTNT,,04-11-21
2022,Q1,FTNT,,03-02-22
2022,Q2,FTNT,,04-05-22
2022,Q3,FTNT,,03-08-22
2022,Q4,FTNT,,02-11-22
2023,Q1,FTNT,,07-02-23
2023,Q2,FTNT,,04-05-23
2023,Q3,FTNT,,03-08-23
2023,Q4,FTNT,,02-11-23
2024,Q1,FTNT,,06-02-24
2024,Q2,FTNT,,02-05-24
2024,Q3,FTNT,,06-08-24
2024,Q4,FTNT,,07-11-24
2025,Q1,FTNT,,06-02-25
2025,Q2,FTNT,,07-05-25
2025,Q3,FTNT,,06-08-25
2025,Q4,FTNT,,06-11-25
2020,Q1,FTV,,06-02-20
2020,Q2,FTV,,30-04-20
2020,Q3,FTV,,28-07-20
2020,Q4,FTV,,27-10-20
2021,Q1,FTV,,04-02-21
2021,Q2,FTV,,29-04-21
2021,Q3,FTV,,29-07-21
2021,Q4,FTV,,28-10-21
2022,Q1,FTV,,03-02-22
2022,Q2,FTV,,28-04-22
2022,Q3,FTV,,28-07-22
2022,Q4,FTV,,26-10-22
2023,Q1,FTV,,01-02-23
2023,Q2,FTV,,26-04-23
2023,Q3,FTV,,26-07-23
2023,Q4,FTV,,25-10-23
2024,Q1,FTV,,31-01-24
2024,Q2,FTV,,24-04-24
2024,Q3,FTV,,24-07-24
2024,Q4,FTV,,30-10-24
2025,Q1,FTV,,07-02-25
2025,Q2,FTV,,01-05-25
2025,Q3,FTV,,30-07-25
2025,Q4,FTV,,29-10-25
2020,Q1,GD,,29-01-20
2020,Q2,GD,,29-04-20
2020,Q3,GD,,29-07-20
2020,Q4,GD,,28-10-20
2021,Q1,GD,,27-01-21
2021,Q2,GD,,28-04-21
2021,Q3,GD,,28-07-21
2021,Q4,GD,,27-10-21
2022,Q1,GD,,26-01-22
2022,Q2,GD,,27-04-22
2022,Q3,GD,,27-07-22
2022,Q4,GD,,26-10-22
2023,Q1,GD,,25-01-23
2023,Q2,GD,,26-04-23
2023,Q3,GD,,26-07-23
2023,Q4,GD,,25-10-23
2024,Q1,GD,,24-01-24
2024,Q2,GD,,24-04-24
2024,Q3,GD,,24-07-24
2024,Q4,GD,,23-10-24
2025,Q1,GD,,29-01-25
2025,Q2,GD,,23-04-25
2025,Q3,GD,,23-07-25
2025,Q4,GD,,29-10-25
2020,Q1,GE,General Electric Company,29-01-20
2020,Q2,GE,General Electric Company,29-04-20
2020,Q3,GE,General Electric Company,29-07-20
2020,Q4,GE,General Electric Company,28-10-20
2021,Q1,GE,General Electric Company,26-01-21
2021,Q2,GE,General Electric Company,27-04-21
2021,Q3,GE,General Electric Company,27-07-21
2021,Q4,GE,General Electric Company,26-10-21
2022,Q1,GE,General Electric Company,25-01-22
2022,Q2,GE,General Electric Company,26-04-22
2022,Q3,GE,General Electric Company,26-07-22
2022,Q4,GE,General Electric Company,25-10-22
2023,Q1,GE,General Electric Company,24-01-23
2023,Q2,GE,General Electric Company,25-04-23
2023,Q3,GE,General Electric Company,25-07-23
2023,Q4,GE,General Electric Company,24-10-23
2024,Q1,GE,General Electric Company,23-01-24
2024,Q2,GE,General Electric Company,23-04-24
2024,Q3,GE,General Electric Company,23-07-24
2024,Q4,GE,General Electric Company,22-10-24
2025,Q1,GE,General Electric Company,23-01-25
2025,Q2,GE,General Electric Company,22-04-25
2025,Q3,GE,General Electric Company,17-07-25
2025,Q4,GE,General Electric Company,21-10-25
2020,Q1,GILD,"Gilead Sciences, Inc.",04-02-20
2020,Q2,GILD,"Gilead Sciences, Inc.",30-04-20
2020,Q3,GILD,"Gilead Sciences, Inc.",30-07-20
2020,Q4,GILD,"Gilead Sciences, Inc.",28-10-20
2021,Q1,GILD,"Gilead Sciences, Inc.",04-02-21
2021,Q2,GILD,"Gilead Sciences, Inc.",29-04-21
2021,Q3,GILD,"Gilead Sciences, Inc.",29-07-21
2021,Q4,GILD,"Gilead Sciences, Inc.",28-10-21
2022,Q1,GILD,"Gilead Sciences, Inc.",01-02-22
2022,Q2,GILD,"Gilead Sciences, Inc.",28-04-22
2022,Q3,GILD,"Gilead Sciences, Inc.",02-08-22
2022,Q4,GILD,"Gilead Sciences, Inc.",27-10-22
2023,Q1,GILD,"Gilead Sciences, Inc.",02-02-23
2023,Q2,GILD,"Gilead Sciences, Inc.",27-04-23
2023,Q3,GILD,"Gilead Sciences, Inc.",03-08-23
2023,Q4,GILD,"Gilead Sciences, Inc.",07-11-23
2024,Q1,GILD,"Gilead Sciences, Inc.",06-02-24
2024,Q2,GILD,"Gilead Sciences, Inc.",25-04-24
2024,Q3,GILD,"Gilead Sciences, Inc.",08-08-24
2024,Q4,GILD,"Gilead Sciences, Inc.",06-11-24
2025,Q1,GILD,"Gilead Sciences, Inc.",11-02-25
2025,Q2,GILD,"Gilead Sciences, Inc.",24-04-25
2025,Q3,GILD,"Gilead Sciences, Inc.",07-08-25
2025,Q4,GILD,"Gilead Sciences, Inc.",05-11-25
2020,Q1,GIS,"General Mills, Inc.",18-03-20
2020,Q2,GIS,"General Mills, Inc.",Missing
2020,Q3,GIS,"General Mills, Inc.",23-09-20
2020,Q4,GIS,"General Mills, Inc.",17-12-20
2021,Q1,GIS,"General Mills, Inc.",24-03-21
2021,Q2,GIS,"General Mills, Inc.",30-06-21
2021,Q3,GIS,"General Mills, Inc.",22-09-21
2021,Q4,GIS,"General Mills, Inc.",21-12-21
2022,Q1,GIS,"General Mills, Inc.",23-03-22
2022,Q2,GIS,"General Mills, Inc.",29-06-22
2022,Q3,GIS,"General Mills, Inc.",21-09-22
2022,Q4,GIS,"General Mills, Inc.",20-12-22
2023,Q1,GIS,"General Mills, Inc.",23-03-23
2023,Q2,GIS,"General Mills, Inc.",28-06-23
2023,Q3,GIS,"General Mills, Inc.",20-09-23
2023,Q4,GIS,"General Mills, Inc.",20-12-23
2024,Q1,GIS,"General Mills, Inc.",20-03-24
2024,Q2,GIS,"General Mills, Inc.",26-06-24
2024,Q3,GIS,"General Mills, Inc.",18-09-24
2024,Q4,GIS,"General Mills, Inc.",18-12-24
2025,Q1,GIS,"General Mills, Inc.",19-03-25
2025,Q2,GIS,"General Mills, Inc.",25-06-25
2025,Q3,GIS,"General Mills, Inc.",17-09-25
2025,Q4,GIS,"General Mills, Inc.",17-12-25
2020,Q1,GL,,04-02-20
2020,Q2,GL,,22-04-20
2020,Q3,GL,,22-07-20
2020,Q4,GL,,21-10-20
2021,Q1,GL,,02-02-21
2021,Q2,GL,,21-04-21
2021,Q3,GL,,21-07-21
2021,Q4,GL,,20-10-21
2022,Q1,GL,,02-02-22
2022,Q2,GL,,20-04-22
2022,Q3,GL,,27-07-22
2022,Q4,GL,,26-10-22
2023,Q1,GL,,01-02-23
2023,Q2,GL,,03-05-23
2023,Q3,GL,,26-07-23
2023,Q4,GL,,25-10-23
2024,Q1,GL,,07-02-24
2024,Q2,GL,,22-04-24
2024,Q3,GL,,24-07-24
2024,Q4,GL,,23-10-24
2025,Q1,GL,,05-02-25
2025,Q2,GL,,30-04-25
2025,Q3,GL,,23-07-25
2025,Q4,GL,,22-10-25
2020,Q1,GLW,Corning Incorporated,29-01-20
2020,Q2,GLW,Corning Incorporated,28-04-20
2020,Q3,GLW,Corning Incorporated,28-07-20
2020,Q4,GLW,Corning Incorporated,27-10-20
2021,Q1,GLW,Corning Incorporated,27-01-21
2021,Q2,GLW,Corning Incorporated,27-04-21
2021,Q3,GLW,Corning Incorporated,27-07-21
2021,Q4,GLW,Corning Incorporated,26-10-21
2022,Q1,GLW,Corning Incorporated,26-01-22
2022,Q2,GLW,Corning Incorporated,26-04-22
2022,Q3,GLW,Corning Incorporated,26-07-22
2022,Q4,GLW,Corning Incorporated,25-10-22
2023,Q1,GLW,Corning Incorporated,31-01-23
2023,Q2,GLW,Corning Incorporated,25-04-23
2023,Q3,GLW,Corning Incorporated,25-07-23
2023,Q4,GLW,Corning Incorporated,24-10-23
2024,Q1,GLW,Corning Incorporated,30-01-24
2024,Q2,GLW,Corning Incorporated,30-04-24
2024,Q3,GLW,Corning Incorporated,30-07-24
2024,Q4,GLW,Corning Incorporated,29-10-24
2025,Q1,GLW,Corning Incorporated,29-01-25
2025,Q2,GLW,Corning Incorporated,29-04-25
2025,Q3,GLW,Corning Incorporated,29-07-25
2025,Q4,GLW,Corning Incorporated,28-10-25
2020,Q1,GM,General Motors Company,05-02-20
2020,Q2,GM,General Motors Company,06-05-20
2020,Q3,GM,General Motors Company,29-07-20
2020,Q4,GM,General Motors Company,05-11-20
2021,Q1,GM,General Motors Company,10-02-21
2021,Q2,GM,General Motors Company,05-05-21
2021,Q3,GM,General Motors Company,04-08-21
2021,Q4,GM,General Motors Company,27-10-21
2022,Q1,GM,General Motors Company,01-02-22
2022,Q2,GM,General Motors Company,26-04-22
2022,Q3,GM,General Motors Company,26-07-22
2022,Q4,GM,General Motors Company,25-10-22
2023,Q1,GM,General Motors Company,31-01-23
2023,Q2,GM,General Motors Company,25-04-23
2023,Q3,GM,General Motors Company,25-07-23
2023,Q4,GM,General Motors Company,24-10-23
2024,Q1,GM,General Motors Company,30-01-24
2024,Q2,GM,General Motors Company,23-04-24
2024,Q3,GM,General Motors Company,23-07-24
2024,Q4,GM,General Motors Company,22-10-24
2025,Q1,GM,General Motors Company,28-01-25
2025,Q2,GM,General Motors Company,29-04-25
2025,Q3,GM,General Motors Company,22-07-25
2025,Q4,GM,General Motors Company,21-10-25
2020,Q1,GNRC,Generac Holdings Inc.,13-02-20
2020,Q2,GNRC,Generac Holdings Inc.,30-04-20
2020,Q3,GNRC,Generac Holdings Inc.,30-07-20
2020,Q4,GNRC,Generac Holdings Inc.,28-10-20
2021,Q1,GNRC,Generac Holdings Inc.,11-02-21
2021,Q2,GNRC,Generac Holdings Inc.,29-04-21
2021,Q3,GNRC,Generac Holdings Inc.,28-07-21
2021,Q4,GNRC,Generac Holdings Inc.,02-11-21
2022,Q1,GNRC,Generac Holdings Inc.,16-02-22
2022,Q2,GNRC,Generac Holdings Inc.,04-05-22
2022,Q3,GNRC,Generac Holdings Inc.,03-08-22
2022,Q4,GNRC,Generac Holdings Inc.,02-11-22
2023,Q1,GNRC,Generac Holdings Inc.,15-02-23
2023,Q2,GNRC,Generac Holdings Inc.,03-05-23
2023,Q3,GNRC,Generac Holdings Inc.,02-08-23
2023,Q4,GNRC,Generac Holdings Inc.,01-11-23
2024,Q1,GNRC,Generac Holdings Inc.,14-02-24
2024,Q2,GNRC,Generac Holdings Inc.,01-05-24
2024,Q3,GNRC,Generac Holdings Inc.,31-07-24
2024,Q4,GNRC,Generac Holdings Inc.,31-10-24
2025,Q1,GNRC,Generac Holdings Inc.,12-02-25
2025,Q2,GNRC,Generac Holdings Inc.,30-04-25
2025,Q3,GNRC,Generac Holdings Inc.,30-07-25
2025,Q4,GNRC,Generac Holdings Inc.,30-10-25
2020,Q1,GOOG,,03-02-20
2020,Q2,GOOG,,28-04-20
2020,Q3,GOOG,,30-07-20
2020,Q4,GOOG,,29-10-20
2021,Q1,GOOG,,02-02-21
2021,Q2,GOOG,,27-04-21
2021,Q3,GOOG,,27-07-21
2021,Q4,GOOG,,26-10-21
2022,Q1,GOOG,,01-02-22
2022,Q2,GOOG,,26-04-22
2022,Q3,GOOG,,26-07-22
2022,Q4,GOOG,,25-10-22
2023,Q1,GOOG,,02-02-23
2023,Q2,GOOG,,25-04-23
2023,Q3,GOOG,,25-07-23
2023,Q4,GOOG,,24-10-23
2024,Q1,GOOG,,30-01-24
2024,Q2,GOOG,,25-04-24
2024,Q3,GOOG,,23-07-24
2024,Q4,GOOG,,29-10-24
2025,Q1,GOOG,,04-02-25
2025,Q2,GOOG,,24-04-25
2025,Q3,GOOG,,23-07-25
2025,Q4,GOOG,,28-10-25
2020,Q1,GOOGL,Alphabet Inc. (Google),03-02-20
2020,Q2,GOOGL,Alphabet Inc. (Google),28-04-20
2020,Q3,GOOGL,Alphabet Inc. (Google),30-07-20
2020,Q4,GOOGL,Alphabet Inc. (Google),29-10-20
2021,Q1,GOOGL,Alphabet Inc. (Google),02-02-21
2021,Q2,GOOGL,Alphabet Inc. (Google),27-04-21
2021,Q3,GOOGL,Alphabet Inc. (Google),27-07-21
2021,Q4,GOOGL,Alphabet Inc. (Google),26-10-21
2022,Q1,GOOGL,Alphabet Inc. (Google),01-02-22
2022,Q2,GOOGL,Alphabet Inc. (Google),26-04-22
2022,Q3,GOOGL,Alphabet Inc. (Google),26-07-22
2022,Q4,GOOGL,Alphabet Inc. (Google),25-10-22
2023,Q1,GOOGL,Alphabet Inc. (Google),02-02-23
2023,Q2,GOOGL,Alphabet Inc. (Google),25-04-23
2023,Q3,GOOGL,Alphabet Inc. (Google),25-07-23
2023,Q4,GOOGL,Alphabet Inc. (Google),24-10-23
2024,Q1,GOOGL,Alphabet Inc. (Google),30-01-24
2024,Q2,GOOGL,Alphabet Inc. (Google),25-04-24
2024,Q3,GOOGL,Alphabet Inc. (Google),23-07-24
2024,Q4,GOOGL,Alphabet Inc. (Google),29-10-24
2025,Q1,GOOGL,Alphabet Inc. (Google),04-02-25
2025,Q2,GOOGL,Alphabet Inc. (Google),24-04-25
2025,Q3,GOOGL,Alphabet Inc. (Google),23-07-25
2025,Q4,GOOGL,Alphabet Inc. (Google),28-10-25
2020,Q1,GPC,,19-02-20
2020,Q2,GPC,,06-05-20
2020,Q3,GPC,,30-07-20
2020,Q4,GPC,,22-10-20
2021,Q1,GPC,,17-02-21
2021,Q2,GPC,,22-04-21
2021,Q3,GPC,,22-07-21
2021,Q4,GPC,,21-10-21
2022,Q1,GPC,,17-02-22
2022,Q2,GPC,,21-04-22
2022,Q3,GPC,,27-07-22
2022,Q4,GPC,,20-10-22
2023,Q1,GPC,,23-02-23
2023,Q2,GPC,,20-04-23
2023,Q3,GPC,,20-07-23
2023,Q4,GPC,,19-10-23
2024,Q1,GPC,,15-02-24
2024,Q2,GPC,,18-04-24
2024,Q3,GPC,,23-07-24
2024,Q4,GPC,,22-10-24
2025,Q1,GPC,,18-02-25
2025,Q2,GPC,,22-04-25
2025,Q3,GPC,,22-07-25
2025,Q4,GPC,,21-10-25
2020,Q1,GPN,Global Payments Inc.,12-02-20
2020,Q2,GPN,Global Payments Inc.,06-05-20
2020,Q3,GPN,Global Payments Inc.,03-08-20
2020,Q4,GPN,Global Payments Inc.,29-10-20
2021,Q1,GPN,Global Payments Inc.,08-02-21
2021,Q2,GPN,Global Payments Inc.,04-05-21
2021,Q3,GPN,Global Payments Inc.,02-08-21
2021,Q4,GPN,Global Payments Inc.,02-11-21
2022,Q1,GPN,Global Payments Inc.,10-02-22
2022,Q2,GPN,Global Payments Inc.,02-05-22
2022,Q3,GPN,Global Payments Inc.,01-08-22
2022,Q4,GPN,Global Payments Inc.,31-10-22
2023,Q1,GPN,Global Payments Inc.,10-02-23
2023,Q2,GPN,Global Payments Inc.,01-05-23
2023,Q3,GPN,Global Payments Inc.,01-08-23
2023,Q4,GPN,Global Payments Inc.,31-10-23
2024,Q1,GPN,Global Payments Inc.,14-02-24
2024,Q2,GPN,Global Payments Inc.,01-05-24
2024,Q3,GPN,Global Payments Inc.,07-08-24
2024,Q4,GPN,Global Payments Inc.,30-10-24
2025,Q1,GPN,Global Payments Inc.,13-02-25
2025,Q2,GPN,Global Payments Inc.,06-05-25
2025,Q3,GPN,Global Payments Inc.,06-08-25
2025,Q4,GPN,Global Payments Inc.,29-10-25
2020,Q1,GPS,,11-03-20
2020,Q2,GPS,,02-06-20
2020,Q3,GPS,,26-08-20
2020,Q4,GPS,,23-11-20
2021,Q1,GPS,,01-03-21
2021,Q2,GPS,,25-05-21
2021,Q3,GPS,,23-08-21
2021,Q4,GPS,,17-11-21
2022,Q1,GPS,,01-03-22
2022,Q2,GPS,,24-05-22
2022,Q3,GPS,,25-07-22
2022,Q4,GPS,,15-11-22
2023,Q1,GPS,,28-02-23
2023,Q2,GPS,,20-05-23
2023,Q3,GPS,,19-08-23
2023,Q4,GPS,,14-11-23
2024,Q1,GPS,,04-03-24
2024,Q2,GPS,,18-05-24
2024,Q3,GPS,,23-08-24
2024,Q4,GPS,,Missing
2025,Q1,GPS,,Missing
2025,Q2,GPS,,Missing
2025,Q3,GPS,,Missing
2025,Q4,GPS,,Missing
2020,Q1,GRMN,,19-02-20
2020,Q2,GRMN,,29-04-20
2020,Q3,GRMN,,29-07-20
2020,Q4,GRMN,,28-10-20
2021,Q1,GRMN,,17-02-21
2021,Q2,GRMN,,28-04-21
2021,Q3,GRMN,,28-07-21
2021,Q4,GRMN,,27-10-21
2022,Q1,GRMN,,16-02-22
2022,Q2,GRMN,,27-04-22
2022,Q3,GRMN,,27-07-22
2022,Q4,GRMN,,26-10-22
2023,Q1,GRMN,,22-02-23
2023,Q2,GRMN,,03-05-23
2023,Q3,GRMN,,02-08-23
2023,Q4,GRMN,,01-11-23
2024,Q1,GRMN,,21-02-24
2024,Q2,GRMN,,01-05-24
2024,Q3,GRMN,,31-07-24
2024,Q4,GRMN,,30-10-24
2025,Q1,GRMN,,19-02-25
2025,Q2,GRMN,,30-04-25
2025,Q3,GRMN,,30-07-25
2025,Q4,GRMN,,29-10-25
2020,Q1,GS,,15-01-20
2020,Q2,GS,,15-04-20
2020,Q3,GS,,15-07-20
2020,Q4,GS,,14-10-20
2021,Q1,GS,,19-01-21
2021,Q2,GS,,14-04-21
2021,Q3,GS,,13-07-21
2021,Q4,GS,,15-10-21
2022,Q1,GS,,18-01-22
2022,Q2,GS,,14-04-22
2022,Q3,GS,,18-07-22
2022,Q4,GS,,18-10-22
2023,Q1,GS,,17-01-23
2023,Q2,GS,,18-04-23
2023,Q3,GS,,19-07-23
2023,Q4,GS,,17-10-23
2024,Q1,GS,,16-01-24
2024,Q2,GS,,15-04-24
2024,Q3,GS,,15-07-24
2024,Q4,GS,,15-10-24
2025,Q1,GS,,15-01-25
2025,Q2,GS,,14-04-25
2025,Q3,GS,,16-07-25
2025,Q4,GS,,14-10-25
2020,Q1,GWW,"W.W. Grainger, Inc.",30-01-20
2020,Q2,GWW,"W.W. Grainger, Inc.",23-04-20
2020,Q3,GWW,"W.W. Grainger, Inc.",23-07-20
2020,Q4,GWW,"W.W. Grainger, Inc.",22-10-20
2021,Q1,GWW,"W.W. Grainger, Inc.",03-02-21
2021,Q2,GWW,"W.W. Grainger, Inc.",30-04-21
2021,Q3,GWW,"W.W. Grainger, Inc.",30-07-21
2021,Q4,GWW,"W.W. Grainger, Inc.",29-10-21
2022,Q1,GWW,"W.W. Grainger, Inc.",03-02-22
2022,Q2,GWW,"W.W. Grainger, Inc.",28-04-22
2022,Q3,GWW,"W.W. Grainger, Inc.",29-07-22
2022,Q4,GWW,"W.W. Grainger, Inc.",28-10-22
2023,Q1,GWW,"W.W. Grainger, Inc.",02-02-23
2023,Q2,GWW,"W.W. Grainger, Inc.",27-04-23
2023,Q3,GWW,"W.W. Grainger, Inc.",27-07-23
2023,Q4,GWW,"W.W. Grainger, Inc.",26-10-23
2024,Q1,GWW,"W.W. Grainger, Inc.",02-02-24
2024,Q2,GWW,"W.W. Grainger, Inc.",25-04-24
2024,Q3,GWW,"W.W. Grainger, Inc.",01-08-24
2024,Q4,GWW,"W.W. Grainger, Inc.",31-10-24
2025,Q1,GWW,"W.W. Grainger, Inc.",31-01-25
2025,Q2,GWW,"W.W. Grainger, Inc.",01-05-25
2025,Q3,GWW,"W.W. Grainger, Inc.",01-08-25
2025,Q4,GWW,"W.W. Grainger, Inc.",31-10-25
2020,Q1,HAL,Halliburton Company,21-01-20
2020,Q2,HAL,Halliburton Company,20-04-20
2020,Q3,HAL,Halliburton Company,20-07-20
2020,Q4,HAL,Halliburton Company,19-10-20
2021,Q1,HAL,Halliburton Company,19-01-21
2021,Q2,HAL,Halliburton Company,21-04-21
2021,Q3,HAL,Halliburton Company,20-07-21
2021,Q4,HAL,Halliburton Company,19-10-21
2022,Q1,HAL,Halliburton Company,24-01-22
2022,Q2,HAL,Halliburton Company,19-04-22
2022,Q3,HAL,Halliburton Company,19-07-22
2022,Q4,HAL,Halliburton Company,25-10-22
2023,Q1,HAL,Halliburton Company,24-01-23
2023,Q2,HAL,Halliburton Company,25-04-23
2023,Q3,HAL,Halliburton Company,19-07-23
2023,Q4,HAL,Halliburton Company,24-10-23
2024,Q1,HAL,Halliburton Company,23-01-24
2024,Q2,HAL,Halliburton Company,23-04-24
2024,Q3,HAL,Halliburton Company,19-07-24
2024,Q4,HAL,Halliburton Company,07-11-24
2025,Q1,HAL,Halliburton Company,22-01-25
2025,Q2,HAL,Halliburton Company,22-04-25
2025,Q3,HAL,Halliburton Company,22-07-25
2025,Q4,HAL,Halliburton Company,21-10-25
2020,Q1,HBAN,,23-01-20
2020,Q2,HBAN,,23-04-20
2020,Q3,HBAN,,23-07-20
2020,Q4,HBAN,,22-10-20
2021,Q1,HBAN,,22-01-21
2021,Q2,HBAN,,22-04-21
2021,Q3,HBAN,,29-07-21
2021,Q4,HBAN,,28-10-21
2022,Q1,HBAN,,21-01-22
2022,Q2,HBAN,,21-04-22
2022,Q3,HBAN,,21-07-22
2022,Q4,HBAN,,21-10-22
2023,Q1,HBAN,,20-01-23
2023,Q2,HBAN,,20-04-23
2023,Q3,HBAN,,21-07-23
2023,Q4,HBAN,,20-10-23
2024,Q1,HBAN,,19-01-24
2024,Q2,HBAN,,19-04-24
2024,Q3,HBAN,,19-07-24
2024,Q4,HBAN,,17-10-24
2025,Q1,HBAN,,17-01-25
2025,Q2,HBAN,,17-04-25
2025,Q3,HBAN,,18-07-25
2025,Q4,HBAN,,17-10-25
2020,Q1,HCA,,28-01-20
2020,Q2,HCA,,21-04-20
2020,Q3,HCA,,22-07-20
2020,Q4,HCA,,26-10-20
2021,Q1,HCA,,02-02-21
2021,Q2,HCA,,22-04-21
2021,Q3,HCA,,20-07-21
2021,Q4,HCA,,22-10-21
2022,Q1,HCA,,27-01-22
2022,Q2,HCA,,22-04-22
2022,Q3,HCA,,22-07-22
2022,Q4,HCA,,21-10-22
2023,Q1,HCA,,27-01-23
2023,Q2,HCA,,21-04-23
2023,Q3,HCA,,27-07-23
2023,Q4,HCA,,24-10-23
2024,Q1,HCA,,30-01-24
2024,Q2,HCA,,26-04-24
2024,Q3,HCA,,23-07-24
2024,Q4,HCA,,25-10-24
2025,Q1,HCA,,24-01-25
2025,Q2,HCA,,25-04-25
2025,Q3,HCA,,25-07-25
2025,Q4,HCA,,24-10-25
2020,Q1,HD,"The Home Depot, Inc.",25-02-20
2020,Q2,HD,"The Home Depot, Inc.",19-05-20
2020,Q3,HD,"The Home Depot, Inc.",18-08-20
2020,Q4,HD,"The Home Depot, Inc.",17-11-20
2021,Q1,HD,"The Home Depot, Inc.",23-02-21
2021,Q2,HD,"The Home Depot, Inc.",18-05-21
2021,Q3,HD,"The Home Depot, Inc.",17-08-21
2021,Q4,HD,"The Home Depot, Inc.",16-11-21
2022,Q1,HD,"The Home Depot, Inc.",22-02-22
2022,Q2,HD,"The Home Depot, Inc.",17-05-22
2022,Q3,HD,"The Home Depot, Inc.",16-08-22
2022,Q4,HD,"The Home Depot, Inc.",15-11-22
2023,Q1,HD,"The Home Depot, Inc.",21-02-23
2023,Q2,HD,"The Home Depot, Inc.",16-05-23
2023,Q3,HD,"The Home Depot, Inc.",15-08-23
2023,Q4,HD,"The Home Depot, Inc.",14-11-23
2024,Q1,HD,"The Home Depot, Inc.",20-02-24
2024,Q2,HD,"The Home Depot, Inc.",14-05-24
2024,Q3,HD,"The Home Depot, Inc.",13-08-24
2024,Q4,HD,"The Home Depot, Inc.",12-11-24
2025,Q1,HD,"The Home Depot, Inc.",25-02-25
2025,Q2,HD,"The Home Depot, Inc.",20-05-25
2025,Q3,HD,"The Home Depot, Inc.",19-08-25
2025,Q4,HD,"The Home Depot, Inc.",18-11-25
2020,Q1,HES,Hess Corp.,29-01-20
2020,Q2,HES,Hess Corp.,07-05-20
2020,Q3,HES,Hess Corp.,29-07-20
2020,Q4,HES,Hess Corp.,28-10-20
2021,Q1,HES,Hess Corp.,27-01-21
2021,Q2,HES,Hess Corp.,28-04-21
2021,Q3,HES,Hess Corp.,28-07-21
2021,Q4,HES,Hess Corp.,27-10-21
2022,Q1,HES,Hess Corp.,26-01-22
2022,Q2,HES,Hess Corp.,27-04-22
2022,Q3,HES,Hess Corp.,27-07-22
2022,Q4,HES,Hess Corp.,26-10-22
2023,Q1,HES,Hess Corp.,25-01-23
2023,Q2,HES,Hess Corp.,26-04-23
2023,Q3,HES,Hess Corp.,26-07-23
2023,Q4,HES,Hess Corp.,25-10-23
2024,Q1,HES,Hess Corp.,31-01-24
2024,Q2,HES,Hess Corp.,25-04-24
2024,Q3,HES,Hess Corp.,31-07-24
2024,Q4,HES,Hess Corp.,30-10-24
2025,Q1,HES,Hess Corp.,29-01-25
2025,Q2,HES,Hess Corp.,30-04-25
2025,Q3,HES,Hess Corp.,Missing
2025,Q4,HES,Hess Corp.,Missing
2020,Q1,HIG,,03-02-20
2020,Q2,HIG,,29-04-20
2020,Q3,HIG,,30-07-20
2020,Q4,HIG,,29-10-20
2021,Q1,HIG,,04-02-21
2021,Q2,HIG,,22-04-21
2021,Q3,HIG,,28-07-21
2021,Q4,HIG,,28-10-21
2022,Q1,HIG,,03-02-22
2022,Q2,HIG,,28-04-22
2022,Q3,HIG,,28-07-22
2022,Q4,HIG,,27-10-22
2023,Q1,HIG,,02-02-23
2023,Q2,HIG,,27-04-23
2023,Q3,HIG,,27-07-23
2023,Q4,HIG,,26-10-23
2024,Q1,HIG,,01-02-24
2024,Q2,HIG,,25-04-24
2024,Q3,HIG,,25-07-24
2024,Q4,HIG,,24-10-24
2025,Q1,HIG,,30-01-25
2025,Q2,HIG,,24-04-25
2025,Q3,HIG,,28-07-25
2025,Q4,HIG,,23-10-25
2020,Q1,HOLX,"Hologic, Inc.",29-01-20
2020,Q2,HOLX,"Hologic, Inc.",29-04-20
2020,Q3,HOLX,"Hologic, Inc.",29-07-20
2020,Q4,HOLX,"Hologic, Inc.",04-11-20
2021,Q1,HOLX,"Hologic, Inc.",27-01-21
2021,Q2,HOLX,"Hologic, Inc.",28-04-21
2021,Q3,HOLX,"Hologic, Inc.",28-07-21
2021,Q4,HOLX,"Hologic, Inc.",01-11-21
2022,Q1,HOLX,"Hologic, Inc.",02-02-22
2022,Q2,HOLX,"Hologic, Inc.",27-04-22
2022,Q3,HOLX,"Hologic, Inc.",27-07-22
2022,Q4,HOLX,"Hologic, Inc.",31-10-22
2023,Q1,HOLX,"Hologic, Inc.",01-02-23
2023,Q2,HOLX,"Hologic, Inc.",01-05-23
2023,Q3,HOLX,"Hologic, Inc.",31-07-23
2023,Q4,HOLX,"Hologic, Inc.",09-11-23
2024,Q1,HOLX,"Hologic, Inc.",01-02-24
2024,Q2,HOLX,"Hologic, Inc.",02-05-24
2024,Q3,HOLX,"Hologic, Inc.",29-07-24
2024,Q4,HOLX,"Hologic, Inc.",04-11-24
2025,Q1,HOLX,"Hologic, Inc.",05-02-25
2025,Q2,HOLX,"Hologic, Inc.",01-05-25
2025,Q3,HOLX,"Hologic, Inc.",30-07-25
2025,Q4,HOLX,"Hologic, Inc.",03-11-25
2020,Q1,HON,Honeywell International Inc.,31-01-20
2020,Q2,HON,Honeywell International Inc.,01-05-20
2020,Q3,HON,Honeywell International Inc.,24-07-20
2020,Q4,HON,Honeywell International Inc.,30-10-20
2021,Q1,HON,Honeywell International Inc.,29-01-21
2021,Q2,HON,Honeywell International Inc.,23-04-21
2021,Q3,HON,Honeywell International Inc.,23-07-21
2021,Q4,HON,Honeywell International Inc.,22-10-21
2022,Q1,HON,Honeywell International Inc.,03-02-22
2022,Q2,HON,Honeywell International Inc.,29-04-22
2022,Q3,HON,Honeywell International Inc.,28-07-22
2022,Q4,HON,Honeywell International Inc.,27-10-22
2023,Q1,HON,Honeywell International Inc.,02-02-23
2023,Q2,HON,Honeywell International Inc.,27-04-23
2023,Q3,HON,Honeywell International Inc.,27-07-23
2023,Q4,HON,Honeywell International Inc.,26-10-23
2024,Q1,HON,Honeywell International Inc.,01-02-24
2024,Q2,HON,Honeywell International Inc.,25-04-24
2024,Q3,HON,Honeywell International Inc.,25-07-24
2024,Q4,HON,Honeywell International Inc.,24-10-24
2025,Q1,HON,Honeywell International Inc.,06-02-25
2025,Q2,HON,Honeywell International Inc.,29-04-25
2025,Q3,HON,Honeywell International Inc.,24-07-25
2025,Q4,HON,Honeywell International Inc.,23-10-25
2020,Q1,HPE,Hewlett Packard Ent.,03-03-20
2020,Q2,HPE,Hewlett Packard Ent.,21-05-20
2020,Q3,HPE,Hewlett Packard Ent.,25-08-20
2020,Q4,HPE,Hewlett Packard Ent.,01-12-20
2021,Q1,HPE,Hewlett Packard Ent.,02-03-21
2021,Q2,HPE,Hewlett Packard Ent.,01-06-21
2021,Q3,HPE,Hewlett Packard Ent.,02-09-21
2021,Q4,HPE,Hewlett Packard Ent.,30-11-21
2022,Q1,HPE,Hewlett Packard Ent.,01-03-22
2022,Q2,HPE,Hewlett Packard Ent.,01-06-22
2022,Q3,HPE,Hewlett Packard Ent.,30-08-22
2022,Q4,HPE,Hewlett Packard Ent.,29-11-22
2023,Q1,HPE,Hewlett Packard Ent.,02-03-23
2023,Q2,HPE,Hewlett Packard Ent.,30-05-23
2023,Q3,HPE,Hewlett Packard Ent.,29-08-23
2023,Q4,HPE,Hewlett Packard Ent.,28-11-23
2024,Q1,HPE,Hewlett Packard Ent.,29-02-24
2024,Q2,HPE,Hewlett Packard Ent.,04-06-24
2024,Q3,HPE,Hewlett Packard Ent.,04-09-24
2024,Q4,HPE,Hewlett Packard Ent.,05-12-24
2025,Q1,HPE,Hewlett Packard Ent.,06-03-25
2025,Q2,HPE,Hewlett Packard Ent.,03-06-25
2025,Q3,HPE,Hewlett Packard Ent.,03-09-25
2025,Q4,HPE,Hewlett Packard Ent.,04-12-25
2020,Q1,HSIC,,20-02-20
2020,Q2,HSIC,,05-05-20
2020,Q3,HSIC,,04-08-20
2020,Q4,HSIC,,02-11-20
2021,Q1,HSIC,,17-02-21
2021,Q2,HSIC,,04-05-21
2021,Q3,HSIC,,03-08-21
2021,Q4,HSIC,,02-11-21
2022,Q1,HSIC,,15-02-22
2022,Q2,HSIC,,03-05-22
2022,Q3,HSIC,,02-08-22
2022,Q4,HSIC,,01-11-22
2023,Q1,HSIC,,16-02-23
2023,Q2,HSIC,,09-05-23
2023,Q3,HSIC,,07-08-23
2023,Q4,HSIC,,13-11-23
2024,Q1,HSIC,,27-02-24
2024,Q2,HSIC,,07-05-24
2024,Q3,HSIC,,06-08-24
2024,Q4,HSIC,,05-11-24
2025,Q1,HSIC,,25-02-25
2025,Q2,HSIC,,05-05-25
2025,Q3,HSIC,,05-08-25
2025,Q4,HSIC,,04-11-25
2020,Q1,HST,"Host Hotels & Resorts, Inc.",19-02-20
2020,Q2,HST,"Host Hotels & Resorts, Inc.",07-05-20
2020,Q3,HST,"Host Hotels & Resorts, Inc.",30-07-20
2020,Q4,HST,"Host Hotels & Resorts, Inc.",04-11-20
2021,Q1,HST,"Host Hotels & Resorts, Inc.",18-02-21
2021,Q2,HST,"Host Hotels & Resorts, Inc.",04-05-21
2021,Q3,HST,"Host Hotels & Resorts, Inc.",03-08-21
2021,Q4,HST,"Host Hotels & Resorts, Inc.",03-11-21
2022,Q1,HST,"Host Hotels & Resorts, Inc.",16-02-22
2022,Q2,HST,"Host Hotels & Resorts, Inc.",04-05-22
2022,Q3,HST,"Host Hotels & Resorts, Inc.",03-08-22
2022,Q4,HST,"Host Hotels & Resorts, Inc.",02-11-22
2023,Q1,HST,"Host Hotels & Resorts, Inc.",15-02-23
2023,Q2,HST,"Host Hotels & Resorts, Inc.",03-05-23
2023,Q3,HST,"Host Hotels & Resorts, Inc.",02-08-23
2023,Q4,HST,"Host Hotels & Resorts, Inc.",01-11-23
2024,Q1,HST,"Host Hotels & Resorts, Inc.",21-02-24
2024,Q2,HST,"Host Hotels & Resorts, Inc.",01-05-24
2024,Q3,HST,"Host Hotels & Resorts, Inc.",31-07-24
2024,Q4,HST,"Host Hotels & Resorts, Inc.",06-11-24
2025,Q1,HST,"Host Hotels & Resorts, Inc.",19-02-25
2025,Q2,HST,"Host Hotels & Resorts, Inc.",30-04-25
2025,Q3,HST,"Host Hotels & Resorts, Inc.",30-07-25
2025,Q4,HST,"Host Hotels & Resorts, Inc.",05-11-25
2020,Q1,HSY,,30-01-20
2020,Q2,HSY,,23-04-20
2020,Q3,HSY,,23-07-20
2020,Q4,HSY,,06-11-20
2021,Q1,HSY,,04-02-21
2021,Q2,HSY,,29-04-21
2021,Q3,HSY,,29-07-21
2021,Q4,HSY,,28-10-21
2022,Q1,HSY,,03-02-22
2022,Q2,HSY,,28-04-22
2022,Q3,HSY,,28-07-22
2022,Q4,HSY,,04-11-22
2023,Q1,HSY,,02-02-23
2023,Q2,HSY,,27-04-23
2023,Q3,HSY,,27-07-23
2023,Q4,HSY,,26-10-23
2024,Q1,HSY,,08-02-24
2024,Q2,HSY,,03-05-24
2024,Q3,HSY,,01-08-24
2024,Q4,HSY,,07-11-24
2025,Q1,HSY,,06-02-25
2025,Q2,HSY,,01-05-25
2025,Q3,HSY,,30-07-25
2025,Q4,HSY,,06-11-25
2020,Q1,HUM,Humana Inc.,05-02-20
2020,Q2,HUM,Humana Inc.,29-04-20
2020,Q3,HUM,Humana Inc.,05-08-20
2020,Q4,HUM,Humana Inc.,03-11-20
2021,Q1,HUM,Humana Inc.,03-02-21
2021,Q2,HUM,Humana Inc.,28-04-21
2021,Q3,HUM,Humana Inc.,28-07-21
2021,Q4,HUM,Humana Inc.,03-11-21
2022,Q1,HUM,Humana Inc.,02-02-22
2022,Q2,HUM,Humana Inc.,27-04-22
2022,Q3,HUM,Humana Inc.,27-07-22
2022,Q4,HUM,Humana Inc.,02-11-22
2023,Q1,HUM,Humana Inc.,01-02-23
2023,Q2,HUM,Humana Inc.,26-04-23
2023,Q3,HUM,Humana Inc.,02-08-23
2023,Q4,HUM,Humana Inc.,01-11-23
2024,Q1,HUM,Humana Inc.,25-01-24
2024,Q2,HUM,Humana Inc.,24-04-24
2024,Q3,HUM,Humana Inc.,31-07-24
2024,Q4,HUM,Humana Inc.,30-10-24
2025,Q1,HUM,Humana Inc.,11-02-25
2025,Q2,HUM,Humana Inc.,30-04-25
2025,Q3,HUM,Humana Inc.,29-07-25
2025,Q4,HUM,Humana Inc.,05-11-25
2020,Q1,HWM,,27-01-20
2020,Q2,HWM,,05-05-20
2020,Q3,HWM,,06-08-20
2020,Q4,HWM,,09-11-20
2021,Q1,HWM,,03-02-21
2021,Q2,HWM,,06-05-21
2021,Q3,HWM,,04-08-21
2021,Q4,HWM,,04-11-21
2022,Q1,HWM,,02-02-22
2022,Q2,HWM,,03-05-22
2022,Q3,HWM,,04-08-22
2022,Q4,HWM,,31-10-22
2023,Q1,HWM,,14-02-23
2023,Q2,HWM,,02-05-23
2023,Q3,HWM,,01-08-23
2023,Q4,HWM,,02-11-23
2024,Q1,HWM,,13-02-24
2024,Q2,HWM,,02-05-24
2024,Q3,HWM,,30-07-24
2024,Q4,HWM,,06-11-24
2025,Q1,HWM,,13-02-25
2025,Q2,HWM,,01-05-25
2025,Q3,HWM,,31-07-25
2025,Q4,HWM,,05-11-25
2020,Q1,IBM,,21-01-20
2020,Q2,IBM,,20-04-20
2020,Q3,IBM,,20-07-20
2020,Q4,IBM,,19-10-20
2021,Q1,IBM,,21-01-21
2021,Q2,IBM,,19-04-21
2021,Q3,IBM,,19-07-21
2021,Q4,IBM,,20-10-21
2022,Q1,IBM,,24-01-22
2022,Q2,IBM,,19-04-22
2022,Q3,IBM,,18-07-22
2022,Q4,IBM,,19-10-22
2023,Q1,IBM,,25-01-23
2023,Q2,IBM,,19-04-23
2023,Q3,IBM,,19-07-23
2023,Q4,IBM,,25-10-23
2024,Q1,IBM,,24-01-24
2024,Q2,IBM,,24-04-24
2024,Q3,IBM,,24-07-24
2024,Q4,IBM,,23-10-24
2025,Q1,IBM,,29-01-25
2025,Q2,IBM,,23-04-25
2025,Q3,IBM,,23-07-25
2025,Q4,IBM,,22-10-25
2020,Q1,ICE,Intercontinental Exch.,06-02-20
2020,Q2,ICE,Intercontinental Exch.,30-04-20
2020,Q3,ICE,Intercontinental Exch.,30-07-20
2020,Q4,ICE,Intercontinental Exch.,29-10-20
2021,Q1,ICE,Intercontinental Exch.,04-02-21
2021,Q2,ICE,Intercontinental Exch.,29-04-21
2021,Q3,ICE,Intercontinental Exch.,29-07-21
2021,Q4,ICE,Intercontinental Exch.,28-10-21
2022,Q1,ICE,Intercontinental Exch.,03-02-22
2022,Q2,ICE,Intercontinental Exch.,05-05-22
2022,Q3,ICE,Intercontinental Exch.,04-08-22
2022,Q4,ICE,Intercontinental Exch.,03-11-22
2023,Q1,ICE,Intercontinental Exch.,02-02-23
2023,Q2,ICE,Intercontinental Exch.,04-05-23
2023,Q3,ICE,Intercontinental Exch.,03-08-23
2023,Q4,ICE,Intercontinental Exch.,02-11-23
2024,Q1,ICE,Intercontinental Exch.,08-02-24
2024,Q2,ICE,Intercontinental Exch.,02-05-24
2024,Q3,ICE,Intercontinental Exch.,01-08-24
2024,Q4,ICE,Intercontinental Exch.,31-10-24
2025,Q1,ICE,Intercontinental Exch.,06-02-25
2025,Q2,ICE,Intercontinental Exch.,01-05-25
2025,Q3,ICE,Intercontinental Exch.,31-07-25
2025,Q4,ICE,Intercontinental Exch.,30-10-25
2020,Q1,IDXX,,31-01-20
2020,Q2,IDXX,,30-04-20
2020,Q3,IDXX,,31-07-20
2020,Q4,IDXX,,29-10-20
2021,Q1,IDXX,,02-02-21
2021,Q2,IDXX,,04-05-21
2021,Q3,IDXX,,30-07-21
2021,Q4,IDXX,,02-11-21
2022,Q1,IDXX,,02-02-22
2022,Q2,IDXX,,04-05-22
2022,Q3,IDXX,,02-08-22
2022,Q4,IDXX,,01-11-22
2023,Q1,IDXX,,06-02-23
2023,Q2,IDXX,,02-05-23
2023,Q3,IDXX,,01-08-23
2023,Q4,IDXX,,01-11-23
2024,Q1,IDXX,,05-02-24
2024,Q2,IDXX,,01-05-24
2024,Q3,IDXX,,06-08-24
2024,Q4,IDXX,,31-10-24
2025,Q1,IDXX,,03-02-25
2025,Q2,IDXX,,01-05-25
2025,Q3,IDXX,,04-08-25
2025,Q4,IDXX,,30-10-25
2020,Q1,IEX,IDEX Corporation,29-01-20
2020,Q2,IEX,IDEX Corporation,23-04-20
2020,Q3,IEX,IDEX Corporation,23-07-20
2020,Q4,IEX,IDEX Corporation,27-10-20
2021,Q1,IEX,IDEX Corporation,03-02-21
2021,Q2,IEX,IDEX Corporation,27-04-21
2021,Q3,IEX,IDEX Corporation,27-07-21
2021,Q4,IEX,IDEX Corporation,26-10-21
2022,Q1,IEX,IDEX Corporation,01-02-22
2022,Q2,IEX,IDEX Corporation,26-04-22
2022,Q3,IEX,IDEX Corporation,26-07-22
2022,Q4,IEX,IDEX Corporation,25-10-22
2023,Q1,IEX,IDEX Corporation,31-01-23
2023,Q2,IEX,IDEX Corporation,26-04-23
2023,Q3,IEX,IDEX Corporation,26-07-23
2023,Q4,IEX,IDEX Corporation,25-10-23
2024,Q1,IEX,IDEX Corporation,07-02-24
2024,Q2,IEX,IDEX Corporation,23-04-24
2024,Q3,IEX,IDEX Corporation,31-07-24
2024,Q4,IEX,IDEX Corporation,29-10-24
2025,Q1,IEX,IDEX Corporation,04-02-25
2025,Q2,IEX,IDEX Corporation,01-05-25
2025,Q3,IEX,IDEX Corporation,30-07-25
2025,Q4,IEX,IDEX Corporation,28-10-25
2020,Q1,IFF,International Flavors & Fragrances Inc.,12-02-20
2020,Q2,IFF,International Flavors & Fragrances Inc.,11-05-20
2020,Q3,IFF,International Flavors & Fragrances Inc.,10-08-20
2020,Q4,IFF,International Flavors & Fragrances Inc.,09-11-20
2021,Q1,IFF,International Flavors & Fragrances Inc.,10-02-21
2021,Q2,IFF,International Flavors & Fragrances Inc.,10-05-21
2021,Q3,IFF,International Flavors & Fragrances Inc.,05-08-21
2021,Q4,IFF,International Flavors & Fragrances Inc.,08-11-21
2022,Q1,IFF,International Flavors & Fragrances Inc.,09-02-22
2022,Q2,IFF,International Flavors & Fragrances Inc.,09-05-22
2022,Q3,IFF,International Flavors & Fragrances Inc.,08-08-22
2022,Q4,IFF,International Flavors & Fragrances Inc.,07-11-22
2023,Q1,IFF,International Flavors & Fragrances Inc.,08-02-23
2023,Q2,IFF,International Flavors & Fragrances Inc.,08-05-23
2023,Q3,IFF,International Flavors & Fragrances Inc.,07-08-23
2023,Q4,IFF,International Flavors & Fragrances Inc.,06-11-23
2024,Q1,IFF,International Flavors & Fragrances Inc.,20-02-24
2024,Q2,IFF,International Flavors & Fragrances Inc.,06-05-24
2024,Q3,IFF,International Flavors & Fragrances Inc.,06-08-24
2024,Q4,IFF,International Flavors & Fragrances Inc.,05-11-24
2025,Q1,IFF,International Flavors & Fragrances Inc.,18-02-25
2025,Q2,IFF,International Flavors & Fragrances Inc.,06-05-25
2025,Q3,IFF,International Flavors & Fragrances Inc.,05-08-25
2025,Q4,IFF,International Flavors & Fragrances Inc.,04-11-25
2020,Q1,ILMN,"Illumina, Inc.",29-01-20
2020,Q2,ILMN,"Illumina, Inc.",30-04-20
2020,Q3,ILMN,"Illumina, Inc.",06-08-20
2020,Q4,ILMN,"Illumina, Inc.",29-10-20
2021,Q1,ILMN,"Illumina, Inc.",11-02-21
2021,Q2,ILMN,"Illumina, Inc.",27-04-21
2021,Q3,ILMN,"Illumina, Inc.",05-08-21
2021,Q4,ILMN,"Illumina, Inc.",04-11-21
2022,Q1,ILMN,"Illumina, Inc.",10-02-22
2022,Q2,ILMN,"Illumina, Inc.",05-05-22
2022,Q3,ILMN,"Illumina, Inc.",11-08-22
2022,Q4,ILMN,"Illumina, Inc.",03-11-22
2023,Q1,ILMN,"Illumina, Inc.",07-02-23
2023,Q2,ILMN,"Illumina, Inc.",25-04-23
2023,Q3,ILMN,"Illumina, Inc.",09-08-23
2023,Q4,ILMN,"Illumina, Inc.",09-11-23
2024,Q1,ILMN,"Illumina, Inc.",08-02-24
2024,Q2,ILMN,"Illumina, Inc.",02-05-24
2024,Q3,ILMN,"Illumina, Inc.",06-08-24
2024,Q4,ILMN,"Illumina, Inc.",04-11-24
2025,Q1,ILMN,"Illumina, Inc.",06-02-25
2025,Q2,ILMN,"Illumina, Inc.",08-05-25
2025,Q3,ILMN,"Illumina, Inc.",31-07-25
2025,Q4,ILMN,"Illumina, Inc.",03-11-25
2020,Q1,INCY,Incyte Corporation,13-02-20
2020,Q2,INCY,Incyte Corporation,05-05-20
2020,Q3,INCY,Incyte Corporation,04-08-20
2020,Q4,INCY,Incyte Corporation,05-11-20
2021,Q1,INCY,Incyte Corporation,09-02-21
2021,Q2,INCY,Incyte Corporation,04-05-21
2021,Q3,INCY,Incyte Corporation,03-08-21
2021,Q4,INCY,Incyte Corporation,02-11-21
2022,Q1,INCY,Incyte Corporation,08-02-22
2022,Q2,INCY,Incyte Corporation,03-05-22
2022,Q3,INCY,Incyte Corporation,02-08-22
2022,Q4,INCY,Incyte Corporation,01-11-22
2023,Q1,INCY,Incyte Corporation,07-02-23
2023,Q2,INCY,Incyte Corporation,02-05-23
2023,Q3,INCY,Incyte Corporation,01-08-23
2023,Q4,INCY,Incyte Corporation,31-10-23
2024,Q1,INCY,Incyte Corporation,13-02-24
2024,Q2,INCY,Incyte Corporation,30-04-24
2024,Q3,INCY,Incyte Corporation,30-07-24
2024,Q4,INCY,Incyte Corporation,29-10-24
2025,Q1,INCY,Incyte Corporation,10-02-25
2025,Q2,INCY,Incyte Corporation,29-04-25
2025,Q3,INCY,Incyte Corporation,29-07-25
2025,Q4,INCY,Incyte Corporation,28-10-25
2020,Q1,INTC,Intel Corporation,23-01-20
2020,Q2,INTC,Intel Corporation,23-04-20
2020,Q3,INTC,Intel Corporation,23-07-20
2020,Q4,INTC,Intel Corporation,22-10-20
2021,Q1,INTC,Intel Corporation,21-01-21
2021,Q2,INTC,Intel Corporation,22-04-21
2021,Q3,INTC,Intel Corporation,22-07-21
2021,Q4,INTC,Intel Corporation,21-10-21
2022,Q1,INTC,Intel Corporation,26-01-22
2022,Q2,INTC,Intel Corporation,28-04-22
2022,Q3,INTC,Intel Corporation,28-07-22
2022,Q4,INTC,Intel Corporation,27-10-22
2023,Q1,INTC,Intel Corporation,26-01-23
2023,Q2,INTC,Intel Corporation,27-04-23
2023,Q3,INTC,Intel Corporation,27-07-23
2023,Q4,INTC,Intel Corporation,26-10-23
2024,Q1,INTC,Intel Corporation,25-01-24
2024,Q2,INTC,Intel Corporation,25-04-24
2024,Q3,INTC,Intel Corporation,01-08-24
2024,Q4,INTC,Intel Corporation,31-10-24
2025,Q1,INTC,Intel Corporation,30-01-25
2025,Q2,INTC,Intel Corporation,24-04-25
2025,Q3,INTC,Intel Corporation,24-07-25
2025,Q4,INTC,Intel Corporation,30-10-25
2020,Q1,INTU,Intuit Inc.,24-02-20
2020,Q2,INTU,Intuit Inc.,21-05-20
2020,Q3,INTU,Intuit Inc.,25-08-20
2020,Q4,INTU,Intuit Inc.,19-11-20
2021,Q1,INTU,Intuit Inc.,23-02-21
2021,Q2,INTU,Intuit Inc.,25-05-21
2021,Q3,INTU,Intuit Inc.,24-08-21
2021,Q4,INTU,Intuit Inc.,18-11-21
2022,Q1,INTU,Intuit Inc.,24-02-22
2022,Q2,INTU,Intuit Inc.,24-05-22
2022,Q3,INTU,Intuit Inc.,23-08-22
2022,Q4,INTU,Intuit Inc.,29-11-22
2023,Q1,INTU,Intuit Inc.,23-02-23
2023,Q2,INTU,Intuit Inc.,23-05-23
2023,Q3,INTU,Intuit Inc.,23-08-23
2023,Q4,INTU,Intuit Inc.,28-11-23
2024,Q1,INTU,Intuit Inc.,22-02-24
2024,Q2,INTU,Intuit Inc.,23-05-24
2024,Q3,INTU,Intuit Inc.,22-08-24
2024,Q4,INTU,Intuit Inc.,21-11-24
2025,Q1,INTU,Intuit Inc.,25-02-25
2025,Q2,INTU,Intuit Inc.,22-05-25
2025,Q3,INTU,Intuit Inc.,21-08-25
2025,Q4,INTU,Intuit Inc.,20-11-25
2020,Q1,INVH,Invitation Homes Inc.,18-02-20
2020,Q2,INVH,Invitation Homes Inc.,06-05-20
2020,Q3,INVH,Invitation Homes Inc.,03-08-20
2020,Q4,INVH,Invitation Homes Inc.,28-10-20
2021,Q1,INVH,Invitation Homes Inc.,16-02-21
2021,Q2,INVH,Invitation Homes Inc.,28-04-21
2021,Q3,INVH,Invitation Homes Inc.,28-07-21
2021,Q4,INVH,Invitation Homes Inc.,27-10-21
2022,Q1,INVH,Invitation Homes Inc.,15-02-22
2022,Q2,INVH,Invitation Homes Inc.,27-04-22
2022,Q3,INVH,Invitation Homes Inc.,27-07-22
2022,Q4,INVH,Invitation Homes Inc.,26-10-22
2023,Q1,INVH,Invitation Homes Inc.,15-02-23
2023,Q2,INVH,Invitation Homes Inc.,01-05-23
2023,Q3,INVH,Invitation Homes Inc.,26-07-23
2023,Q4,INVH,Invitation Homes Inc.,25-10-23
2024,Q1,INVH,Invitation Homes Inc.,13-02-24
2024,Q2,INVH,Invitation Homes Inc.,30-04-24
2024,Q3,INVH,Invitation Homes Inc.,24-07-24
2024,Q4,INVH,Invitation Homes Inc.,30-10-24
2025,Q1,INVH,Invitation Homes Inc.,26-02-25
2025,Q2,INVH,Invitation Homes Inc.,30-04-25
2025,Q3,INVH,Invitation Homes Inc.,30-07-25
2025,Q4,INVH,Invitation Homes Inc.,29-10-25
2020,Q1,IPG,The Interpublic Group,12-02-20
2020,Q2,IPG,The Interpublic Group,22-04-20
2020,Q3,IPG,The Interpublic Group,29-07-20
2020,Q4,IPG,The Interpublic Group,21-10-20
2021,Q1,IPG,The Interpublic Group,10-02-21
2021,Q2,IPG,The Interpublic Group,28-04-21
2021,Q3,IPG,The Interpublic Group,21-07-21
2021,Q4,IPG,The Interpublic Group,21-10-21
2022,Q1,IPG,The Interpublic Group,10-02-22
2022,Q2,IPG,The Interpublic Group,28-04-22
2022,Q3,IPG,The Interpublic Group,21-07-22
2022,Q4,IPG,The Interpublic Group,21-10-22
2023,Q1,IPG,The Interpublic Group,09-02-23
2023,Q2,IPG,The Interpublic Group,27-04-23
2023,Q3,IPG,The Interpublic Group,21-07-23
2023,Q4,IPG,The Interpublic Group,20-10-23
2024,Q1,IPG,The Interpublic Group,08-02-24
2024,Q2,IPG,The Interpublic Group,24-04-24
2024,Q3,IPG,The Interpublic Group,24-07-24
2024,Q4,IPG,The Interpublic Group,22-10-24
2025,Q1,IPG,The Interpublic Group,12-02-25
2025,Q2,IPG,The Interpublic Group,24-04-25
2025,Q3,IPG,The Interpublic Group,22-07-25
2025,Q4,IPG,The Interpublic Group,22-10-25
2020,Q1,IPGP,,13-02-20
2020,Q2,IPGP,,05-05-20
2020,Q3,IPGP,,04-08-20
2020,Q4,IPGP,,30-10-20
2021,Q1,IPGP,,16-02-21
2021,Q2,IPGP,,04-05-21
2021,Q3,IPGP,,03-08-21
2021,Q4,IPGP,,02-11-21
2022,Q1,IPGP,,15-02-22
2022,Q2,IPGP,,03-05-22
2022,Q3,IPGP,,02-08-22
2022,Q4,IPGP,,01-11-22
2023,Q1,IPGP,,14-02-23
2023,Q2,IPGP,,02-05-23
2023,Q3,IPGP,,01-08-23
2023,Q4,IPGP,,31-10-23
2024,Q1,IPGP,,13-02-24
2024,Q2,IPGP,,30-04-24
2024,Q3,IPGP,,30-07-24
2024,Q4,IPGP,,29-10-24
2025,Q1,IPGP,,11-02-25
2025,Q2,IPGP,,06-05-25
2025,Q3,IPGP,,05-08-25
2025,Q4,IPGP,,04-11-25
2020,Q1,IQV,,12-02-20
2020,Q2,IQV,,28-04-20
2020,Q3,IQV,,22-07-20
2020,Q4,IQV,,20-10-20
2021,Q1,IQV,,10-02-21
2021,Q2,IQV,,22-04-21
2021,Q3,IQV,,27-07-21
2021,Q4,IQV,,21-10-21
2022,Q1,IQV,,15-02-22
2022,Q2,IQV,,27-04-22
2022,Q3,IQV,,21-07-22
2022,Q4,IQV,,26-10-22
2023,Q1,IQV,,10-02-23
2023,Q2,IQV,,27-04-23
2023,Q3,IQV,,01-08-23
2023,Q4,IQV,,01-11-23
2024,Q1,IQV,,14-02-24
2024,Q2,IQV,,02-05-24
2024,Q3,IQV,,22-07-24
2024,Q4,IQV,,31-10-24
2025,Q1,IQV,,06-02-25
2025,Q2,IQV,,06-05-25
2025,Q3,IQV,,22-07-25
2025,Q4,IQV,,30-10-25
2020,Q1,IR,Ingersoll Rand Inc.,17-02-20
2020,Q2,IR,Ingersoll Rand Inc.,12-05-20
2020,Q3,IR,Ingersoll Rand Inc.,03-08-20
2020,Q4,IR,Ingersoll Rand Inc.,02-11-20
2021,Q1,IR,Ingersoll Rand Inc.,22-02-21
2021,Q2,IR,Ingersoll Rand Inc.,28-04-21
2021,Q3,IR,Ingersoll Rand Inc.,28-07-21
2021,Q4,IR,Ingersoll Rand Inc.,03-11-21
2022,Q1,IR,Ingersoll Rand Inc.,23-02-22
2022,Q2,IR,Ingersoll Rand Inc.,04-05-22
2022,Q3,IR,Ingersoll Rand Inc.,03-08-22
2022,Q4,IR,Ingersoll Rand Inc.,02-11-22
2023,Q1,IR,Ingersoll Rand Inc.,21-02-23
2023,Q2,IR,Ingersoll Rand Inc.,03-05-23
2023,Q3,IR,Ingersoll Rand Inc.,02-08-23
2023,Q4,IR,Ingersoll Rand Inc.,01-11-23
2024,Q1,IR,Ingersoll Rand Inc.,15-02-24
2024,Q2,IR,Ingersoll Rand Inc.,02-05-24
2024,Q3,IR,Ingersoll Rand Inc.,31-07-24
2024,Q4,IR,Ingersoll Rand Inc.,31-10-24
2025,Q1,IR,Ingersoll Rand Inc.,13-02-25
2025,Q2,IR,Ingersoll Rand Inc.,01-05-25
2025,Q3,IR,Ingersoll Rand Inc.,31-07-25
2025,Q4,IR,Ingersoll Rand Inc.,30-10-25
2020,Q1,ISRG,,23-01-20
2020,Q2,ISRG,,16-04-20
2020,Q3,ISRG,,21-07-20
2020,Q4,ISRG,,15-10-20
2021,Q1,ISRG,,21-01-21
2021,Q2,ISRG,,20-04-21
2021,Q3,ISRG,,20-07-21
2021,Q4,ISRG,,19-10-21
2022,Q1,ISRG,,20-01-22
2022,Q2,ISRG,,21-04-22
2022,Q3,ISRG,,21-07-22
2022,Q4,ISRG,,18-10-22
2023,Q1,ISRG,,24-01-23
2023,Q2,ISRG,,18-04-23
2023,Q3,ISRG,,20-07-23
2023,Q4,ISRG,,19-10-23
2024,Q1,ISRG,,23-01-24
2024,Q2,ISRG,,18-04-24
2024,Q3,ISRG,,18-07-24
2024,Q4,ISRG,,17-10-24
2025,Q1,ISRG,,23-01-25
2025,Q2,ISRG,,22-04-25
2025,Q3,ISRG,,22-07-25
2025,Q4,ISRG,,21-10-25
2020,Q1,IT,"Gartner, Inc.",04-02-20
2020,Q2,IT,"Gartner, Inc.",07-05-20
2020,Q3,IT,"Gartner, Inc.",04-08-20
2020,Q4,IT,"Gartner, Inc.",03-11-20
2021,Q1,IT,"Gartner, Inc.",09-02-21
2021,Q2,IT,"Gartner, Inc.",04-05-21
2021,Q3,IT,"Gartner, Inc.",03-08-21
2021,Q4,IT,"Gartner, Inc.",02-11-21
2022,Q1,IT,"Gartner, Inc.",08-02-22
2022,Q2,IT,"Gartner, Inc.",03-05-22
2022,Q3,IT,"Gartner, Inc.",02-08-22
2022,Q4,IT,"Gartner, Inc.",01-11-22
2023,Q1,IT,"Gartner, Inc.",07-02-23
2023,Q2,IT,"Gartner, Inc.",02-05-23
2023,Q3,IT,"Gartner, Inc.",01-08-23
2023,Q4,IT,"Gartner, Inc.",03-11-23
2024,Q1,IT,"Gartner, Inc.",06-02-24
2024,Q2,IT,"Gartner, Inc.",30-04-24
2024,Q3,IT,"Gartner, Inc.",30-07-24
2024,Q4,IT,"Gartner, Inc.",05-11-24
2025,Q1,IT,"Gartner, Inc.",04-02-25
2025,Q2,IT,"Gartner, Inc.",06-05-25
2025,Q3,IT,"Gartner, Inc.",05-08-25
2025,Q4,IT,"Gartner, Inc.",10-11-25
2020,Q1,ITW,,31-01-20
2020,Q2,ITW,,05-05-20
2020,Q3,ITW,,31-07-20
2020,Q4,ITW,,23-10-20
2021,Q1,ITW,,05-02-21
2021,Q2,ITW,,30-04-21
2021,Q3,ITW,,30-07-21
2021,Q4,ITW,,28-10-21
2022,Q1,ITW,,03-02-22
2022,Q2,ITW,,03-05-22
2022,Q3,ITW,,02-08-22
2022,Q4,ITW,,25-10-22
2023,Q1,ITW,,02-02-23
2023,Q2,ITW,,02-05-23
2023,Q3,ITW,,01-08-23
2023,Q4,ITW,,24-10-23
2024,Q1,ITW,,01-02-24
2024,Q2,ITW,,30-04-24
2024,Q3,ITW,,30-07-24
2024,Q4,ITW,,30-10-24
2025,Q1,ITW,,05-02-25
2025,Q2,ITW,,30-04-25
2025,Q3,ITW,,30-07-25
2025,Q4,ITW,,29-10-25
2020,Q1,J,Jacobs Engineering Group Inc.,04-02-20
2020,Q2,J,Jacobs Engineering Group Inc.,06-05-20
2020,Q3,J,Jacobs Engineering Group Inc.,03-08-20
2020,Q4,J,Jacobs Engineering Group Inc.,24-11-20
2021,Q1,J,Jacobs Engineering Group Inc.,09-02-21
2021,Q2,J,Jacobs Engineering Group Inc.,10-05-21
2021,Q3,J,Jacobs Engineering Group Inc.,03-08-21
2021,Q4,J,Jacobs Engineering Group Inc.,23-11-21
2022,Q1,J,Jacobs Engineering Group Inc.,08-02-22
2022,Q2,J,Jacobs Engineering Group Inc.,03-05-22
2022,Q3,J,Jacobs Engineering Group Inc.,01-08-22
2022,Q4,J,Jacobs Engineering Group Inc.,21-11-22
2023,Q1,J,Jacobs Engineering Group Inc.,07-02-23
2023,Q2,J,Jacobs Engineering Group Inc.,09-05-23
2023,Q3,J,Jacobs Engineering Group Inc.,08-08-23
2023,Q4,J,Jacobs Engineering Group Inc.,21-11-23
2024,Q1,J,Jacobs Engineering Group Inc.,06-02-24
2024,Q2,J,Jacobs Engineering Group Inc.,07-05-24
2024,Q3,J,Jacobs Engineering Group Inc.,06-08-24
2024,Q4,J,Jacobs Engineering Group Inc.,19-11-24
2025,Q1,J,Jacobs Engineering Group Inc.,04-02-25
2025,Q2,J,Jacobs Engineering Group Inc.,06-05-25
2025,Q3,J,Jacobs Engineering Group Inc.,05-08-25
2025,Q4,J,Jacobs Engineering Group Inc.,18-11-25
2020,Q1,JBHT,,17-01-20
2020,Q2,JBHT,,14-04-20
2020,Q3,JBHT,,16-07-20
2020,Q4,JBHT,,16-10-20
2021,Q1,JBHT,,19-01-21
2021,Q2,JBHT,,15-04-21
2021,Q3,JBHT,,19-07-21
2021,Q4,JBHT,,15-10-21
2022,Q1,JBHT,,18-01-22
2022,Q2,JBHT,,18-04-22
2022,Q3,JBHT,,19-07-22
2022,Q4,JBHT,,18-10-22
2023,Q1,JBHT,,18-01-23
2023,Q2,JBHT,,17-04-23
2023,Q3,JBHT,,18-07-23
2023,Q4,JBHT,,17-10-23
2024,Q1,JBHT,,18-01-24
2024,Q2,JBHT,,16-04-24
2024,Q3,JBHT,,16-07-24
2024,Q4,JBHT,,15-10-24
2025,Q1,JBHT,,16-01-25
2025,Q2,JBHT,,15-04-25
2025,Q3,JBHT,,15-07-25
2025,Q4,JBHT,,15-10-25
2020,Q1,JCI,,31-01-20
2020,Q2,JCI,,01-05-20
2020,Q3,JCI,,31-07-20
2020,Q4,JCI,,03-11-20
2021,Q1,JCI,,29-01-21
2021,Q2,JCI,,30-04-21
2021,Q3,JCI,,30-07-21
2021,Q4,JCI,,05-11-21
2022,Q1,JCI,,02-02-22
2022,Q2,JCI,,04-05-22
2022,Q3,JCI,,04-08-22
2022,Q4,JCI,,03-11-22
2023,Q1,JCI,,01-02-23
2023,Q2,JCI,,05-05-23
2023,Q3,JCI,,02-08-23
2023,Q4,JCI,,12-12-23
2024,Q1,JCI,,30-01-24
2024,Q2,JCI,,01-05-24
2024,Q3,JCI,,31-07-24
2024,Q4,JCI,,06-11-24
2025,Q1,JCI,,05-02-25
2025,Q2,JCI,,07-05-25
2025,Q3,JCI,,29-07-25
2025,Q4,JCI,,12-11-25
2020,Q1,JNJ,Johnson & Johnson,22-01-20
2020,Q2,JNJ,Johnson & Johnson,14-04-20
2020,Q3,JNJ,Johnson & Johnson,16-07-20
2020,Q4,JNJ,Johnson & Johnson,13-10-20
2021,Q1,JNJ,Johnson & Johnson,26-01-21
2021,Q2,JNJ,Johnson & Johnson,20-04-21
2021,Q3,JNJ,Johnson & Johnson,21-07-21
2021,Q4,JNJ,Johnson & Johnson,19-10-21
2022,Q1,JNJ,Johnson & Johnson,25-01-22
2022,Q2,JNJ,Johnson & Johnson,19-04-22
2022,Q3,JNJ,Johnson & Johnson,19-07-22
2022,Q4,JNJ,Johnson & Johnson,18-10-22
2023,Q1,JNJ,Johnson & Johnson,24-01-23
2023,Q2,JNJ,Johnson & Johnson,18-04-23
2023,Q3,JNJ,Johnson & Johnson,20-07-23
2023,Q4,JNJ,Johnson & Johnson,17-10-23
2024,Q1,JNJ,Johnson & Johnson,23-01-24
2024,Q2,JNJ,Johnson & Johnson,16-04-24
2024,Q3,JNJ,Johnson & Johnson,17-07-24
2024,Q4,JNJ,Johnson & Johnson,15-10-24
2025,Q1,JNJ,Johnson & Johnson,22-01-25
2025,Q2,JNJ,Johnson & Johnson,15-04-25
2025,Q3,JNJ,Johnson & Johnson,16-07-25
2025,Q4,JNJ,Johnson & Johnson,14-10-25
2020,Q1,JNPR,,27-01-20
2020,Q2,JNPR,,28-04-20
2020,Q3,JNPR,,28-07-20
2020,Q4,JNPR,,27-10-20
2021,Q1,JNPR,,28-01-21
2021,Q2,JNPR,,26-04-21
2021,Q3,JNPR,,27-07-21
2021,Q4,JNPR,,26-10-21
2022,Q1,JNPR,,27-01-22
2022,Q2,JNPR,,26-04-22
2022,Q3,JNPR,,26-07-22
2022,Q4,JNPR,,25-10-22
2023,Q1,JNPR,,31-01-23
2023,Q2,JNPR,,25-04-23
2023,Q3,JNPR,,27-07-23
2023,Q4,JNPR,,26-10-23
2024,Q1,JNPR,,30-01-24
2024,Q2,JNPR,,25-04-24
2024,Q3,JNPR,,25-07-24
2024,Q4,JNPR,,31-10-24
2025,Q1,JNPR,,04-02-25
2025,Q2,JNPR,,01-05-25
2025,Q3,JNPR,,Missing
2025,Q4,JNPR,,Missing
2020,Q1,JPM,JPMorgan Chase & Co.,14-01-20
2020,Q2,JPM,JPMorgan Chase & Co.,14-04-20
2020,Q3,JPM,JPMorgan Chase & Co.,14-07-20
2020,Q4,JPM,JPMorgan Chase & Co.,13-10-20
2021,Q1,JPM,JPMorgan Chase & Co.,15-01-21
2021,Q2,JPM,JPMorgan Chase & Co.,14-04-21
2021,Q3,JPM,JPMorgan Chase & Co.,13-07-21
2021,Q4,JPM,JPMorgan Chase & Co.,13-10-21
2022,Q1,JPM,JPMorgan Chase & Co.,14-01-22
2022,Q2,JPM,JPMorgan Chase & Co.,13-04-22
2022,Q3,JPM,JPMorgan Chase & Co.,14-07-22
2022,Q4,JPM,JPMorgan Chase & Co.,14-10-22
2023,Q1,JPM,JPMorgan Chase & Co.,13-01-23
2023,Q2,JPM,JPMorgan Chase & Co.,14-04-23
2023,Q3,JPM,JPMorgan Chase & Co.,14-07-23
2023,Q4,JPM,JPMorgan Chase & Co.,13-10-23
2024,Q1,JPM,JPMorgan Chase & Co.,12-01-24
2024,Q2,JPM,JPMorgan Chase & Co.,12-04-24
2024,Q3,JPM,JPMorgan Chase & Co.,12-07-24
2024,Q4,JPM,JPMorgan Chase & Co.,11-10-24
2025,Q1,JPM,JPMorgan Chase & Co.,15-01-25
2025,Q2,JPM,JPMorgan Chase & Co.,11-04-25
2025,Q3,JPM,JPMorgan Chase & Co.,15-07-25
2025,Q4,JPM,JPMorgan Chase & Co.,14-10-25
2020,Q1,K,,06-02-20
2020,Q2,K,,01-05-20
2020,Q3,K,,30-07-20
2020,Q4,K,,30-10-20
2021,Q1,K,,11-02-21
2021,Q2,K,,07-05-21
2021,Q3,K,,05-08-21
2021,Q4,K,,04-11-21
2022,Q1,K,,10-02-22
2022,Q2,K,,05-05-22
2022,Q3,K,,04-08-22
2022,Q4,K,,03-11-22
2023,Q1,K,,09-02-23
2023,Q2,K,,04-05-23
2023,Q3,K,,03-08-23
2023,Q4,K,,08-11-23
2024,Q1,K,,08-02-24
2024,Q2,K,,02-05-24
2024,Q3,K,,01-08-24
2024,Q4,K,,31-10-24
2025,Q1,K,,06-02-25
2025,Q2,K,,01-05-25
2025,Q3,K,,31-07-25
2025,Q4,K,,30-10-25
2020,Q1,KEY,,23-01-20
2020,Q2,KEY,,16-04-20
2020,Q3,KEY,,22-07-20
2020,Q4,KEY,,21-10-20
2021,Q1,KEY,,21-01-21
2021,Q2,KEY,,20-04-21
2021,Q3,KEY,,20-07-21
2021,Q4,KEY,,21-10-21
2022,Q1,KEY,,20-01-22
2022,Q2,KEY,,21-04-22
2022,Q3,KEY,,21-07-22
2022,Q4,KEY,,20-10-22
2023,Q1,KEY,,19-01-23
2023,Q2,KEY,,20-04-23
2023,Q3,KEY,,20-07-23
2023,Q4,KEY,,19-10-23
2024,Q1,KEY,,18-01-24
2024,Q2,KEY,,18-04-24
2024,Q3,KEY,,18-07-24
2024,Q4,KEY,,17-10-24
2025,Q1,KEY,,21-01-25
2025,Q2,KEY,,17-04-25
2025,Q3,KEY,,22-07-25
2025,Q4,KEY,,16-10-25
2020,Q1,KEYS,"Keysight Technologies, Inc.",24-02-20
2020,Q2,KEYS,"Keysight Technologies, Inc.",26-05-20
2020,Q3,KEYS,"Keysight Technologies, Inc.",20-08-20
2020,Q4,KEYS,"Keysight Technologies, Inc.",18-11-20
2021,Q1,KEYS,"Keysight Technologies, Inc.",18-02-21
2021,Q2,KEYS,"Keysight Technologies, Inc.",19-05-21
2021,Q3,KEYS,"Keysight Technologies, Inc.",18-08-21
2021,Q4,KEYS,"Keysight Technologies, Inc.",22-11-21
2022,Q1,KEYS,"Keysight Technologies, Inc.",17-02-22
2022,Q2,KEYS,"Keysight Technologies, Inc.",17-05-22
2022,Q3,KEYS,"Keysight Technologies, Inc.",17-08-22
2022,Q4,KEYS,"Keysight Technologies, Inc.",17-11-22
2023,Q1,KEYS,"Keysight Technologies, Inc.",21-02-23
2023,Q2,KEYS,"Keysight Technologies, Inc.",16-05-23
2023,Q3,KEYS,"Keysight Technologies, Inc.",17-08-23
2023,Q4,KEYS,"Keysight Technologies, Inc.",20-11-23
2024,Q1,KEYS,"Keysight Technologies, Inc.",20-02-24
2024,Q2,KEYS,"Keysight Technologies, Inc.",20-05-24
2024,Q3,KEYS,"Keysight Technologies, Inc.",20-08-24
2024,Q4,KEYS,"Keysight Technologies, Inc.",19-11-24
2025,Q1,KEYS,"Keysight Technologies, Inc.",25-02-25
2025,Q2,KEYS,"Keysight Technologies, Inc.",20-05-25
2025,Q3,KEYS,"Keysight Technologies, Inc.",19-08-25
2025,Q4,KEYS,"Keysight Technologies, Inc.",25-11-25
2020,Q1,KHC,,13-02-20
2020,Q2,KHC,,30-04-20
2020,Q3,KHC,,30-07-20
2020,Q4,KHC,,29-10-20
2021,Q1,KHC,,11-02-21
2021,Q2,KHC,,29-04-21
2021,Q3,KHC,,04-08-21
2021,Q4,KHC,,27-10-21
2022,Q1,KHC,,16-02-22
2022,Q2,KHC,,27-04-22
2022,Q3,KHC,,27-07-22
2022,Q4,KHC,,26-10-22
2023,Q1,KHC,,15-02-23
2023,Q2,KHC,,03-05-23
2023,Q3,KHC,,02-08-23
2023,Q4,KHC,,01-11-23
2024,Q1,KHC,,14-02-24
2024,Q2,KHC,,01-05-24
2024,Q3,KHC,,31-07-24
2024,Q4,KHC,,30-10-24
2025,Q1,KHC,,12-02-25
2025,Q2,KHC,,29-04-25
2025,Q3,KHC,,30-07-25
2025,Q4,KHC,,29-10-25
2020,Q1,KIM,Kimco Realty Corporation,30-01-20
2020,Q2,KIM,Kimco Realty Corporation,08-05-20
2020,Q3,KIM,Kimco Realty Corporation,07-08-20
2020,Q4,KIM,Kimco Realty Corporation,05-11-20
2021,Q1,KIM,Kimco Realty Corporation,11-02-21
2021,Q2,KIM,Kimco Realty Corporation,29-04-21
2021,Q3,KIM,Kimco Realty Corporation,29-07-21
2021,Q4,KIM,Kimco Realty Corporation,05-11-21
2022,Q1,KIM,Kimco Realty Corporation,10-02-22
2022,Q2,KIM,Kimco Realty Corporation,28-04-22
2022,Q3,KIM,Kimco Realty Corporation,28-07-22
2022,Q4,KIM,Kimco Realty Corporation,27-10-22
2023,Q1,KIM,Kimco Realty Corporation,09-02-23
2023,Q2,KIM,Kimco Realty Corporation,27-04-23
2023,Q3,KIM,Kimco Realty Corporation,27-07-23
2023,Q4,KIM,Kimco Realty Corporation,26-10-23
2024,Q1,KIM,Kimco Realty Corporation,08-02-24
2024,Q2,KIM,Kimco Realty Corporation,02-05-24
2024,Q3,KIM,Kimco Realty Corporation,01-08-24
2024,Q4,KIM,Kimco Realty Corporation,31-10-24
2025,Q1,KIM,Kimco Realty Corporation,07-02-25
2025,Q2,KIM,Kimco Realty Corporation,01-05-25
2025,Q3,KIM,Kimco Realty Corporation,31-07-25
2025,Q4,KIM,Kimco Realty Corporation,30-10-25
2020,Q1,KLAC,KLA Corporation,04-02-20
2020,Q2,KLAC,KLA Corporation,05-05-20
2020,Q3,KLAC,KLA Corporation,03-08-20
2020,Q4,KLAC,KLA Corporation,28-10-20
2021,Q1,KLAC,KLA Corporation,03-02-21
2021,Q2,KLAC,KLA Corporation,29-04-21
2021,Q3,KLAC,KLA Corporation,29-07-21
2021,Q4,KLAC,KLA Corporation,27-10-21
2022,Q1,KLAC,KLA Corporation,27-01-22
2022,Q2,KLAC,KLA Corporation,28-04-22
2022,Q3,KLAC,KLA Corporation,28-07-22
2022,Q4,KLAC,KLA Corporation,26-10-22
2023,Q1,KLAC,KLA Corporation,26-01-23
2023,Q2,KLAC,KLA Corporation,26-04-23
2023,Q3,KLAC,KLA Corporation,27-07-23
2023,Q4,KLAC,KLA Corporation,25-10-23
2024,Q1,KLAC,KLA Corporation,25-01-24
2024,Q2,KLAC,KLA Corporation,25-04-24
2024,Q3,KLAC,KLA Corporation,24-07-24
2024,Q4,KLAC,KLA Corporation,30-10-24
2025,Q1,KLAC,KLA Corporation,30-01-25
2025,Q2,KLAC,KLA Corporation,30-04-25
2025,Q3,KLAC,KLA Corporation,31-07-25
2025,Q4,KLAC,KLA Corporation,29-10-25
2020,Q1,KMI,,22-01-20
2020,Q2,KMI,,22-04-20
2020,Q3,KMI,,22-07-20
2020,Q4,KMI,,21-10-20
2021,Q1,KMI,,20-01-21
2021,Q2,KMI,,21-04-21
2021,Q3,KMI,,21-07-21
2021,Q4,KMI,,20-10-21
2022,Q1,KMI,,19-01-22
2022,Q2,KMI,,20-04-22
2022,Q3,KMI,,20-07-22
2022,Q4,KMI,,19-10-22
2023,Q1,KMI,,18-01-23
2023,Q2,KMI,,19-04-23
2023,Q3,KMI,,19-07-23
2023,Q4,KMI,,18-10-23
2024,Q1,KMI,,17-01-24
2024,Q2,KMI,,17-04-24
2024,Q3,KMI,,17-07-24
2024,Q4,KMI,,16-10-24
2025,Q1,KMI,,22-01-25
2025,Q2,KMI,,16-04-25
2025,Q3,KMI,,16-07-25
2025,Q4,KMI,,22-10-25
2020,Q1,KMX,"CarMax, Inc.",Missing
2020,Q2,KMX,"CarMax, Inc.",19-06-20
2020,Q3,KMX,"CarMax, Inc.",24-09-20
2020,Q4,KMX,"CarMax, Inc.",22-12-20
2021,Q1,KMX,"CarMax, Inc.",Missing
2021,Q2,KMX,"CarMax, Inc.",25-06-21
2021,Q3,KMX,"CarMax, Inc.",30-09-21
2021,Q4,KMX,"CarMax, Inc.",22-12-21
2022,Q1,KMX,"CarMax, Inc.",Missing
2022,Q2,KMX,"CarMax, Inc.",24-06-22
2022,Q3,KMX,"CarMax, Inc.",29-09-22
2022,Q4,KMX,"CarMax, Inc.",22-12-22
2023,Q1,KMX,"CarMax, Inc.",Missing
2023,Q2,KMX,"CarMax, Inc.",23-06-23
2023,Q3,KMX,"CarMax, Inc.",28-09-23
2023,Q4,KMX,"CarMax, Inc.",21-12-23
2024,Q1,KMX,"CarMax, Inc.",Missing
2024,Q2,KMX,"CarMax, Inc.",21-06-24
2024,Q3,KMX,"CarMax, Inc.",26-09-24
2024,Q4,KMX,"CarMax, Inc.",19-12-24
2025,Q1,KMX,"CarMax, Inc.",Missing
2025,Q2,KMX,"CarMax, Inc.",20-06-25
2025,Q3,KMX,"CarMax, Inc.",25-09-25
2025,Q4,KMX,"CarMax, Inc.",Missing
2020,Q1,KO,The Coca-Cola Company,30-01-20
2020,Q2,KO,The Coca-Cola Company,21-04-20
2020,Q3,KO,The Coca-Cola Company,21-07-20
2020,Q4,KO,The Coca-Cola Company,22-10-20
2021,Q1,KO,The Coca-Cola Company,10-02-21
2021,Q2,KO,The Coca-Cola Company,19-04-21
2021,Q3,KO,The Coca-Cola Company,21-07-21
2021,Q4,KO,The Coca-Cola Company,27-10-21
2022,Q1,KO,The Coca-Cola Company,10-02-22
2022,Q2,KO,The Coca-Cola Company,25-04-22
2022,Q3,KO,The Coca-Cola Company,26-07-22
2022,Q4,KO,The Coca-Cola Company,25-10-22
2023,Q1,KO,The Coca-Cola Company,14-02-23
2023,Q2,KO,The Coca-Cola Company,24-04-23
2023,Q3,KO,The Coca-Cola Company,26-07-23
2023,Q4,KO,The Coca-Cola Company,24-10-23
2024,Q1,KO,The Coca-Cola Company,13-02-24
2024,Q2,KO,The Coca-Cola Company,30-04-24
2024,Q3,KO,The Coca-Cola Company,23-07-24
2024,Q4,KO,The Coca-Cola Company,23-10-24
2025,Q1,KO,The Coca-Cola Company,11-02-25
2025,Q2,KO,The Coca-Cola Company,29-04-25
2025,Q3,KO,The Coca-Cola Company,22-07-25
2025,Q4,KO,The Coca-Cola Company,21-10-25
2020,Q1,KR,The Kroger Co.,05-03-20
2020,Q2,KR,The Kroger Co.,18-06-20
2020,Q3,KR,The Kroger Co.,11-09-20
2020,Q4,KR,The Kroger Co.,03-12-20
2021,Q1,KR,The Kroger Co.,04-03-21
2021,Q2,KR,The Kroger Co.,17-06-21
2021,Q3,KR,The Kroger Co.,10-09-21
2021,Q4,KR,The Kroger Co.,02-12-21
2022,Q1,KR,The Kroger Co.,03-03-22
2022,Q2,KR,The Kroger Co.,16-06-22
2022,Q3,KR,The Kroger Co.,09-09-22
2022,Q4,KR,The Kroger Co.,01-12-22
2023,Q1,KR,The Kroger Co.,02-03-23
2023,Q2,KR,The Kroger Co.,15-06-23
2023,Q3,KR,The Kroger Co.,08-09-23
2023,Q4,KR,The Kroger Co.,30-11-23
2024,Q1,KR,The Kroger Co.,07-03-24
2024,Q2,KR,The Kroger Co.,20-06-24
2024,Q3,KR,The Kroger Co.,12-09-24
2024,Q4,KR,The Kroger Co.,05-12-24
2025,Q1,KR,The Kroger Co.,06-03-25
2025,Q2,KR,The Kroger Co.,20-06-25
2025,Q3,KR,The Kroger Co.,11-09-25
2025,Q4,KR,The Kroger Co.,04-12-25
2020,Q1,L,,10-02-20
2020,Q2,L,,Missing
2020,Q3,L,,Missing
2020,Q4,L,,Missing
2021,Q1,L,,Missing
2021,Q2,L,,Missing
2021,Q3,L,,Missing
2021,Q4,L,,Missing
2022,Q1,L,,Missing
2022,Q2,L,,Missing
2022,Q3,L,,Missing
2022,Q4,L,,Missing
2023,Q1,L,,Missing
2023,Q2,L,,Missing
2023,Q3,L,,Missing
2023,Q4,L,,Missing
2024,Q1,L,,Missing
2024,Q2,L,,Missing
2024,Q3,L,,Missing
2024,Q4,L,,Missing
2025,Q1,L,,Missing
2025,Q2,L,,Missing
2025,Q3,L,,Missing
2025,Q4,L,,03-11-25
2020,Q1,LDOS,,18-02-20
2020,Q2,LDOS,,05-05-20
2020,Q3,LDOS,,04-08-20
2020,Q4,LDOS,,02-11-20
2021,Q1,LDOS,,23-02-21
2021,Q2,LDOS,,04-05-21
2021,Q3,LDOS,,03-08-21
2021,Q4,LDOS,,02-11-21
2022,Q1,LDOS,,15-02-22
2022,Q2,LDOS,,03-05-22
2022,Q3,LDOS,,02-08-22
2022,Q4,LDOS,,01-11-22
2023,Q1,LDOS,,14-02-23
2023,Q2,LDOS,,02-05-23
2023,Q3,LDOS,,01-08-23
2023,Q4,LDOS,,31-10-23
2024,Q1,LDOS,,13-02-24
2024,Q2,LDOS,,30-04-24
2024,Q3,LDOS,,30-07-24
2024,Q4,LDOS,,29-10-24
2025,Q1,LDOS,,11-02-25
2025,Q2,LDOS,,06-05-25
2025,Q3,LDOS,,05-08-25
2025,Q4,LDOS,,04-11-25
2020,Q1,LH,,13-02-20
2020,Q2,LH,,29-04-20
2020,Q3,LH,,28-07-20
2020,Q4,LH,,27-10-20
2021,Q1,LH,,11-02-21
2021,Q2,LH,,29-04-21
2021,Q3,LH,,29-07-21
2021,Q4,LH,,28-10-21
2022,Q1,LH,,10-02-22
2022,Q2,LH,,28-04-22
2022,Q3,LH,,28-07-22
2022,Q4,LH,,27-10-22
2023,Q1,LH,,16-02-23
2023,Q2,LH,,25-04-23
2023,Q3,LH,,27-07-23
2023,Q4,LH,,26-10-23
2024,Q1,LH,,15-02-24
2024,Q2,LH,,25-04-24
2024,Q3,LH,,01-08-24
2024,Q4,LH,,24-10-24
2025,Q1,LH,,06-02-25
2025,Q2,LH,,29-04-25
2025,Q3,LH,,24-07-25
2025,Q4,LH,,23-10-25
2020,Q1,LHX,"L3Harris Technologies, Inc.",04-02-20
2020,Q2,LHX,"L3Harris Technologies, Inc.",05-05-20
2020,Q3,LHX,"L3Harris Technologies, Inc.",31-07-20
2020,Q4,LHX,"L3Harris Technologies, Inc.",30-10-20
2021,Q1,LHX,"L3Harris Technologies, Inc.",29-01-21
2021,Q2,LHX,"L3Harris Technologies, Inc.",30-04-21
2021,Q3,LHX,"L3Harris Technologies, Inc.",03-08-21
2021,Q4,LHX,"L3Harris Technologies, Inc.",29-10-21
2022,Q1,LHX,"L3Harris Technologies, Inc.",31-01-22
2022,Q2,LHX,"L3Harris Technologies, Inc.",28-04-22
2022,Q3,LHX,"L3Harris Technologies, Inc.",28-07-22
2022,Q4,LHX,"L3Harris Technologies, Inc.",27-10-22
2023,Q1,LHX,"L3Harris Technologies, Inc.",26-01-23
2023,Q2,LHX,"L3Harris Technologies, Inc.",27-04-23
2023,Q3,LHX,"L3Harris Technologies, Inc.",26-07-23
2023,Q4,LHX,"L3Harris Technologies, Inc.",26-10-23
2024,Q1,LHX,"L3Harris Technologies, Inc.",25-01-24
2024,Q2,LHX,"L3Harris Technologies, Inc.",25-04-24
2024,Q3,LHX,"L3Harris Technologies, Inc.",25-07-24
2024,Q4,LHX,"L3Harris Technologies, Inc.",24-10-24
2025,Q1,LHX,"L3Harris Technologies, Inc.",30-01-25
2025,Q2,LHX,"L3Harris Technologies, Inc.",24-04-25
2025,Q3,LHX,"L3Harris Technologies, Inc.",24-07-25
2025,Q4,LHX,"L3Harris Technologies, Inc.",23-10-25
2020,Q1,LIN,Linde plc,01-03-20
2020,Q2,LIN,Linde plc,07-05-20
2020,Q3,LIN,Linde plc,31-07-20
2020,Q4,LIN,Linde plc,05-11-20
2021,Q1,LIN,Linde plc,05-02-21
2021,Q2,LIN,Linde plc,06-05-21
2021,Q3,LIN,Linde plc,30-07-21
2021,Q4,LIN,Linde plc,29-10-21
2022,Q1,LIN,Linde plc,10-02-22
2022,Q2,LIN,Linde plc,28-04-22
2022,Q3,LIN,Linde plc,28-07-22
2022,Q4,LIN,Linde plc,27-10-22
2023,Q1,LIN,Linde plc,07-02-23
2023,Q2,LIN,Linde plc,27-04-23
2023,Q3,LIN,Linde plc,27-07-23
2023,Q4,LIN,Linde plc,26-10-23
2024,Q1,LIN,Linde plc,06-02-24
2024,Q2,LIN,Linde plc,02-05-24
2024,Q3,LIN,Linde plc,02-08-24
2024,Q4,LIN,Linde plc,31-10-24
2025,Q1,LIN,Linde plc,06-02-25
2025,Q2,LIN,Linde plc,01-05-25
2025,Q3,LIN,Linde plc,01-08-25
2025,Q4,LIN,Linde plc,30-10-25
2020,Q1,LKQ,,20-02-20
2020,Q2,LKQ,,30-04-20
2020,Q3,LKQ,,30-07-20
2020,Q4,LKQ,,29-10-20
2021,Q1,LKQ,,18-02-21
2021,Q2,LKQ,,29-04-21
2021,Q3,LKQ,,29-07-21
2021,Q4,LKQ,,28-10-21
2022,Q1,LKQ,,17-02-22
2022,Q2,LKQ,,28-04-22
2022,Q3,LKQ,,28-07-22
2022,Q4,LKQ,,27-10-22
2023,Q1,LKQ,,23-02-23
2023,Q2,LKQ,,27-04-23
2023,Q3,LKQ,,27-07-23
2023,Q4,LKQ,,26-10-23
2024,Q1,LKQ,,22-02-24
2024,Q2,LKQ,,23-04-24
2024,Q3,LKQ,,25-07-24
2024,Q4,LKQ,,24-10-24
2025,Q1,LKQ,,20-02-25
2025,Q2,LKQ,,24-04-25
2025,Q3,LKQ,,24-07-25
2025,Q4,LKQ,,30-10-25
2020,Q1,LLY,Eli Lilly and Company,30-01-20
2020,Q2,LLY,Eli Lilly and Company,23-04-20
2020,Q3,LLY,Eli Lilly and Company,30-07-20
2020,Q4,LLY,Eli Lilly and Company,27-10-20
2021,Q1,LLY,Eli Lilly and Company,29-01-21
2021,Q2,LLY,Eli Lilly and Company,27-04-21
2021,Q3,LLY,Eli Lilly and Company,03-08-21
2021,Q4,LLY,Eli Lilly and Company,26-10-21
2022,Q1,LLY,Eli Lilly and Company,03-02-22
2022,Q2,LLY,Eli Lilly and Company,28-04-22
2022,Q3,LLY,Eli Lilly and Company,04-08-22
2022,Q4,LLY,Eli Lilly and Company,01-11-22
2023,Q1,LLY,Eli Lilly and Company,02-02-23
2023,Q2,LLY,Eli Lilly and Company,27-04-23
2023,Q3,LLY,Eli Lilly and Company,08-08-23
2023,Q4,LLY,Eli Lilly and Company,02-11-23
2024,Q1,LLY,Eli Lilly and Company,06-02-24
2024,Q2,LLY,Eli Lilly and Company,30-04-24
2024,Q3,LLY,Eli Lilly and Company,08-08-24
2024,Q4,LLY,Eli Lilly and Company,30-10-24
2025,Q1,LLY,Eli Lilly and Company,06-02-25
2025,Q2,LLY,Eli Lilly and Company,01-05-25
2025,Q3,LLY,Eli Lilly and Company,07-08-25
2025,Q4,LLY,Eli Lilly and Company,30-10-25
2020,Q1,LMT,,28-01-20
2020,Q2,LMT,,21-04-20
2020,Q3,LMT,,21-07-20
2020,Q4,LMT,,20-10-20
2021,Q1,LMT,,26-01-21
2021,Q2,LMT,,20-04-21
2021,Q3,LMT,,26-07-21
2021,Q4,LMT,,26-10-21
2022,Q1,LMT,,25-01-22
2022,Q2,LMT,,19-04-22
2022,Q3,LMT,,19-07-22
2022,Q4,LMT,,18-10-22
2023,Q1,LMT,,24-01-23
2023,Q2,LMT,,18-04-23
2023,Q3,LMT,,18-07-23
2023,Q4,LMT,,17-10-23
2024,Q1,LMT,,23-01-24
2024,Q2,LMT,,23-04-24
2024,Q3,LMT,,23-07-24
2024,Q4,LMT,,22-10-24
2025,Q1,LMT,,28-01-25
2025,Q2,LMT,,22-04-25
2025,Q3,LMT,,22-07-25
2025,Q4,LMT,,21-10-25
2020,Q1,LNT,,20-02-20
2020,Q2,LNT,,07-05-20
2020,Q3,LNT,,06-08-20
2020,Q4,LNT,,02-11-20
2021,Q1,LNT,,18-02-21
2021,Q2,LNT,,06-05-21
2021,Q3,LNT,,05-08-21
2021,Q4,LNT,,04-11-21
2022,Q1,LNT,,17-02-22
2022,Q2,LNT,,28-04-22
2022,Q3,LNT,,04-08-22
2022,Q4,LNT,,07-11-22
2023,Q1,LNT,,23-02-23
2023,Q2,LNT,,04-05-23
2023,Q3,LNT,,03-08-23
2023,Q4,LNT,,02-11-23
2024,Q1,LNT,,15-02-24
2024,Q2,LNT,,02-05-24
2024,Q3,LNT,,01-08-24
2024,Q4,LNT,,31-10-24
2025,Q1,LNT,,20-02-25
2025,Q2,LNT,,09-05-25
2025,Q3,LNT,,07-08-25
2025,Q4,LNT,,06-11-25
2020,Q1,LOW,"Lowe's Companies, Inc.",26-02-20
2020,Q2,LOW,"Lowe's Companies, Inc.",20-05-20
2020,Q3,LOW,"Lowe's Companies, Inc.",19-08-20
2020,Q4,LOW,"Lowe's Companies, Inc.",18-11-20
2021,Q1,LOW,"Lowe's Companies, Inc.",24-02-21
2021,Q2,LOW,"Lowe's Companies, Inc.",19-05-21
2021,Q3,LOW,"Lowe's Companies, Inc.",18-08-21
2021,Q4,LOW,"Lowe's Companies, Inc.",17-11-21
2022,Q1,LOW,"Lowe's Companies, Inc.",23-02-22
2022,Q2,LOW,"Lowe's Companies, Inc.",18-05-22
2022,Q3,LOW,"Lowe's Companies, Inc.",17-08-22
2022,Q4,LOW,"Lowe's Companies, Inc.",16-11-22
2023,Q1,LOW,"Lowe's Companies, Inc.",01-03-23
2023,Q2,LOW,"Lowe's Companies, Inc.",23-05-23
2023,Q3,LOW,"Lowe's Companies, Inc.",22-08-23
2023,Q4,LOW,"Lowe's Companies, Inc.",21-11-23
2024,Q1,LOW,"Lowe's Companies, Inc.",27-02-24
2024,Q2,LOW,"Lowe's Companies, Inc.",21-05-24
2024,Q3,LOW,"Lowe's Companies, Inc.",20-08-24
2024,Q4,LOW,"Lowe's Companies, Inc.",19-11-24
2025,Q1,LOW,"Lowe's Companies, Inc.",26-02-25
2025,Q2,LOW,"Lowe's Companies, Inc.",21-05-25
2025,Q3,LOW,"Lowe's Companies, Inc.",20-08-25
2025,Q4,LOW,"Lowe's Companies, Inc.",19-11-25
2020,Q1,LRCX,,29-01-20
2020,Q2,LRCX,,22-04-20
2020,Q3,LRCX,,29-07-20
2020,Q4,LRCX,,21-10-20
2021,Q1,LRCX,,27-01-21
2021,Q2,LRCX,,21-04-21
2021,Q3,LRCX,,28-07-21
2021,Q4,LRCX,,20-10-21
2022,Q1,LRCX,,26-01-22
2022,Q2,LRCX,,20-04-22
2022,Q3,LRCX,,27-07-22
2022,Q4,LRCX,,19-10-22
2023,Q1,LRCX,,25-01-23
2023,Q2,LRCX,,19-04-23
2023,Q3,LRCX,,26-07-23
2023,Q4,LRCX,,18-10-23
2024,Q1,LRCX,,24-01-24
2024,Q2,LRCX,,24-04-24
2024,Q3,LRCX,,31-07-24
2024,Q4,LRCX,,23-10-24
2025,Q1,LRCX,,29-01-25
2025,Q2,LRCX,,23-04-25
2025,Q3,LRCX,,30-07-25
2025,Q4,LRCX,,29-10-25
2020,Q1,LUV,Southwest Airlines Co.,23-01-20
2020,Q2,LUV,Southwest Airlines Co.,28-04-20
2020,Q3,LUV,Southwest Airlines Co.,23-07-20
2020,Q4,LUV,Southwest Airlines Co.,22-10-20
2021,Q1,LUV,Southwest Airlines Co.,28-01-21
2021,Q2,LUV,Southwest Airlines Co.,22-04-21
2021,Q3,LUV,Southwest Airlines Co.,22-07-21
2021,Q4,LUV,Southwest Airlines Co.,21-10-21
2022,Q1,LUV,Southwest Airlines Co.,27-01-22
2022,Q2,LUV,Southwest Airlines Co.,28-04-22
2022,Q3,LUV,Southwest Airlines Co.,28-07-22
2022,Q4,LUV,Southwest Airlines Co.,27-10-22
2023,Q1,LUV,Southwest Airlines Co.,26-01-23
2023,Q2,LUV,Southwest Airlines Co.,27-04-23
2023,Q3,LUV,Southwest Airlines Co.,27-07-23
2023,Q4,LUV,Southwest Airlines Co.,26-10-23
2024,Q1,LUV,Southwest Airlines Co.,25-01-24
2024,Q2,LUV,Southwest Airlines Co.,25-04-24
2024,Q3,LUV,Southwest Airlines Co.,25-07-24
2024,Q4,LUV,Southwest Airlines Co.,24-10-24
2025,Q1,LUV,Southwest Airlines Co.,30-01-25
2025,Q2,LUV,Southwest Airlines Co.,23-04-25
2025,Q3,LUV,Southwest Airlines Co.,23-07-25
2025,Q4,LUV,Southwest Airlines Co.,22-10-25
2020,Q1,LVS,Las Vegas Sands Corp.,29-01-20
2020,Q2,LVS,Las Vegas Sands Corp.,22-04-20
2020,Q3,LVS,Las Vegas Sands Corp.,22-07-20
2020,Q4,LVS,Las Vegas Sands Corp.,21-10-20
2021,Q1,LVS,Las Vegas Sands Corp.,27-01-21
2021,Q2,LVS,Las Vegas Sands Corp.,21-04-21
2021,Q3,LVS,Las Vegas Sands Corp.,21-07-21
2021,Q4,LVS,Las Vegas Sands Corp.,20-10-21
2022,Q1,LVS,Las Vegas Sands Corp.,26-01-22
2022,Q2,LVS,Las Vegas Sands Corp.,27-04-22
2022,Q3,LVS,Las Vegas Sands Corp.,20-07-22
2022,Q4,LVS,Las Vegas Sands Corp.,19-10-22
2023,Q1,LVS,Las Vegas Sands Corp.,25-01-23
2023,Q2,LVS,Las Vegas Sands Corp.,19-04-23
2023,Q3,LVS,Las Vegas Sands Corp.,19-07-23
2023,Q4,LVS,Las Vegas Sands Corp.,18-10-23
2024,Q1,LVS,Las Vegas Sands Corp.,24-01-24
2024,Q2,LVS,Las Vegas Sands Corp.,17-04-24
2024,Q3,LVS,Las Vegas Sands Corp.,24-07-24
2024,Q4,LVS,Las Vegas Sands Corp.,23-10-24
2025,Q1,LVS,Las Vegas Sands Corp.,29-01-25
2025,Q2,LVS,Las Vegas Sands Corp.,23-04-25
2025,Q3,LVS,Las Vegas Sands Corp.,23-07-25
2025,Q4,LVS,Las Vegas Sands Corp.,22-10-25
2020,Q1,LYB,LyondellBasell Industries N.V.,31-01-20
2020,Q2,LYB,LyondellBasell Industries N.V.,01-05-20
2020,Q3,LYB,LyondellBasell Industries N.V.,31-07-20
2020,Q4,LYB,LyondellBasell Industries N.V.,30-10-20
2021,Q1,LYB,LyondellBasell Industries N.V.,29-01-21
2021,Q2,LYB,LyondellBasell Industries N.V.,30-04-21
2021,Q3,LYB,LyondellBasell Industries N.V.,30-07-21
2021,Q4,LYB,LyondellBasell Industries N.V.,29-10-21
2022,Q1,LYB,LyondellBasell Industries N.V.,28-01-22
2022,Q2,LYB,LyondellBasell Industries N.V.,29-04-22
2022,Q3,LYB,LyondellBasell Industries N.V.,29-07-22
2022,Q4,LYB,LyondellBasell Industries N.V.,28-10-22
2023,Q1,LYB,LyondellBasell Industries N.V.,03-02-23
2023,Q2,LYB,LyondellBasell Industries N.V.,28-04-23
2023,Q3,LYB,LyondellBasell Industries N.V.,04-08-23
2023,Q4,LYB,LyondellBasell Industries N.V.,27-10-23
2024,Q1,LYB,LyondellBasell Industries N.V.,02-02-24
2024,Q2,LYB,LyondellBasell Industries N.V.,26-04-24
2024,Q3,LYB,LyondellBasell Industries N.V.,02-08-24
2024,Q4,LYB,LyondellBasell Industries N.V.,01-11-24
2025,Q1,LYB,LyondellBasell Industries N.V.,31-01-25
2025,Q2,LYB,LyondellBasell Industries N.V.,25-04-25
2025,Q3,LYB,LyondellBasell Industries N.V.,01-08-25
2025,Q4,LYB,LyondellBasell Industries N.V.,31-10-25
2020,Q1,LYV,"Live Nation Entertainment, Inc.",27-02-20
2020,Q2,LYV,"Live Nation Entertainment, Inc.",07-05-20
2020,Q3,LYV,"Live Nation Entertainment, Inc.",05-08-20
2020,Q4,LYV,"Live Nation Entertainment, Inc.",05-11-20
2021,Q1,LYV,"Live Nation Entertainment, Inc.",25-02-21
2021,Q2,LYV,"Live Nation Entertainment, Inc.",06-05-21
2021,Q3,LYV,"Live Nation Entertainment, Inc.",03-08-21
2021,Q4,LYV,"Live Nation Entertainment, Inc.",04-11-21
2022,Q1,LYV,"Live Nation Entertainment, Inc.",23-02-22
2022,Q2,LYV,"Live Nation Entertainment, Inc.",05-05-22
2022,Q3,LYV,"Live Nation Entertainment, Inc.",04-08-22
2022,Q4,LYV,"Live Nation Entertainment, Inc.",03-11-22
2023,Q1,LYV,"Live Nation Entertainment, Inc.",23-02-23
2023,Q2,LYV,"Live Nation Entertainment, Inc.",04-05-23
2023,Q3,LYV,"Live Nation Entertainment, Inc.",27-07-23
2023,Q4,LYV,"Live Nation Entertainment, Inc.",02-11-23
2024,Q1,LYV,"Live Nation Entertainment, Inc.",22-02-24
2024,Q2,LYV,"Live Nation Entertainment, Inc.",02-05-24
2024,Q3,LYV,"Live Nation Entertainment, Inc.",30-07-24
2024,Q4,LYV,"Live Nation Entertainment, Inc.",11-11-24
2025,Q1,LYV,"Live Nation Entertainment, Inc.",20-02-25
2025,Q2,LYV,"Live Nation Entertainment, Inc.",01-05-25
2025,Q3,LYV,"Live Nation Entertainment, Inc.",07-08-25
2025,Q4,LYV,"Live Nation Entertainment, Inc.",10-11-25
2020,Q1,MA,Mastercard Incorporated,29-01-20
2020,Q2,MA,Mastercard Incorporated,29-04-20
2020,Q3,MA,Mastercard Incorporated,30-07-20
2020,Q4,MA,Mastercard Incorporated,28-10-20
2021,Q1,MA,Mastercard Incorporated,28-01-21
2021,Q2,MA,Mastercard Incorporated,29-04-21
2021,Q3,MA,Mastercard Incorporated,29-07-21
2021,Q4,MA,Mastercard Incorporated,28-10-21
2022,Q1,MA,Mastercard Incorporated,27-01-22
2022,Q2,MA,Mastercard Incorporated,28-04-22
2022,Q3,MA,Mastercard Incorporated,28-07-22
2022,Q4,MA,Mastercard Incorporated,27-10-22
2023,Q1,MA,Mastercard Incorporated,26-01-23
2023,Q2,MA,Mastercard Incorporated,27-04-23
2023,Q3,MA,Mastercard Incorporated,27-07-23
2023,Q4,MA,Mastercard Incorporated,26-10-23
2024,Q1,MA,Mastercard Incorporated,31-01-24
2024,Q2,MA,Mastercard Incorporated,01-05-24
2024,Q3,MA,Mastercard Incorporated,31-07-24
2024,Q4,MA,Mastercard Incorporated,31-10-24
2025,Q1,MA,Mastercard Incorporated,30-01-25
2025,Q2,MA,Mastercard Incorporated,01-05-25
2025,Q3,MA,Mastercard Incorporated,31-07-25
2025,Q4,MA,Mastercard Incorporated,30-10-25
2020,Q1,MCD,McDonald's Corporation,29-01-20
2020,Q2,MCD,McDonald's Corporation,30-04-20
2020,Q3,MCD,McDonald's Corporation,28-07-20
2020,Q4,MCD,McDonald's Corporation,09-11-20
2021,Q1,MCD,McDonald's Corporation,28-01-21
2021,Q2,MCD,McDonald's Corporation,29-04-21
2021,Q3,MCD,McDonald's Corporation,28-07-21
2021,Q4,MCD,McDonald's Corporation,27-10-21
2022,Q1,MCD,McDonald's Corporation,27-01-22
2022,Q2,MCD,McDonald's Corporation,28-04-22
2022,Q3,MCD,McDonald's Corporation,26-07-22
2022,Q4,MCD,McDonald's Corporation,27-10-22
2023,Q1,MCD,McDonald's Corporation,31-01-23
2023,Q2,MCD,McDonald's Corporation,25-04-23
2023,Q3,MCD,McDonald's Corporation,27-07-23
2023,Q4,MCD,McDonald's Corporation,30-10-23
2024,Q1,MCD,McDonald's Corporation,05-02-24
2024,Q2,MCD,McDonald's Corporation,30-04-24
2024,Q3,MCD,McDonald's Corporation,29-07-24
2024,Q4,MCD,McDonald's Corporation,29-10-24
2025,Q1,MCD,McDonald's Corporation,10-02-25
2025,Q2,MCD,McDonald's Corporation,01-05-25
2025,Q3,MCD,McDonald's Corporation,06-08-25
2025,Q4,MCD,McDonald's Corporation,28-10-25
2020,Q1,MCHP,,04-02-20
2020,Q2,MCHP,,07-05-20
2020,Q3,MCHP,,04-08-20
2020,Q4,MCHP,,05-11-20
2021,Q1,MCHP,,04-02-21
2021,Q2,MCHP,,06-05-21
2021,Q3,MCHP,,03-08-21
2021,Q4,MCHP,,04-11-21
2022,Q1,MCHP,,03-02-22
2022,Q2,MCHP,,09-05-22
2022,Q3,MCHP,,02-08-22
2022,Q4,MCHP,,03-11-22
2023,Q1,MCHP,,02-02-23
2023,Q2,MCHP,,04-05-23
2023,Q3,MCHP,,03-08-23
2023,Q4,MCHP,,02-11-23
2024,Q1,MCHP,,01-02-24
2024,Q2,MCHP,,06-05-24
2024,Q3,MCHP,,01-08-24
2024,Q4,MCHP,,05-11-24
2025,Q1,MCHP,,06-02-25
2025,Q2,MCHP,,08-05-25
2025,Q3,MCHP,,07-08-25
2025,Q4,MCHP,,10-11-25
2020,Q1,MCK,McKesson Corporation,04-02-20
2020,Q2,MCK,McKesson Corporation,20-05-20
2020,Q3,MCK,McKesson Corporation,03-08-20
2020,Q4,MCK,McKesson Corporation,03-11-20
2021,Q1,MCK,McKesson Corporation,02-02-21
2021,Q2,MCK,McKesson Corporation,06-05-21
2021,Q3,MCK,McKesson Corporation,03-08-21
2021,Q4,MCK,McKesson Corporation,01-11-21
2022,Q1,MCK,McKesson Corporation,02-02-22
2022,Q2,MCK,McKesson Corporation,05-05-22
2022,Q3,MCK,McKesson Corporation,03-08-22
2022,Q4,MCK,McKesson Corporation,01-11-22
2023,Q1,MCK,McKesson Corporation,01-02-23
2023,Q2,MCK,McKesson Corporation,08-05-23
2023,Q3,MCK,McKesson Corporation,02-08-23
2023,Q4,MCK,McKesson Corporation,01-11-23
2024,Q1,MCK,McKesson Corporation,07-02-24
2024,Q2,MCK,McKesson Corporation,07-05-24
2024,Q3,MCK,McKesson Corporation,07-08-24
2024,Q4,MCK,McKesson Corporation,06-11-24
2025,Q1,MCK,McKesson Corporation,05-02-25
2025,Q2,MCK,McKesson Corporation,08-05-25
2025,Q3,MCK,McKesson Corporation,06-08-25
2025,Q4,MCK,McKesson Corporation,05-11-25
2020,Q1,MCO,Moody's Corporation,12-02-20
2020,Q2,MCO,Moody's Corporation,30-04-20
2020,Q3,MCO,Moody's Corporation,30-07-20
2020,Q4,MCO,Moody's Corporation,29-10-20
2021,Q1,MCO,Moody's Corporation,12-02-21
2021,Q2,MCO,Moody's Corporation,28-04-21
2021,Q3,MCO,Moody's Corporation,28-07-21
2021,Q4,MCO,Moody's Corporation,28-10-21
2022,Q1,MCO,Moody's Corporation,10-02-22
2022,Q2,MCO,Moody's Corporation,02-05-22
2022,Q3,MCO,Moody's Corporation,26-07-22
2022,Q4,MCO,Moody's Corporation,25-10-22
2023,Q1,MCO,Moody's Corporation,31-01-23
2023,Q2,MCO,Moody's Corporation,25-04-23
2023,Q3,MCO,Moody's Corporation,25-07-23
2023,Q4,MCO,Moody's Corporation,25-10-23
2024,Q1,MCO,Moody's Corporation,13-02-24
2024,Q2,MCO,Moody's Corporation,02-05-24
2024,Q3,MCO,Moody's Corporation,23-07-24
2024,Q4,MCO,Moody's Corporation,22-10-24
2025,Q1,MCO,Moody's Corporation,13-02-25
2025,Q2,MCO,Moody's Corporation,22-04-25
2025,Q3,MCO,Moody's Corporation,23-07-25
2025,Q4,MCO,Moody's Corporation,21-10-25
2020,Q1,MDLZ,,29-01-20
2020,Q2,MDLZ,,28-04-20
2020,Q3,MDLZ,,28-07-20
2020,Q4,MDLZ,,02-11-20
2021,Q1,MDLZ,,28-01-21
2021,Q2,MDLZ,,27-04-21
2021,Q3,MDLZ,,27-07-21
2021,Q4,MDLZ,,02-11-21
2022,Q1,MDLZ,,27-01-22
2022,Q2,MDLZ,,26-04-22
2022,Q3,MDLZ,,26-07-22
2022,Q4,MDLZ,,01-11-22
2023,Q1,MDLZ,,31-01-23
2023,Q2,MDLZ,,27-04-23
2023,Q3,MDLZ,,27-07-23
2023,Q4,MDLZ,,01-11-23
2024,Q1,MDLZ,,30-01-24
2024,Q2,MDLZ,,30-04-24
2024,Q3,MDLZ,,30-07-24
2024,Q4,MDLZ,,29-10-24
2025,Q1,MDLZ,,04-02-25
2025,Q2,MDLZ,,29-04-25
2025,Q3,MDLZ,,29-07-25
2025,Q4,MDLZ,,04-11-25
2020,Q1,MDT,Medtronic plc,18-02-20
2020,Q2,MDT,Medtronic plc,21-05-20
2020,Q3,MDT,Medtronic plc,25-08-20
2020,Q4,MDT,Medtronic plc,24-11-20
2021,Q1,MDT,Medtronic plc,23-02-21
2021,Q2,MDT,Medtronic plc,27-05-21
2021,Q3,MDT,Medtronic plc,24-08-21
2021,Q4,MDT,Medtronic plc,23-11-21
2022,Q1,MDT,Medtronic plc,22-02-22
2022,Q2,MDT,Medtronic plc,26-05-22
2022,Q3,MDT,Medtronic plc,23-08-22
2022,Q4,MDT,Medtronic plc,22-11-22
2023,Q1,MDT,Medtronic plc,21-02-23
2023,Q2,MDT,Medtronic plc,25-05-23
2023,Q3,MDT,Medtronic plc,22-08-23
2023,Q4,MDT,Medtronic plc,21-11-23
2024,Q1,MDT,Medtronic plc,20-02-24
2024,Q2,MDT,Medtronic plc,23-05-24
2024,Q3,MDT,Medtronic plc,20-08-24
2024,Q4,MDT,Medtronic plc,19-11-24
2025,Q1,MDT,Medtronic plc,18-02-25
2025,Q2,MDT,Medtronic plc,21-05-25
2025,Q3,MDT,Medtronic plc,19-08-25
2025,Q4,MDT,Medtronic plc,18-11-25
2020,Q1,META,"Meta Platforms, Inc. (formerly Facebook)",29-01-20
2020,Q2,META,"Meta Platforms, Inc. (formerly Facebook)",29-04-20
2020,Q3,META,"Meta Platforms, Inc. (formerly Facebook)",30-07-20
2020,Q4,META,"Meta Platforms, Inc. (formerly Facebook)",29-10-20
2021,Q1,META,"Meta Platforms, Inc. (formerly Facebook)",27-01-21
2021,Q2,META,"Meta Platforms, Inc. (formerly Facebook)",28-04-21
2021,Q3,META,"Meta Platforms, Inc. (formerly Facebook)",28-07-21
2021,Q4,META,"Meta Platforms, Inc. (formerly Facebook)",25-10-21
2022,Q1,META,"Meta Platforms, Inc. (formerly Facebook)",02-02-22
2022,Q2,META,"Meta Platforms, Inc. (formerly Facebook)",27-04-22
2022,Q3,META,"Meta Platforms, Inc. (formerly Facebook)",27-07-22
2022,Q4,META,"Meta Platforms, Inc. (formerly Facebook)",26-10-22
2023,Q1,META,"Meta Platforms, Inc. (formerly Facebook)",01-02-23
2023,Q2,META,"Meta Platforms, Inc. (formerly Facebook)",26-04-23
2023,Q3,META,"Meta Platforms, Inc. (formerly Facebook)",26-07-23
2023,Q4,META,"Meta Platforms, Inc. (formerly Facebook)",25-10-23
2024,Q1,META,"Meta Platforms, Inc. (formerly Facebook)",01-02-24
2024,Q2,META,"Meta Platforms, Inc. (formerly Facebook)",24-04-24
2024,Q3,META,"Meta Platforms, Inc. (formerly Facebook)",31-07-24
2024,Q4,META,"Meta Platforms, Inc. (formerly Facebook)",30-10-24
2025,Q1,META,"Meta Platforms, Inc. (formerly Facebook)",29-01-25
2025,Q2,META,"Meta Platforms, Inc. (formerly Facebook)",30-04-25
2025,Q3,META,"Meta Platforms, Inc. (formerly Facebook)",30-07-25
2025,Q4,META,"Meta Platforms, Inc. (formerly Facebook)",29-10-25
2020,Q1,MGM,,12-02-20
2020,Q2,MGM,,30-04-20
2020,Q3,MGM,,30-07-20
2020,Q4,MGM,,29-10-20
2021,Q1,MGM,,10-02-21
2021,Q2,MGM,,28-04-21
2021,Q3,MGM,,04-08-21
2021,Q4,MGM,,03-11-21
2022,Q1,MGM,,09-02-22
2022,Q2,MGM,,02-05-22
2022,Q3,MGM,,03-08-22
2022,Q4,MGM,,02-11-22
2023,Q1,MGM,,08-02-23
2023,Q2,MGM,,01-05-23
2023,Q3,MGM,,02-08-23
2023,Q4,MGM,,08-11-23
2024,Q1,MGM,,13-02-24
2024,Q2,MGM,,01-05-24
2024,Q3,MGM,,31-07-24
2024,Q4,MGM,,30-10-24
2025,Q1,MGM,,12-02-25
2025,Q2,MGM,,30-04-25
2025,Q3,MGM,,30-07-25
2025,Q4,MGM,,29-10-25
2020,Q1,MLM,"Martin Marietta Materials, Inc.",11-02-20
2020,Q2,MLM,"Martin Marietta Materials, Inc.",05-05-20
2020,Q3,MLM,"Martin Marietta Materials, Inc.",28-07-20
2020,Q4,MLM,"Martin Marietta Materials, Inc.",29-10-20
2021,Q1,MLM,"Martin Marietta Materials, Inc.",09-02-21
2021,Q2,MLM,"Martin Marietta Materials, Inc.",04-05-21
2021,Q3,MLM,"Martin Marietta Materials, Inc.",29-07-21
2021,Q4,MLM,"Martin Marietta Materials, Inc.",02-11-21
2022,Q1,MLM,"Martin Marietta Materials, Inc.",10-02-22
2022,Q2,MLM,"Martin Marietta Materials, Inc.",03-05-22
2022,Q3,MLM,"Martin Marietta Materials, Inc.",28-07-22
2022,Q4,MLM,"Martin Marietta Materials, Inc.",02-11-22
2023,Q1,MLM,"Martin Marietta Materials, Inc.",15-02-23
2023,Q2,MLM,"Martin Marietta Materials, Inc.",04-05-23
2023,Q3,MLM,"Martin Marietta Materials, Inc.",27-07-23
2023,Q4,MLM,"Martin Marietta Materials, Inc.",01-11-23
2024,Q1,MLM,"Martin Marietta Materials, Inc.",14-02-24
2024,Q2,MLM,"Martin Marietta Materials, Inc.",30-04-24
2024,Q3,MLM,"Martin Marietta Materials, Inc.",08-08-24
2024,Q4,MLM,"Martin Marietta Materials, Inc.",30-10-24
2025,Q1,MLM,"Martin Marietta Materials, Inc.",12-02-25
2025,Q2,MLM,"Martin Marietta Materials, Inc.",30-04-25
2025,Q3,MLM,"Martin Marietta Materials, Inc.",07-08-25
2025,Q4,MLM,"Martin Marietta Materials, Inc.",29-10-25
2020,Q1,MNST,,27-02-20
2020,Q2,MNST,,07-05-20
2020,Q3,MNST,,04-08-20
2020,Q4,MNST,,05-11-20
2021,Q1,MNST,,25-02-21
2021,Q2,MNST,,06-05-21
2021,Q3,MNST,,05-08-21
2021,Q4,MNST,,04-11-21
2022,Q1,MNST,,24-02-22
2022,Q2,MNST,,05-05-22
2022,Q3,MNST,,04-08-22
2022,Q4,MNST,,03-11-22
2023,Q1,MNST,,28-02-23
2023,Q2,MNST,,04-05-23
2023,Q3,MNST,,03-08-23
2023,Q4,MNST,,02-11-23
2024,Q1,MNST,,28-02-24
2024,Q2,MNST,,02-05-24
2024,Q3,MNST,,07-08-24
2024,Q4,MNST,,07-11-24
2025,Q1,MNST,,27-02-25
2025,Q2,MNST,,08-05-25
2025,Q3,MNST,,07-08-25
2025,Q4,MNST,,06-11-25
2020,Q1,MOS,,19-02-20
2020,Q2,MOS,,05-05-20
2020,Q3,MOS,,03-08-20
2020,Q4,MOS,,03-11-20
2021,Q1,MOS,,17-02-21
2021,Q2,MOS,,03-05-21
2021,Q3,MOS,,03-08-21
2021,Q4,MOS,,01-11-21
2022,Q1,MOS,,22-02-22
2022,Q2,MOS,,02-05-22
2022,Q3,MOS,,01-08-22
2022,Q4,MOS,,07-11-22
2023,Q1,MOS,,22-02-23
2023,Q2,MOS,,03-05-23
2023,Q3,MOS,,01-08-23
2023,Q4,MOS,,07-11-23
2024,Q1,MOS,,21-02-24
2024,Q2,MOS,,01-05-24
2024,Q3,MOS,,06-08-24
2024,Q4,MOS,,12-11-24
2025,Q1,MOS,,27-02-25
2025,Q2,MOS,,06-05-25
2025,Q3,MOS,,05-08-25
2025,Q4,MOS,,10-11-25
2020,Q1,MPC,Marathon Petroleum Corporation,29-01-20
2020,Q2,MPC,Marathon Petroleum Corporation,05-05-20
2020,Q3,MPC,Marathon Petroleum Corporation,03-08-20
2020,Q4,MPC,Marathon Petroleum Corporation,02-11-20
2021,Q1,MPC,Marathon Petroleum Corporation,02-02-21
2021,Q2,MPC,Marathon Petroleum Corporation,04-05-21
2021,Q3,MPC,Marathon Petroleum Corporation,04-08-21
2021,Q4,MPC,Marathon Petroleum Corporation,02-11-21
2022,Q1,MPC,Marathon Petroleum Corporation,02-02-22
2022,Q2,MPC,Marathon Petroleum Corporation,03-05-22
2022,Q3,MPC,Marathon Petroleum Corporation,02-08-22
2022,Q4,MPC,Marathon Petroleum Corporation,01-11-22
2023,Q1,MPC,Marathon Petroleum Corporation,31-01-23
2023,Q2,MPC,Marathon Petroleum Corporation,02-05-23
2023,Q3,MPC,Marathon Petroleum Corporation,01-08-23
2023,Q4,MPC,Marathon Petroleum Corporation,31-10-23
2024,Q1,MPC,Marathon Petroleum Corporation,30-01-24
2024,Q2,MPC,Marathon Petroleum Corporation,30-04-24
2024,Q3,MPC,Marathon Petroleum Corporation,06-08-24
2024,Q4,MPC,Marathon Petroleum Corporation,05-11-24
2025,Q1,MPC,Marathon Petroleum Corporation,04-02-25
2025,Q2,MPC,Marathon Petroleum Corporation,06-05-25
2025,Q3,MPC,Marathon Petroleum Corporation,05-08-25
2025,Q4,MPC,Marathon Petroleum Corporation,04-11-25
2020,Q1,MRK,"Merck & Co., Inc.",05-02-20
2020,Q2,MRK,"Merck & Co., Inc.",28-04-20
2020,Q3,MRK,"Merck & Co., Inc.",31-07-20
2020,Q4,MRK,"Merck & Co., Inc.",27-10-20
2021,Q1,MRK,"Merck & Co., Inc.",04-02-21
2021,Q2,MRK,"Merck & Co., Inc.",29-04-21
2021,Q3,MRK,"Merck & Co., Inc.",29-07-21
2021,Q4,MRK,"Merck & Co., Inc.",28-10-21
2022,Q1,MRK,"Merck & Co., Inc.",03-02-22
2022,Q2,MRK,"Merck & Co., Inc.",28-04-22
2022,Q3,MRK,"Merck & Co., Inc.",28-07-22
2022,Q4,MRK,"Merck & Co., Inc.",27-10-22
2023,Q1,MRK,"Merck & Co., Inc.",02-02-23
2023,Q2,MRK,"Merck & Co., Inc.",27-04-23
2023,Q3,MRK,"Merck & Co., Inc.",01-08-23
2023,Q4,MRK,"Merck & Co., Inc.",26-10-23
2024,Q1,MRK,"Merck & Co., Inc.",01-02-24
2024,Q2,MRK,"Merck & Co., Inc.",25-04-24
2024,Q3,MRK,"Merck & Co., Inc.",30-07-24
2024,Q4,MRK,"Merck & Co., Inc.",31-10-24
2025,Q1,MRK,"Merck & Co., Inc.",04-02-25
2025,Q2,MRK,"Merck & Co., Inc.",24-04-25
2025,Q3,MRK,"Merck & Co., Inc.",29-07-25
2025,Q4,MRK,"Merck & Co., Inc.",30-10-25
2020,Q1,MRNA,,26-02-20
2020,Q2,MRNA,,07-05-20
2020,Q3,MRNA,,05-08-20
2020,Q4,MRNA,,29-10-20
2021,Q1,MRNA,,25-02-21
2021,Q2,MRNA,,06-05-21
2021,Q3,MRNA,,05-08-21
2021,Q4,MRNA,,04-11-21
2022,Q1,MRNA,,24-02-22
2022,Q2,MRNA,,04-05-22
2022,Q3,MRNA,,03-08-22
2022,Q4,MRNA,,03-11-22
2023,Q1,MRNA,,23-02-23
2023,Q2,MRNA,,04-05-23
2023,Q3,MRNA,,03-08-23
2023,Q4,MRNA,,02-11-23
2024,Q1,MRNA,,22-02-24
2024,Q2,MRNA,,02-05-24
2024,Q3,MRNA,,01-08-24
2024,Q4,MRNA,,07-11-24
2025,Q1,MRNA,,14-02-25
2025,Q2,MRNA,,01-05-25
2025,Q3,MRNA,,01-08-25
2025,Q4,MRNA,,06-11-25
2020,Q1,MRO,Marathon Oil Corporation,12-02-20
2020,Q2,MRO,Marathon Oil Corporation,06-05-20
2020,Q3,MRO,Marathon Oil Corporation,05-08-20
2020,Q4,MRO,Marathon Oil Corporation,04-11-20
2021,Q1,MRO,Marathon Oil Corporation,22-02-21
2021,Q2,MRO,Marathon Oil Corporation,05-05-21
2021,Q3,MRO,Marathon Oil Corporation,04-08-21
2021,Q4,MRO,Marathon Oil Corporation,03-11-21
2022,Q1,MRO,Marathon Oil Corporation,16-02-22
2022,Q2,MRO,Marathon Oil Corporation,04-05-22
2022,Q3,MRO,Marathon Oil Corporation,03-08-22
2022,Q4,MRO,Marathon Oil Corporation,02-11-22
2023,Q1,MRO,Marathon Oil Corporation,15-02-23
2023,Q2,MRO,Marathon Oil Corporation,03-05-23
2023,Q3,MRO,Marathon Oil Corporation,02-08-23
2023,Q4,MRO,Marathon Oil Corporation,01-11-23
2024,Q1,MRO,Marathon Oil Corporation,21-02-24
2024,Q2,MRO,Marathon Oil Corporation,01-05-24
2024,Q3,MRO,Marathon Oil Corporation,07-08-24
2024,Q4,MRO,Marathon Oil Corporation,06-11-24
2025,Q1,MRO,Marathon Oil Corporation,Missing
2025,Q2,MRO,Marathon Oil Corporation,Missing
2025,Q3,MRO,Marathon Oil Corporation,Missing
2025,Q4,MRO,Marathon Oil Corporation,Missing
2020,Q1,MS,,16-01-20
2020,Q2,MS,,16-04-20
2020,Q3,MS,,16-07-20
2020,Q4,MS,,15-10-20
2021,Q1,MS,,20-01-21
2021,Q2,MS,,16-04-21
2021,Q3,MS,,15-07-21
2021,Q4,MS,,14-10-21
2022,Q1,MS,,19-01-22
2022,Q2,MS,,14-04-22
2022,Q3,MS,,14-07-22
2022,Q4,MS,,14-10-22
2023,Q1,MS,,17-01-23
2023,Q2,MS,,19-04-23
2023,Q3,MS,,18-07-23
2023,Q4,MS,,18-10-23
2024,Q1,MS,,16-01-24
2024,Q2,MS,,16-04-24
2024,Q3,MS,,16-07-24
2024,Q4,MS,,16-10-24
2025,Q1,MS,,16-01-25
2025,Q2,MS,,11-04-25
2025,Q3,MS,,16-07-25
2025,Q4,MS,,15-10-25
2020,Q1,MSFT,Microsoft Corporation,29-01-20
2020,Q2,MSFT,Microsoft Corporation,29-04-20
2020,Q3,MSFT,Microsoft Corporation,22-07-20
2020,Q4,MSFT,Microsoft Corporation,27-10-20
2021,Q1,MSFT,Microsoft Corporation,26-01-21
2021,Q2,MSFT,Microsoft Corporation,27-04-21
2021,Q3,MSFT,Microsoft Corporation,27-07-21
2021,Q4,MSFT,Microsoft Corporation,26-10-21
2022,Q1,MSFT,Microsoft Corporation,25-01-22
2022,Q2,MSFT,Microsoft Corporation,26-04-22
2022,Q3,MSFT,Microsoft Corporation,26-07-22
2022,Q4,MSFT,Microsoft Corporation,25-10-22
2023,Q1,MSFT,Microsoft Corporation,24-01-23
2023,Q2,MSFT,Microsoft Corporation,25-04-23
2023,Q3,MSFT,Microsoft Corporation,25-07-23
2023,Q4,MSFT,Microsoft Corporation,24-10-23
2024,Q1,MSFT,Microsoft Corporation,30-01-24
2024,Q2,MSFT,Microsoft Corporation,25-04-24
2024,Q3,MSFT,Microsoft Corporation,30-07-24
2024,Q4,MSFT,Microsoft Corporation,30-10-24
2025,Q1,MSFT,Microsoft Corporation,29-01-25
2025,Q2,MSFT,Microsoft Corporation,30-04-25
2025,Q3,MSFT,Microsoft Corporation,30-07-25
2025,Q4,MSFT,Microsoft Corporation,29-10-25
2020,Q1,MSI,,06-02-20
2020,Q2,MSI,,07-05-20
2020,Q3,MSI,,06-08-20
2020,Q4,MSI,,29-10-20
2021,Q1,MSI,,04-02-21
2021,Q2,MSI,,06-05-21
2021,Q3,MSI,,05-08-21
2021,Q4,MSI,,04-11-21
2022,Q1,MSI,,09-02-22
2022,Q2,MSI,,12-05-22
2022,Q3,MSI,,04-08-22
2022,Q4,MSI,,03-11-22
2023,Q1,MSI,,09-02-23
2023,Q2,MSI,,04-05-23
2023,Q3,MSI,,03-08-23
2023,Q4,MSI,,02-11-23
2024,Q1,MSI,,08-02-24
2024,Q2,MSI,,02-05-24
2024,Q3,MSI,,01-08-24
2024,Q4,MSI,,07-11-24
2025,Q1,MSI,,13-02-25
2025,Q2,MSI,,01-05-25
2025,Q3,MSI,,07-08-25
2025,Q4,MSI,,06-11-25
2020,Q1,MTB,,23-01-20
2020,Q2,MTB,,20-04-20
2020,Q3,MTB,,23-07-20
2020,Q4,MTB,,22-10-20
2021,Q1,MTB,,21-01-21
2021,Q2,MTB,,19-04-21
2021,Q3,MTB,,21-07-21
2021,Q4,MTB,,20-10-21
2022,Q1,MTB,,20-01-22
2022,Q2,MTB,,20-04-22
2022,Q3,MTB,,20-07-22
2022,Q4,MTB,,19-10-22
2023,Q1,MTB,,19-01-23
2023,Q2,MTB,,17-04-23
2023,Q3,MTB,,19-07-23
2023,Q4,MTB,,18-10-23
2024,Q1,MTB,,18-01-24
2024,Q2,MTB,,15-04-24
2024,Q3,MTB,,18-07-24
2024,Q4,MTB,,17-10-24
2025,Q1,MTB,,16-01-25
2025,Q2,MTB,,14-04-25
2025,Q3,MTB,,16-07-25
2025,Q4,MTB,,16-10-25
2020,Q1,MTCH,"Match Group, Inc.",Missing
2020,Q2,MTCH,"Match Group, Inc.",Missing
2020,Q3,MTCH,"Match Group, Inc.",04-08-20
2020,Q4,MTCH,"Match Group, Inc.",04-11-20
2021,Q1,MTCH,"Match Group, Inc.",02-02-21
2021,Q2,MTCH,"Match Group, Inc.",04-05-21
2021,Q3,MTCH,"Match Group, Inc.",03-08-21
2021,Q4,MTCH,"Match Group, Inc.",02-11-21
2022,Q1,MTCH,"Match Group, Inc.",01-02-22
2022,Q2,MTCH,"Match Group, Inc.",03-05-22
2022,Q3,MTCH,"Match Group, Inc.",02-08-22
2022,Q4,MTCH,"Match Group, Inc.",01-11-22
2023,Q1,MTCH,"Match Group, Inc.",31-01-23
2023,Q2,MTCH,"Match Group, Inc.",02-05-23
2023,Q3,MTCH,"Match Group, Inc.",01-08-23
2023,Q4,MTCH,"Match Group, Inc.",31-10-23
2024,Q1,MTCH,"Match Group, Inc.",30-01-24
2024,Q2,MTCH,"Match Group, Inc.",07-05-24
2024,Q3,MTCH,"Match Group, Inc.",30-07-24
2024,Q4,MTCH,"Match Group, Inc.",06-11-24
2025,Q1,MTCH,"Match Group, Inc.",04-02-25
2025,Q2,MTCH,"Match Group, Inc.",08-05-25
2025,Q3,MTCH,"Match Group, Inc.",05-08-25
2025,Q4,MTCH,"Match Group, Inc.",04-11-25
2020,Q1,MU,"Micron Technology, Inc.",25-03-20
2020,Q2,MU,"Micron Technology, Inc.",29-06-20
2020,Q3,MU,"Micron Technology, Inc.",29-09-20
2020,Q4,MU,"Micron Technology, Inc.",Missing
2021,Q1,MU,"Micron Technology, Inc.",31-03-21
2021,Q2,MU,"Micron Technology, Inc.",30-06-21
2021,Q3,MU,"Micron Technology, Inc.",28-09-21
2021,Q4,MU,"Micron Technology, Inc.",20-12-21
2022,Q1,MU,"Micron Technology, Inc.",29-03-22
2022,Q2,MU,"Micron Technology, Inc.",30-06-22
2022,Q3,MU,"Micron Technology, Inc.",29-09-22
2022,Q4,MU,"Micron Technology, Inc.",21-12-22
2023,Q1,MU,"Micron Technology, Inc.",28-03-23
2023,Q2,MU,"Micron Technology, Inc.",28-06-23
2023,Q3,MU,"Micron Technology, Inc.",27-09-23
2023,Q4,MU,"Micron Technology, Inc.",20-12-23
2024,Q1,MU,"Micron Technology, Inc.",20-03-24
2024,Q2,MU,"Micron Technology, Inc.",26-06-24
2024,Q3,MU,"Micron Technology, Inc.",25-09-24
2024,Q4,MU,"Micron Technology, Inc.",18-12-24
2025,Q1,MU,"Micron Technology, Inc.",20-03-25
2025,Q2,MU,"Micron Technology, Inc.",25-06-25
2025,Q3,MU,"Micron Technology, Inc.",23-09-25
2025,Q4,MU,"Micron Technology, Inc.",17-12-25
2020,Q1,NCLH,,20-02-20
2020,Q2,NCLH,,14-05-20
2020,Q3,NCLH,,06-08-20
2020,Q4,NCLH,,09-11-20
2021,Q1,NCLH,,25-02-21
2021,Q2,NCLH,,06-05-21
2021,Q3,NCLH,,06-08-21
2021,Q4,NCLH,,03-11-21
2022,Q1,NCLH,,24-02-22
2022,Q2,NCLH,,10-05-22
2022,Q3,NCLH,,09-08-22
2022,Q4,NCLH,,08-11-22
2023,Q1,NCLH,,28-02-23
2023,Q2,NCLH,,01-05-23
2023,Q3,NCLH,,01-08-23
2023,Q4,NCLH,,01-11-23
2024,Q1,NCLH,,27-02-24
2024,Q2,NCLH,,01-05-24
2024,Q3,NCLH,,31-07-24
2024,Q4,NCLH,,31-10-24
2025,Q1,NCLH,,27-02-25
2025,Q2,NCLH,,30-04-25
2025,Q3,NCLH,,31-07-25
2025,Q4,NCLH,,30-10-25
2020,Q1,NDAQ,,29-01-20
2020,Q2,NDAQ,,22-04-20
2020,Q3,NDAQ,,22-07-20
2020,Q4,NDAQ,,21-10-20
2021,Q1,NDAQ,,27-01-21
2021,Q2,NDAQ,,21-04-21
2021,Q3,NDAQ,,21-07-21
2021,Q4,NDAQ,,20-10-21
2022,Q1,NDAQ,,26-01-22
2022,Q2,NDAQ,,20-04-22
2022,Q3,NDAQ,,20-07-22
2022,Q4,NDAQ,,19-10-22
2023,Q1,NDAQ,,25-01-23
2023,Q2,NDAQ,,19-04-23
2023,Q3,NDAQ,,19-07-23
2023,Q4,NDAQ,,18-10-23
2024,Q1,NDAQ,,31-01-24
2024,Q2,NDAQ,,25-04-24
2024,Q3,NDAQ,,25-07-24
2024,Q4,NDAQ,,24-10-24
2025,Q1,NDAQ,,29-01-25
2025,Q2,NDAQ,,24-04-25
2025,Q3,NDAQ,,24-07-25
2025,Q4,NDAQ,,23-10-25
2020,Q1,NEE,"NextEra Energy, Inc.",24-01-20
2020,Q2,NEE,"NextEra Energy, Inc.",22-04-20
2020,Q3,NEE,"NextEra Energy, Inc.",24-07-20
2020,Q4,NEE,"NextEra Energy, Inc.",21-10-20
2021,Q1,NEE,"NextEra Energy, Inc.",26-01-21
2021,Q2,NEE,"NextEra Energy, Inc.",21-04-21
2021,Q3,NEE,"NextEra Energy, Inc.",23-07-21
2021,Q4,NEE,"NextEra Energy, Inc.",20-10-21
2022,Q1,NEE,"NextEra Energy, Inc.",25-01-22
2022,Q2,NEE,"NextEra Energy, Inc.",21-04-22
2022,Q3,NEE,"NextEra Energy, Inc.",22-07-22
2022,Q4,NEE,"NextEra Energy, Inc.",28-10-22
2023,Q1,NEE,"NextEra Energy, Inc.",25-01-23
2023,Q2,NEE,"NextEra Energy, Inc.",25-04-23
2023,Q3,NEE,"NextEra Energy, Inc.",25-07-23
2023,Q4,NEE,"NextEra Energy, Inc.",24-10-23
2024,Q1,NEE,"NextEra Energy, Inc.",25-01-24
2024,Q2,NEE,"NextEra Energy, Inc.",23-04-24
2024,Q3,NEE,"NextEra Energy, Inc.",24-07-24
2024,Q4,NEE,"NextEra Energy, Inc.",23-10-24
2025,Q1,NEE,"NextEra Energy, Inc.",24-01-25
2025,Q2,NEE,"NextEra Energy, Inc.",22-04-25
2025,Q3,NEE,"NextEra Energy, Inc.",23-07-25
2025,Q4,NEE,"NextEra Energy, Inc.",23-10-25
2020,Q1,NEM,Newmont Corporation,20-02-20
2020,Q2,NEM,Newmont Corporation,05-05-20
2020,Q3,NEM,Newmont Corporation,30-07-20
2020,Q4,NEM,Newmont Corporation,29-10-20
2021,Q1,NEM,Newmont Corporation,18-02-21
2021,Q2,NEM,Newmont Corporation,29-04-21
2021,Q3,NEM,Newmont Corporation,22-07-21
2021,Q4,NEM,Newmont Corporation,28-10-21
2022,Q1,NEM,Newmont Corporation,24-02-22
2022,Q2,NEM,Newmont Corporation,22-04-22
2022,Q3,NEM,Newmont Corporation,25-07-22
2022,Q4,NEM,Newmont Corporation,01-11-22
2023,Q1,NEM,Newmont Corporation,23-02-23
2023,Q2,NEM,Newmont Corporation,27-04-23
2023,Q3,NEM,Newmont Corporation,20-07-23
2023,Q4,NEM,Newmont Corporation,26-10-23
2024,Q1,NEM,Newmont Corporation,22-02-24
2024,Q2,NEM,Newmont Corporation,25-04-24
2024,Q3,NEM,Newmont Corporation,24-07-24
2024,Q4,NEM,Newmont Corporation,23-10-24
2025,Q1,NEM,Newmont Corporation,20-02-25
2025,Q2,NEM,Newmont Corporation,23-04-25
2025,Q3,NEM,Newmont Corporation,24-07-25
2025,Q4,NEM,Newmont Corporation,22-10-25
2020,Q1,NFLX,"Netflix, Inc.",21-01-20
2020,Q2,NFLX,"Netflix, Inc.",21-04-20
2020,Q3,NFLX,"Netflix, Inc.",16-07-20
2020,Q4,NFLX,"Netflix, Inc.",20-10-20
2021,Q1,NFLX,"Netflix, Inc.",19-01-21
2021,Q2,NFLX,"Netflix, Inc.",20-04-21
2021,Q3,NFLX,"Netflix, Inc.",20-07-21
2021,Q4,NFLX,"Netflix, Inc.",19-10-21
2022,Q1,NFLX,"Netflix, Inc.",20-01-22
2022,Q2,NFLX,"Netflix, Inc.",19-04-22
2022,Q3,NFLX,"Netflix, Inc.",19-07-22
2022,Q4,NFLX,"Netflix, Inc.",18-10-22
2023,Q1,NFLX,"Netflix, Inc.",19-01-23
2023,Q2,NFLX,"Netflix, Inc.",18-04-23
2023,Q3,NFLX,"Netflix, Inc.",19-07-23
2023,Q4,NFLX,"Netflix, Inc.",18-10-23
2024,Q1,NFLX,"Netflix, Inc.",23-01-24
2024,Q2,NFLX,"Netflix, Inc.",18-04-24
2024,Q3,NFLX,"Netflix, Inc.",18-07-24
2024,Q4,NFLX,"Netflix, Inc.",17-10-24
2025,Q1,NFLX,"Netflix, Inc.",21-01-25
2025,Q2,NFLX,"Netflix, Inc.",17-04-25
2025,Q3,NFLX,"Netflix, Inc.",17-07-25
2025,Q4,NFLX,"Netflix, Inc.",21-10-25
2020,Q1,NI,,26-02-20
2020,Q2,NI,,06-05-20
2020,Q3,NI,,05-08-20
2020,Q4,NI,,02-11-20
2021,Q1,NI,,17-02-21
2021,Q2,NI,,05-05-21
2021,Q3,NI,,04-08-21
2021,Q4,NI,,03-11-21
2022,Q1,NI,,23-02-22
2022,Q2,NI,,04-05-22
2022,Q3,NI,,03-08-22
2022,Q4,NI,,07-11-22
2023,Q1,NI,,22-02-23
2023,Q2,NI,,03-05-23
2023,Q3,NI,,02-08-23
2023,Q4,NI,,01-11-23
2024,Q1,NI,,21-02-24
2024,Q2,NI,,08-05-24
2024,Q3,NI,,07-08-24
2024,Q4,NI,,30-10-24
2025,Q1,NI,,12-02-25
2025,Q2,NI,,07-05-25
2025,Q3,NI,,06-08-25
2025,Q4,NI,,29-10-25
2020,Q1,NKE,"NIKE, Inc.",24-03-20
2020,Q2,NKE,"NIKE, Inc.",25-06-20
2020,Q3,NKE,"NIKE, Inc.",22-09-20
2020,Q4,NKE,"NIKE, Inc.",18-12-20
2021,Q1,NKE,"NIKE, Inc.",18-03-21
2021,Q2,NKE,"NIKE, Inc.",24-06-21
2021,Q3,NKE,"NIKE, Inc.",23-09-21
2021,Q4,NKE,"NIKE, Inc.",20-12-21
2022,Q1,NKE,"NIKE, Inc.",21-03-22
2022,Q2,NKE,"NIKE, Inc.",27-06-22
2022,Q3,NKE,"NIKE, Inc.",29-09-22
2022,Q4,NKE,"NIKE, Inc.",20-12-22
2023,Q1,NKE,"NIKE, Inc.",21-03-23
2023,Q2,NKE,"NIKE, Inc.",29-06-23
2023,Q3,NKE,"NIKE, Inc.",28-09-23
2023,Q4,NKE,"NIKE, Inc.",21-12-23
2024,Q1,NKE,"NIKE, Inc.",21-03-24
2024,Q2,NKE,"NIKE, Inc.",27-06-24
2024,Q3,NKE,"NIKE, Inc.",Missing
2024,Q4,NKE,"NIKE, Inc.",19-12-24
2025,Q1,NKE,"NIKE, Inc.",20-03-25
2025,Q2,NKE,"NIKE, Inc.",26-06-25
2025,Q3,NKE,"NIKE, Inc.",30-09-25
2025,Q4,NKE,"NIKE, Inc.",Missing
2020,Q1,NOC,Northrop Grumman Corporation,30-01-20
2020,Q2,NOC,Northrop Grumman Corporation,29-04-20
2020,Q3,NOC,Northrop Grumman Corporation,30-07-20
2020,Q4,NOC,Northrop Grumman Corporation,22-10-20
2021,Q1,NOC,Northrop Grumman Corporation,28-01-21
2021,Q2,NOC,Northrop Grumman Corporation,29-04-21
2021,Q3,NOC,Northrop Grumman Corporation,29-07-21
2021,Q4,NOC,Northrop Grumman Corporation,28-10-21
2022,Q1,NOC,Northrop Grumman Corporation,27-01-22
2022,Q2,NOC,Northrop Grumman Corporation,28-04-22
2022,Q3,NOC,Northrop Grumman Corporation,28-07-22
2022,Q4,NOC,Northrop Grumman Corporation,27-10-22
2023,Q1,NOC,Northrop Grumman Corporation,26-01-23
2023,Q2,NOC,Northrop Grumman Corporation,27-04-23
2023,Q3,NOC,Northrop Grumman Corporation,27-07-23
2023,Q4,NOC,Northrop Grumman Corporation,26-10-23
2024,Q1,NOC,Northrop Grumman Corporation,25-01-24
2024,Q2,NOC,Northrop Grumman Corporation,25-04-24
2024,Q3,NOC,Northrop Grumman Corporation,25-07-24
2024,Q4,NOC,Northrop Grumman Corporation,24-10-24
2025,Q1,NOC,Northrop Grumman Corporation,30-01-25
2025,Q2,NOC,Northrop Grumman Corporation,22-04-25
2025,Q3,NOC,Northrop Grumman Corporation,22-07-25
2025,Q4,NOC,Northrop Grumman Corporation,21-10-25
2020,Q1,NOW,"ServiceNow, Inc.",29-01-20
2020,Q2,NOW,"ServiceNow, Inc.",29-04-20
2020,Q3,NOW,"ServiceNow, Inc.",29-07-20
2020,Q4,NOW,"ServiceNow, Inc.",28-10-20
2021,Q1,NOW,"ServiceNow, Inc.",27-01-21
2021,Q2,NOW,"ServiceNow, Inc.",28-04-21
2021,Q3,NOW,"ServiceNow, Inc.",28-07-21
2021,Q4,NOW,"ServiceNow, Inc.",27-10-21
2022,Q1,NOW,"ServiceNow, Inc.",26-01-22
2022,Q2,NOW,"ServiceNow, Inc.",27-04-22
2022,Q3,NOW,"ServiceNow, Inc.",27-07-22
2022,Q4,NOW,"ServiceNow, Inc.",26-10-22
2023,Q1,NOW,"ServiceNow, Inc.",25-01-23
2023,Q2,NOW,"ServiceNow, Inc.",26-04-23
2023,Q3,NOW,"ServiceNow, Inc.",26-07-23
2023,Q4,NOW,"ServiceNow, Inc.",25-10-23
2024,Q1,NOW,"ServiceNow, Inc.",24-01-24
2024,Q2,NOW,"ServiceNow, Inc.",24-04-24
2024,Q3,NOW,"ServiceNow, Inc.",24-07-24
2024,Q4,NOW,"ServiceNow, Inc.",23-10-24
2025,Q1,NOW,"ServiceNow, Inc.",29-01-25
2025,Q2,NOW,"ServiceNow, Inc.",23-04-25
2025,Q3,NOW,"ServiceNow, Inc.",23-07-25
2025,Q4,NOW,"ServiceNow, Inc.",29-10-25
2020,Q1,NRG,"NRG Energy, Inc.",27-02-20
2020,Q2,NRG,"NRG Energy, Inc.",07-05-20
2020,Q3,NRG,"NRG Energy, Inc.",06-08-20
2020,Q4,NRG,"NRG Energy, Inc.",05-11-20
2021,Q1,NRG,"NRG Energy, Inc.",01-03-21
2021,Q2,NRG,"NRG Energy, Inc.",06-05-21
2021,Q3,NRG,"NRG Energy, Inc.",05-08-21
2021,Q4,NRG,"NRG Energy, Inc.",04-11-21
2022,Q1,NRG,"NRG Energy, Inc.",24-02-22
2022,Q2,NRG,"NRG Energy, Inc.",06-05-22
2022,Q3,NRG,"NRG Energy, Inc.",04-08-22
2022,Q4,NRG,"NRG Energy, Inc.",07-11-22
2023,Q1,NRG,"NRG Energy, Inc.",16-02-23
2023,Q2,NRG,"NRG Energy, Inc.",04-05-23
2023,Q3,NRG,"NRG Energy, Inc.",08-08-23
2023,Q4,NRG,"NRG Energy, Inc.",02-11-23
2024,Q1,NRG,"NRG Energy, Inc.",28-02-24
2024,Q2,NRG,"NRG Energy, Inc.",07-05-24
2024,Q3,NRG,"NRG Energy, Inc.",08-08-24
2024,Q4,NRG,"NRG Energy, Inc.",08-11-24
2025,Q1,NRG,"NRG Energy, Inc.",26-02-25
2025,Q2,NRG,"NRG Energy, Inc.",12-05-25
2025,Q3,NRG,"NRG Energy, Inc.",06-08-25
2025,Q4,NRG,"NRG Energy, Inc.",06-11-25
2020,Q1,NSC,Norfolk Southern Corp.,29-01-20
2020,Q2,NSC,Norfolk Southern Corp.,29-04-20
2020,Q3,NSC,Norfolk Southern Corp.,29-07-20
2020,Q4,NSC,Norfolk Southern Corp.,28-10-20
2021,Q1,NSC,Norfolk Southern Corp.,27-01-21
2021,Q2,NSC,Norfolk Southern Corp.,28-04-21
2021,Q3,NSC,Norfolk Southern Corp.,28-07-21
2021,Q4,NSC,Norfolk Southern Corp.,27-10-21
2022,Q1,NSC,Norfolk Southern Corp.,26-01-22
2022,Q2,NSC,Norfolk Southern Corp.,27-04-22
2022,Q3,NSC,Norfolk Southern Corp.,27-07-22
2022,Q4,NSC,Norfolk Southern Corp.,26-10-22
2023,Q1,NSC,Norfolk Southern Corp.,25-01-23
2023,Q2,NSC,Norfolk Southern Corp.,26-04-23
2023,Q3,NSC,Norfolk Southern Corp.,27-07-23
2023,Q4,NSC,Norfolk Southern Corp.,25-10-23
2024,Q1,NSC,Norfolk Southern Corp.,26-01-24
2024,Q2,NSC,Norfolk Southern Corp.,24-04-24
2024,Q3,NSC,Norfolk Southern Corp.,25-07-24
2024,Q4,NSC,Norfolk Southern Corp.,22-10-24
2025,Q1,NSC,Norfolk Southern Corp.,29-01-25
2025,Q2,NSC,Norfolk Southern Corp.,23-04-25
2025,Q3,NSC,Norfolk Southern Corp.,29-07-25
2025,Q4,NSC,Norfolk Southern Corp.,21-10-25
2020,Q1,NTAP,"NetApp, Inc.",12-02-20
2020,Q2,NTAP,"NetApp, Inc.",27-05-20
2020,Q3,NTAP,"NetApp, Inc.",26-08-20
2020,Q4,NTAP,"NetApp, Inc.",01-12-20
2021,Q1,NTAP,"NetApp, Inc.",24-02-21
2021,Q2,NTAP,"NetApp, Inc.",02-06-21
2021,Q3,NTAP,"NetApp, Inc.",25-08-21
2021,Q4,NTAP,"NetApp, Inc.",30-11-21
2022,Q1,NTAP,"NetApp, Inc.",23-02-22
2022,Q2,NTAP,"NetApp, Inc.",01-06-22
2022,Q3,NTAP,"NetApp, Inc.",24-08-22
2022,Q4,NTAP,"NetApp, Inc.",29-11-22
2023,Q1,NTAP,"NetApp, Inc.",22-02-23
2023,Q2,NTAP,"NetApp, Inc.",31-05-23
2023,Q3,NTAP,"NetApp, Inc.",23-08-23
2023,Q4,NTAP,"NetApp, Inc.",28-11-23
2024,Q1,NTAP,"NetApp, Inc.",29-02-24
2024,Q2,NTAP,"NetApp, Inc.",30-05-24
2024,Q3,NTAP,"NetApp, Inc.",28-08-24
2024,Q4,NTAP,"NetApp, Inc.",21-11-24
2025,Q1,NTAP,"NetApp, Inc.",27-02-25
2025,Q2,NTAP,"NetApp, Inc.",29-05-25
2025,Q3,NTAP,"NetApp, Inc.",27-08-25
2025,Q4,NTAP,"NetApp, Inc.",25-11-25
2020,Q1,NUE,Nucor Corporation,28-01-20
2020,Q2,NUE,Nucor Corporation,28-04-20
2020,Q3,NUE,Nucor Corporation,23-07-20
2020,Q4,NUE,Nucor Corporation,22-10-20
2021,Q1,NUE,Nucor Corporation,28-01-21
2021,Q2,NUE,Nucor Corporation,22-04-21
2021,Q3,NUE,Nucor Corporation,22-07-21
2021,Q4,NUE,Nucor Corporation,21-10-21
2022,Q1,NUE,Nucor Corporation,27-01-22
2022,Q2,NUE,Nucor Corporation,21-04-22
2022,Q3,NUE,Nucor Corporation,21-07-22
2022,Q4,NUE,Nucor Corporation,20-10-22
2023,Q1,NUE,Nucor Corporation,26-01-23
2023,Q2,NUE,Nucor Corporation,20-04-23
2023,Q3,NUE,Nucor Corporation,24-07-23
2023,Q4,NUE,Nucor Corporation,23-10-23
2024,Q1,NUE,Nucor Corporation,29-01-24
2024,Q2,NUE,Nucor Corporation,22-04-24
2024,Q3,NUE,Nucor Corporation,22-07-24
2024,Q4,NUE,Nucor Corporation,21-10-24
2025,Q1,NUE,Nucor Corporation,27-01-25
2025,Q2,NUE,Nucor Corporation,28-04-25
2025,Q3,NUE,Nucor Corporation,28-07-25
2025,Q4,NUE,Nucor Corporation,27-10-25
2020,Q1,NVDA,NVIDIA Corporation,13-02-20
2020,Q2,NVDA,NVIDIA Corporation,21-05-20
2020,Q3,NVDA,NVIDIA Corporation,19-08-20
2020,Q4,NVDA,NVIDIA Corporation,18-11-20
2021,Q1,NVDA,NVIDIA Corporation,24-02-21
2021,Q2,NVDA,NVIDIA Corporation,26-05-21
2021,Q3,NVDA,NVIDIA Corporation,18-08-21
2021,Q4,NVDA,NVIDIA Corporation,17-11-21
2022,Q1,NVDA,NVIDIA Corporation,16-02-22
2022,Q2,NVDA,NVIDIA Corporation,25-05-22
2022,Q3,NVDA,NVIDIA Corporation,24-08-22
2022,Q4,NVDA,NVIDIA Corporation,16-11-22
2023,Q1,NVDA,NVIDIA Corporation,22-02-23
2023,Q2,NVDA,NVIDIA Corporation,24-05-23
2023,Q3,NVDA,NVIDIA Corporation,23-08-23
2023,Q4,NVDA,NVIDIA Corporation,21-11-23
2024,Q1,NVDA,NVIDIA Corporation,21-02-24
2024,Q2,NVDA,NVIDIA Corporation,22-05-24
2024,Q3,NVDA,NVIDIA Corporation,28-08-24
2024,Q4,NVDA,NVIDIA Corporation,20-11-24
2025,Q1,NVDA,NVIDIA Corporation,26-02-25
2025,Q2,NVDA,NVIDIA Corporation,28-05-25
2025,Q3,NVDA,NVIDIA Corporation,27-08-25
2025,Q4,NVDA,NVIDIA Corporation,19-11-25
2020,Q1,NVR,,28-01-20
2020,Q2,NVR,,23-04-20
2020,Q3,NVR,,22-07-20
2020,Q4,NVR,,20-10-20
2021,Q1,NVR,,28-01-21
2021,Q2,NVR,,21-04-21
2021,Q3,NVR,,21-07-21
2021,Q4,NVR,,21-10-21
2022,Q1,NVR,,01-02-22
2022,Q2,NVR,,26-04-22
2022,Q3,NVR,,26-07-22
2022,Q4,NVR,,25-10-22
2023,Q1,NVR,,31-01-23
2023,Q2,NVR,,25-04-23
2023,Q3,NVR,,25-07-23
2023,Q4,NVR,,24-10-23
2024,Q1,NVR,,30-01-24
2024,Q2,NVR,,23-04-24
2024,Q3,NVR,,23-07-24
2024,Q4,NVR,,22-10-24
2025,Q1,NVR,,28-01-25
2025,Q2,NVR,,22-04-25
2025,Q3,NVR,,23-07-25
2025,Q4,NVR,,21-10-25
2020,Q1,NWSA,,06-02-20
2020,Q2,NWSA,,07-05-20
2020,Q3,NWSA,,06-08-20
2020,Q4,NWSA,,05-11-20
2021,Q1,NWSA,,04-02-21
2021,Q2,NWSA,,06-05-21
2021,Q3,NWSA,,05-08-21
2021,Q4,NWSA,,04-11-21
2022,Q1,NWSA,,03-02-22
2022,Q2,NWSA,,05-05-22
2022,Q3,NWSA,,08-08-22
2022,Q4,NWSA,,08-11-22
2023,Q1,NWSA,,09-02-23
2023,Q2,NWSA,,11-05-23
2023,Q3,NWSA,,10-08-23
2023,Q4,NWSA,,09-11-23
2024,Q1,NWSA,,07-02-24
2024,Q2,NWSA,,08-05-24
2024,Q3,NWSA,,08-08-24
2024,Q4,NWSA,,07-11-24
2025,Q1,NWSA,,05-02-25
2025,Q2,NWSA,,08-05-25
2025,Q3,NWSA,,05-08-25
2025,Q4,NWSA,,06-11-25
2020,Q1,O,Realty Income Corp.,19-02-20
2020,Q2,O,Realty Income Corp.,04-05-20
2020,Q3,O,Realty Income Corp.,03-08-20
2020,Q4,O,Realty Income Corp.,02-11-20
2021,Q1,O,Realty Income Corp.,22-02-21
2021,Q2,O,Realty Income Corp.,03-05-21
2021,Q3,O,Realty Income Corp.,02-08-21
2021,Q4,O,Realty Income Corp.,01-11-21
2022,Q1,O,Realty Income Corp.,22-02-22
2022,Q2,O,Realty Income Corp.,04-05-22
2022,Q3,O,Realty Income Corp.,03-08-22
2022,Q4,O,Realty Income Corp.,02-11-22
2023,Q1,O,Realty Income Corp.,21-02-23
2023,Q2,O,Realty Income Corp.,03-05-23
2023,Q3,O,Realty Income Corp.,02-08-23
2023,Q4,O,Realty Income Corp.,06-11-23
2024,Q1,O,Realty Income Corp.,20-02-24
2024,Q2,O,Realty Income Corp.,06-05-24
2024,Q3,O,Realty Income Corp.,05-08-24
2024,Q4,O,Realty Income Corp.,04-11-24
2025,Q1,O,Realty Income Corp.,24-02-25
2025,Q2,O,Realty Income Corp.,05-05-25
2025,Q3,O,Realty Income Corp.,06-08-25
2025,Q4,O,Realty Income Corp.,03-11-25
2020,Q1,ODFL,,06-02-20
2020,Q2,ODFL,,23-04-20
2020,Q3,ODFL,,30-07-20
2020,Q4,ODFL,,27-10-20
2021,Q1,ODFL,,04-02-21
2021,Q2,ODFL,,22-04-21
2021,Q3,ODFL,,28-07-21
2021,Q4,ODFL,,27-10-21
2022,Q1,ODFL,,02-02-22
2022,Q2,ODFL,,27-04-22
2022,Q3,ODFL,,27-07-22
2022,Q4,ODFL,,26-10-22
2023,Q1,ODFL,,01-02-23
2023,Q2,ODFL,,26-04-23
2023,Q3,ODFL,,26-07-23
2023,Q4,ODFL,,25-10-23
2024,Q1,ODFL,,31-01-24
2024,Q2,ODFL,,24-04-24
2024,Q3,ODFL,,24-07-24
2024,Q4,ODFL,,23-10-24
2025,Q1,ODFL,,05-02-25
2025,Q2,ODFL,,23-04-25
2025,Q3,ODFL,,30-07-25
2025,Q4,ODFL,,29-10-25
2020,Q1,OKE,"ONEOK, Inc.",24-02-20
2020,Q2,OKE,"ONEOK, Inc.",28-04-20
2020,Q3,OKE,"ONEOK, Inc.",28-07-20
2020,Q4,OKE,"ONEOK, Inc.",27-10-20
2021,Q1,OKE,"ONEOK, Inc.",22-02-21
2021,Q2,OKE,"ONEOK, Inc.",27-04-21
2021,Q3,OKE,"ONEOK, Inc.",03-08-21
2021,Q4,OKE,"ONEOK, Inc.",02-11-21
2022,Q1,OKE,"ONEOK, Inc.",28-02-22
2022,Q2,OKE,"ONEOK, Inc.",04-05-22
2022,Q3,OKE,"ONEOK, Inc.",08-08-22
2022,Q4,OKE,"ONEOK, Inc.",01-11-22
2023,Q1,OKE,"ONEOK, Inc.",27-02-23
2023,Q2,OKE,"ONEOK, Inc.",02-05-23
2023,Q3,OKE,"ONEOK, Inc.",07-08-23
2023,Q4,OKE,"ONEOK, Inc.",31-10-23
2024,Q1,OKE,"ONEOK, Inc.",26-02-24
2024,Q2,OKE,"ONEOK, Inc.",30-04-24
2024,Q3,OKE,"ONEOK, Inc.",05-08-24
2024,Q4,OKE,"ONEOK, Inc.",29-10-24
2025,Q1,OKE,"ONEOK, Inc.",24-02-25
2025,Q2,OKE,"ONEOK, Inc.",29-04-25
2025,Q3,OKE,"ONEOK, Inc.",04-08-25
2025,Q4,OKE,"ONEOK, Inc.",28-10-25
2020,Q1,OMC,,11-02-20
2020,Q2,OMC,,28-04-20
2020,Q3,OMC,,28-07-20
2020,Q4,OMC,,27-10-20
2021,Q1,OMC,,18-02-21
2021,Q2,OMC,,20-04-21
2021,Q3,OMC,,20-07-21
2021,Q4,OMC,,19-10-21
2022,Q1,OMC,,08-02-22
2022,Q2,OMC,,19-04-22
2022,Q3,OMC,,19-07-22
2022,Q4,OMC,,18-10-22
2023,Q1,OMC,,07-02-23
2023,Q2,OMC,,18-04-23
2023,Q3,OMC,,18-07-23
2023,Q4,OMC,,17-10-23
2024,Q1,OMC,,06-02-24
2024,Q2,OMC,,16-04-24
2024,Q3,OMC,,16-07-24
2024,Q4,OMC,,15-10-24
2025,Q1,OMC,,04-02-25
2025,Q2,OMC,,15-04-25
2025,Q3,OMC,,15-07-25
2025,Q4,OMC,,14-10-25
2020,Q1,ON,ON Semiconductor Corporation,03-02-20
2020,Q2,ON,ON Semiconductor Corporation,09-05-20
2020,Q3,ON,ON Semiconductor Corporation,08-08-20
2020,Q4,ON,ON Semiconductor Corporation,31-10-20
2021,Q1,ON,ON Semiconductor Corporation,01-02-21
2021,Q2,ON,ON Semiconductor Corporation,03-05-21
2021,Q3,ON,ON Semiconductor Corporation,02-08-21
2021,Q4,ON,ON Semiconductor Corporation,01-11-21
2022,Q1,ON,ON Semiconductor Corporation,07-02-22
2022,Q2,ON,ON Semiconductor Corporation,02-05-22
2022,Q3,ON,ON Semiconductor Corporation,01-08-22
2022,Q4,ON,ON Semiconductor Corporation,31-10-22
2023,Q1,ON,ON Semiconductor Corporation,06-02-23
2023,Q2,ON,ON Semiconductor Corporation,01-05-23
2023,Q3,ON,ON Semiconductor Corporation,31-07-23
2023,Q4,ON,ON Semiconductor Corporation,30-10-23
2024,Q1,ON,ON Semiconductor Corporation,05-02-24
2024,Q2,ON,ON Semiconductor Corporation,29-04-24
2024,Q3,ON,ON Semiconductor Corporation,29-07-24
2024,Q4,ON,ON Semiconductor Corporation,28-10-24
2025,Q1,ON,ON Semiconductor Corporation,10-02-25
2025,Q2,ON,ON Semiconductor Corporation,05-05-25
2025,Q3,ON,ON Semiconductor Corporation,04-08-25
2025,Q4,ON,ON Semiconductor Corporation,03-11-25
2020,Q1,ORCL,Oracle Corporation,12-03-20
2020,Q2,ORCL,Oracle Corporation,16-06-20
2020,Q3,ORCL,Oracle Corporation,10-09-20
2020,Q4,ORCL,Oracle Corporation,10-12-20
2021,Q1,ORCL,Oracle Corporation,10-03-21
2021,Q2,ORCL,Oracle Corporation,15-06-21
2021,Q3,ORCL,Oracle Corporation,13-09-21
2021,Q4,ORCL,Oracle Corporation,09-12-21
2022,Q1,ORCL,Oracle Corporation,10-03-22
2022,Q2,ORCL,Oracle Corporation,13-06-22
2022,Q3,ORCL,Oracle Corporation,12-09-22
2022,Q4,ORCL,Oracle Corporation,12-12-22
2023,Q1,ORCL,Oracle Corporation,09-03-23
2023,Q2,ORCL,Oracle Corporation,12-06-23
2023,Q3,ORCL,Oracle Corporation,11-09-23
2023,Q4,ORCL,Oracle Corporation,11-12-23
2024,Q1,ORCL,Oracle Corporation,11-03-24
2024,Q2,ORCL,Oracle Corporation,11-06-24
2024,Q3,ORCL,Oracle Corporation,09-09-24
2024,Q4,ORCL,Oracle Corporation,09-12-24
2025,Q1,ORCL,Oracle Corporation,10-03-25
2025,Q2,ORCL,Oracle Corporation,11-06-25
2025,Q3,ORCL,Oracle Corporation,09-09-25
2025,Q4,ORCL,Oracle Corporation,08-12-25
2020,Q1,ORLY,,05-02-20
2020,Q2,ORLY,,22-04-20
2020,Q3,ORLY,,29-07-20
2020,Q4,ORLY,,28-10-20
2021,Q1,ORLY,,10-02-21
2021,Q2,ORLY,,28-04-21
2021,Q3,ORLY,,28-07-21
2021,Q4,ORLY,,27-10-21
2022,Q1,ORLY,,09-02-22
2022,Q2,ORLY,,27-04-22
2022,Q3,ORLY,,27-07-22
2022,Q4,ORLY,,26-10-22
2023,Q1,ORLY,,08-02-23
2023,Q2,ORLY,,26-04-23
2023,Q3,ORLY,,26-07-23
2023,Q4,ORLY,,25-10-23
2024,Q1,ORLY,,07-02-24
2024,Q2,ORLY,,24-04-24
2024,Q3,ORLY,,24-07-24
2024,Q4,ORLY,,23-10-24
2025,Q1,ORLY,,05-02-25
2025,Q2,ORLY,,23-04-25
2025,Q3,ORLY,,23-07-25
2025,Q4,ORLY,,22-10-25
2020,Q1,OXY,,27-02-20
2020,Q2,OXY,,05-05-20
2020,Q3,OXY,,10-08-20
2020,Q4,OXY,,09-11-20
2021,Q1,OXY,,22-02-21
2021,Q2,OXY,,10-05-21
2021,Q3,OXY,,03-08-21
2021,Q4,OXY,,04-11-21
2022,Q1,OXY,,24-02-22
2022,Q2,OXY,,10-05-22
2022,Q3,OXY,,02-08-22
2022,Q4,OXY,,08-11-22
2023,Q1,OXY,,27-02-23
2023,Q2,OXY,,09-05-23
2023,Q3,OXY,,02-08-23
2023,Q4,OXY,,07-11-23
2024,Q1,OXY,,14-02-24
2024,Q2,OXY,,07-05-24
2024,Q3,OXY,,07-08-24
2024,Q4,OXY,,12-11-24
2025,Q1,OXY,,18-02-25
2025,Q2,OXY,,07-05-25
2025,Q3,OXY,,06-08-25
2025,Q4,OXY,,10-11-25
2020,Q1,PANW,,24-02-20
2020,Q2,PANW,,21-05-20
2020,Q3,PANW,,24-08-20
2020,Q4,PANW,,16-11-20
2021,Q1,PANW,,22-02-21
2021,Q2,PANW,,20-05-21
2021,Q3,PANW,,23-08-21
2021,Q4,PANW,,18-11-21
2022,Q1,PANW,,22-02-22
2022,Q2,PANW,,19-05-22
2022,Q3,PANW,,22-08-22
2022,Q4,PANW,,17-11-22
2023,Q1,PANW,,21-02-23
2023,Q2,PANW,,23-05-23
2023,Q3,PANW,,18-08-23
2023,Q4,PANW,,15-11-23
2024,Q1,PANW,,20-02-24
2024,Q2,PANW,,20-05-24
2024,Q3,PANW,,19-08-24
2024,Q4,PANW,,20-11-24
2025,Q1,PANW,,13-02-25
2025,Q2,PANW,,20-05-25
2025,Q3,PANW,,18-08-25
2025,Q4,PANW,,20-11-25
2020,Q1,PAYC,,05-02-20
2020,Q2,PAYC,,28-04-20
2020,Q3,PAYC,,04-08-20
2020,Q4,PAYC,,04-11-20
2021,Q1,PAYC,,10-02-21
2021,Q2,PAYC,,04-05-21
2021,Q3,PAYC,,03-08-21
2021,Q4,PAYC,,02-11-21
2022,Q1,PAYC,,08-02-22
2022,Q2,PAYC,,03-05-22
2022,Q3,PAYC,,02-08-22
2022,Q4,PAYC,,01-11-22
2023,Q1,PAYC,,07-02-23
2023,Q2,PAYC,,02-05-23
2023,Q3,PAYC,,01-08-23
2023,Q4,PAYC,,31-10-23
2024,Q1,PAYC,,07-02-24
2024,Q2,PAYC,,01-05-24
2024,Q3,PAYC,,31-07-24
2024,Q4,PAYC,,30-10-24
2025,Q1,PAYC,,12-02-25
2025,Q2,PAYC,,07-05-25
2025,Q3,PAYC,,06-08-25
2025,Q4,PAYC,,05-11-25
2020,Q1,PAYX,,25-03-20
2020,Q2,PAYX,,Missing
2020,Q3,PAYX,,07-07-20
2020,Q4,PAYX,,23-12-20
2021,Q1,PAYX,,Missing
2021,Q2,PAYX,,25-06-21
2021,Q3,PAYX,,30-09-21
2021,Q4,PAYX,,22-12-21
2022,Q1,PAYX,,30-03-22
2022,Q2,PAYX,,29-06-22
2022,Q3,PAYX,,28-09-22
2022,Q4,PAYX,,22-12-22
2023,Q1,PAYX,,29-03-23
2023,Q2,PAYX,,29-06-23
2023,Q3,PAYX,,27-09-23
2023,Q4,PAYX,,21-12-23
2024,Q1,PAYX,,Missing
2024,Q2,PAYX,,26-06-24
2024,Q3,PAYX,,Missing
2024,Q4,PAYX,,19-12-24
2025,Q1,PAYX,,26-03-25
2025,Q2,PAYX,,25-06-25
2025,Q3,PAYX,,30-09-25
2025,Q4,PAYX,,Missing
2020,Q1,PCAR,,28-01-20
2020,Q2,PCAR,,21-04-20
2020,Q3,PCAR,,21-07-20
2020,Q4,PCAR,,20-10-20
2021,Q1,PCAR,,26-01-21
2021,Q2,PCAR,,27-04-21
2021,Q3,PCAR,,27-07-21
2021,Q4,PCAR,,26-10-21
2022,Q1,PCAR,,25-01-22
2022,Q2,PCAR,,26-04-22
2022,Q3,PCAR,,26-07-22
2022,Q4,PCAR,,25-10-22
2023,Q1,PCAR,,24-01-23
2023,Q2,PCAR,,25-04-23
2023,Q3,PCAR,,25-07-23
2023,Q4,PCAR,,24-10-23
2024,Q1,PCAR,,23-01-24
2024,Q2,PCAR,,30-04-24
2024,Q3,PCAR,,23-07-24
2024,Q4,PCAR,,22-10-24
2025,Q1,PCAR,,28-01-25
2025,Q2,PCAR,,29-04-25
2025,Q3,PCAR,,22-07-25
2025,Q4,PCAR,,21-10-25
2020,Q1,PEG,Public Service Enterprise Group,26-02-20
2020,Q2,PEG,Public Service Enterprise Group,04-05-20
2020,Q3,PEG,Public Service Enterprise Group,31-07-20
2020,Q4,PEG,Public Service Enterprise Group,30-10-20
2021,Q1,PEG,Public Service Enterprise Group,26-02-21
2021,Q2,PEG,Public Service Enterprise Group,05-05-21
2021,Q3,PEG,Public Service Enterprise Group,03-08-21
2021,Q4,PEG,Public Service Enterprise Group,02-11-21
2022,Q1,PEG,Public Service Enterprise Group,24-02-22
2022,Q2,PEG,Public Service Enterprise Group,03-05-22
2022,Q3,PEG,Public Service Enterprise Group,02-08-22
2022,Q4,PEG,Public Service Enterprise Group,31-10-22
2023,Q1,PEG,Public Service Enterprise Group,21-02-23
2023,Q2,PEG,Public Service Enterprise Group,02-05-23
2023,Q3,PEG,Public Service Enterprise Group,01-08-23
2023,Q4,PEG,Public Service Enterprise Group,31-10-23
2024,Q1,PEG,Public Service Enterprise Group,26-02-24
2024,Q2,PEG,Public Service Enterprise Group,30-04-24
2024,Q3,PEG,Public Service Enterprise Group,30-07-24
2024,Q4,PEG,Public Service Enterprise Group,04-11-24
2025,Q1,PEG,Public Service Enterprise Group,25-02-25
2025,Q2,PEG,Public Service Enterprise Group,30-04-25
2025,Q3,PEG,Public Service Enterprise Group,05-08-25
2025,Q4,PEG,Public Service Enterprise Group,10-11-25
2020,Q1,PEP,"PepsiCo, Inc.",13-02-20
2020,Q2,PEP,"PepsiCo, Inc.",28-04-20
2020,Q3,PEP,"PepsiCo, Inc.",13-07-20
2020,Q4,PEP,"PepsiCo, Inc.",01-10-20
2021,Q1,PEP,"PepsiCo, Inc.",11-02-21
2021,Q2,PEP,"PepsiCo, Inc.",15-04-21
2021,Q3,PEP,"PepsiCo, Inc.",13-07-21
2021,Q4,PEP,"PepsiCo, Inc.",05-10-21
2022,Q1,PEP,"PepsiCo, Inc.",10-02-22
2022,Q2,PEP,"PepsiCo, Inc.",26-04-22
2022,Q3,PEP,"PepsiCo, Inc.",12-07-22
2022,Q4,PEP,"PepsiCo, Inc.",12-10-22
2023,Q1,PEP,"PepsiCo, Inc.",09-02-23
2023,Q2,PEP,"PepsiCo, Inc.",25-04-23
2023,Q3,PEP,"PepsiCo, Inc.",13-07-23
2023,Q4,PEP,"PepsiCo, Inc.",10-10-23
2024,Q1,PEP,"PepsiCo, Inc.",09-02-24
2024,Q2,PEP,"PepsiCo, Inc.",23-04-24
2024,Q3,PEP,"PepsiCo, Inc.",11-07-24
2024,Q4,PEP,"PepsiCo, Inc.",08-10-24
2025,Q1,PEP,"PepsiCo, Inc.",04-02-25
2025,Q2,PEP,"PepsiCo, Inc.",24-04-25
2025,Q3,PEP,"PepsiCo, Inc.",17-07-25
2025,Q4,PEP,"PepsiCo, Inc.",09-10-25
2020,Q1,PFE,,28-01-20
2020,Q2,PFE,,28-04-20
2020,Q3,PFE,,28-07-20
2020,Q4,PFE,,27-10-20
2021,Q1,PFE,,02-02-21
2021,Q2,PFE,,04-05-21
2021,Q3,PFE,,28-07-21
2021,Q4,PFE,,02-11-21
2022,Q1,PFE,,08-02-22
2022,Q2,PFE,,03-05-22
2022,Q3,PFE,,28-07-22
2022,Q4,PFE,,01-11-22
2023,Q1,PFE,,31-01-23
2023,Q2,PFE,,02-05-23
2023,Q3,PFE,,01-08-23
2023,Q4,PFE,,31-10-23
2024,Q1,PFE,,30-01-24
2024,Q2,PFE,,01-05-24
2024,Q3,PFE,,30-07-24
2024,Q4,PFE,,29-10-24
2025,Q1,PFE,,04-02-25
2025,Q2,PFE,,29-04-25
2025,Q3,PFE,,05-08-25
2025,Q4,PFE,,04-11-25
2020,Q1,PG,The Procter & Gamble Company,23-01-20
2020,Q2,PG,The Procter & Gamble Company,17-04-20
2020,Q3,PG,The Procter & Gamble Company,30-07-20
2020,Q4,PG,The Procter & Gamble Company,20-10-20
2021,Q1,PG,The Procter & Gamble Company,20-01-21
2021,Q2,PG,The Procter & Gamble Company,20-04-21
2021,Q3,PG,The Procter & Gamble Company,30-07-21
2021,Q4,PG,The Procter & Gamble Company,19-10-21
2022,Q1,PG,The Procter & Gamble Company,19-01-22
2022,Q2,PG,The Procter & Gamble Company,20-04-22
2022,Q3,PG,The Procter & Gamble Company,29-07-22
2022,Q4,PG,The Procter & Gamble Company,19-10-22
2023,Q1,PG,The Procter & Gamble Company,19-01-23
2023,Q2,PG,The Procter & Gamble Company,21-04-23
2023,Q3,PG,The Procter & Gamble Company,28-07-23
2023,Q4,PG,The Procter & Gamble Company,18-10-23
2024,Q1,PG,The Procter & Gamble Company,23-01-24
2024,Q2,PG,The Procter & Gamble Company,19-04-24
2024,Q3,PG,The Procter & Gamble Company,30-07-24
2024,Q4,PG,The Procter & Gamble Company,18-10-24
2025,Q1,PG,The Procter & Gamble Company,22-01-25
2025,Q2,PG,The Procter & Gamble Company,24-04-25
2025,Q3,PG,The Procter & Gamble Company,29-07-25
2025,Q4,PG,The Procter & Gamble Company,24-10-25
2020,Q1,PGR,,29-01-20
2020,Q2,PGR,,15-04-20
2020,Q3,PGR,,15-07-20
2020,Q4,PGR,,14-10-20
2021,Q1,PGR,,27-01-21
2021,Q2,PGR,,15-04-21
2021,Q3,PGR,,15-07-21
2021,Q4,PGR,,14-10-21
2022,Q1,PGR,,26-01-22
2022,Q2,PGR,,14-04-22
2022,Q3,PGR,,15-07-22
2022,Q4,PGR,,13-10-22
2023,Q1,PGR,,25-01-23
2023,Q2,PGR,,13-04-23
2023,Q3,PGR,,01-08-23
2023,Q4,PGR,,31-10-23
2024,Q1,PGR,,24-01-24
2024,Q2,PGR,,12-04-24
2024,Q3,PGR,,16-07-24
2024,Q4,PGR,,15-10-24
2025,Q1,PGR,,28-01-25
2025,Q2,PGR,,16-04-25
2025,Q3,PGR,,16-07-25
2025,Q4,PGR,,15-10-25
2020,Q1,PH,Parker-Hannifin Corporation,30-01-20
2020,Q2,PH,Parker-Hannifin Corporation,30-04-20
2020,Q3,PH,Parker-Hannifin Corporation,06-08-20
2020,Q4,PH,Parker-Hannifin Corporation,05-11-20
2021,Q1,PH,Parker-Hannifin Corporation,04-02-21
2021,Q2,PH,Parker-Hannifin Corporation,29-04-21
2021,Q3,PH,Parker-Hannifin Corporation,05-08-21
2021,Q4,PH,Parker-Hannifin Corporation,04-11-21
2022,Q1,PH,Parker-Hannifin Corporation,03-02-22
2022,Q2,PH,Parker-Hannifin Corporation,05-05-22
2022,Q3,PH,Parker-Hannifin Corporation,04-08-22
2022,Q4,PH,Parker-Hannifin Corporation,03-11-22
2023,Q1,PH,Parker-Hannifin Corporation,02-02-23
2023,Q2,PH,Parker-Hannifin Corporation,04-05-23
2023,Q3,PH,Parker-Hannifin Corporation,03-08-23
2023,Q4,PH,Parker-Hannifin Corporation,02-11-23
2024,Q1,PH,Parker-Hannifin Corporation,01-02-24
2024,Q2,PH,Parker-Hannifin Corporation,02-05-24
2024,Q3,PH,Parker-Hannifin Corporation,08-08-24
2024,Q4,PH,Parker-Hannifin Corporation,31-10-24
2025,Q1,PH,Parker-Hannifin Corporation,30-01-25
2025,Q2,PH,Parker-Hannifin Corporation,01-05-25
2025,Q3,PH,Parker-Hannifin Corporation,07-08-25
2025,Q4,PH,Parker-Hannifin Corporation,06-11-25
2020,Q1,PHM,,28-01-20
2020,Q2,PHM,,23-04-20
2020,Q3,PHM,,23-07-20
2020,Q4,PHM,,22-10-20
2021,Q1,PHM,,28-01-21
2021,Q2,PHM,,27-04-21
2021,Q3,PHM,,27-07-21
2021,Q4,PHM,,26-10-21
2022,Q1,PHM,,01-02-22
2022,Q2,PHM,,28-04-22
2022,Q3,PHM,,26-07-22
2022,Q4,PHM,,25-10-22
2023,Q1,PHM,,31-01-23
2023,Q2,PHM,,25-04-23
2023,Q3,PHM,,25-07-23
2023,Q4,PHM,,24-10-23
2024,Q1,PHM,,30-01-24
2024,Q2,PHM,,23-04-24
2024,Q3,PHM,,23-07-24
2024,Q4,PHM,,22-10-24
2025,Q1,PHM,,30-01-25
2025,Q2,PHM,,22-04-25
2025,Q3,PHM,,22-07-25
2025,Q4,PHM,,21-10-25
2020,Q1,PLD,"Prologis, Inc.",22-01-20
2020,Q2,PLD,"Prologis, Inc.",21-04-20
2020,Q3,PLD,"Prologis, Inc.",21-07-20
2020,Q4,PLD,"Prologis, Inc.",20-10-20
2021,Q1,PLD,"Prologis, Inc.",26-01-21
2021,Q2,PLD,"Prologis, Inc.",19-04-21
2021,Q3,PLD,"Prologis, Inc.",19-07-21
2021,Q4,PLD,"Prologis, Inc.",15-10-21
2022,Q1,PLD,"Prologis, Inc.",19-01-22
2022,Q2,PLD,"Prologis, Inc.",19-04-22
2022,Q3,PLD,"Prologis, Inc.",18-07-22
2022,Q4,PLD,"Prologis, Inc.",19-10-22
2023,Q1,PLD,"Prologis, Inc.",18-01-23
2023,Q2,PLD,"Prologis, Inc.",18-04-23
2023,Q3,PLD,"Prologis, Inc.",18-07-23
2023,Q4,PLD,"Prologis, Inc.",17-10-23
2024,Q1,PLD,"Prologis, Inc.",17-01-24
2024,Q2,PLD,"Prologis, Inc.",17-04-24
2024,Q3,PLD,"Prologis, Inc.",17-07-24
2024,Q4,PLD,"Prologis, Inc.",16-10-24
2025,Q1,PLD,"Prologis, Inc.",21-01-25
2025,Q2,PLD,"Prologis, Inc.",16-04-25
2025,Q3,PLD,"Prologis, Inc.",16-07-25
2025,Q4,PLD,"Prologis, Inc.",15-10-25
2020,Q1,PM,Philip Morris International Inc.,06-02-20
2020,Q2,PM,Philip Morris International Inc.,21-04-20
2020,Q3,PM,Philip Morris International Inc.,21-07-20
2020,Q4,PM,Philip Morris International Inc.,20-10-20
2021,Q1,PM,Philip Morris International Inc.,04-02-21
2021,Q2,PM,Philip Morris International Inc.,20-04-21
2021,Q3,PM,Philip Morris International Inc.,20-07-21
2021,Q4,PM,Philip Morris International Inc.,19-10-21
2022,Q1,PM,Philip Morris International Inc.,10-02-22
2022,Q2,PM,Philip Morris International Inc.,21-04-22
2022,Q3,PM,Philip Morris International Inc.,21-07-22
2022,Q4,PM,Philip Morris International Inc.,20-10-22
2023,Q1,PM,Philip Morris International Inc.,09-02-23
2023,Q2,PM,Philip Morris International Inc.,20-04-23
2023,Q3,PM,Philip Morris International Inc.,20-07-23
2023,Q4,PM,Philip Morris International Inc.,19-10-23
2024,Q1,PM,Philip Morris International Inc.,08-02-24
2024,Q2,PM,Philip Morris International Inc.,23-04-24
2024,Q3,PM,Philip Morris International Inc.,23-07-24
2024,Q4,PM,Philip Morris International Inc.,22-10-24
2025,Q1,PM,Philip Morris International Inc.,06-02-25
2025,Q2,PM,Philip Morris International Inc.,23-04-25
2025,Q3,PM,Philip Morris International Inc.,22-07-25
2025,Q4,PM,Philip Morris International Inc.,21-10-25
2020,Q1,PNC,The PNC Financial Services,15-01-20
2020,Q2,PNC,The PNC Financial Services,15-04-20
2020,Q3,PNC,The PNC Financial Services,15-07-20
2020,Q4,PNC,The PNC Financial Services,14-10-20
2021,Q1,PNC,The PNC Financial Services,15-01-21
2021,Q2,PNC,The PNC Financial Services,16-04-21
2021,Q3,PNC,The PNC Financial Services,14-07-21
2021,Q4,PNC,The PNC Financial Services,15-10-21
2022,Q1,PNC,The PNC Financial Services,18-01-22
2022,Q2,PNC,The PNC Financial Services,14-04-22
2022,Q3,PNC,The PNC Financial Services,15-07-22
2022,Q4,PNC,The PNC Financial Services,14-10-22
2023,Q1,PNC,The PNC Financial Services,18-01-23
2023,Q2,PNC,The PNC Financial Services,14-04-23
2023,Q3,PNC,The PNC Financial Services,18-07-23
2023,Q4,PNC,The PNC Financial Services,13-10-23
2024,Q1,PNC,The PNC Financial Services,16-01-24
2024,Q2,PNC,The PNC Financial Services,16-04-24
2024,Q3,PNC,The PNC Financial Services,16-07-24
2024,Q4,PNC,The PNC Financial Services,15-10-24
2025,Q1,PNC,The PNC Financial Services,16-01-25
2025,Q2,PNC,The PNC Financial Services,15-04-25
2025,Q3,PNC,The PNC Financial Services,16-07-25
2025,Q4,PNC,The PNC Financial Services,15-10-25
2020,Q1,PNR,Pentair plc,28-01-20
2020,Q2,PNR,Pentair plc,30-04-20
2020,Q3,PNR,Pentair plc,23-07-20
2020,Q4,PNR,Pentair plc,20-10-20
2021,Q1,PNR,Pentair plc,28-01-21
2021,Q2,PNR,Pentair plc,22-04-21
2021,Q3,PNR,Pentair plc,27-07-21
2021,Q4,PNR,Pentair plc,26-10-21
2022,Q1,PNR,Pentair plc,01-02-22
2022,Q2,PNR,Pentair plc,21-04-22
2022,Q3,PNR,Pentair plc,26-07-22
2022,Q4,PNR,Pentair plc,25-10-22
2023,Q1,PNR,Pentair plc,31-01-23
2023,Q2,PNR,Pentair plc,27-04-23
2023,Q3,PNR,Pentair plc,27-07-23
2023,Q4,PNR,Pentair plc,24-10-23
2024,Q1,PNR,Pentair plc,30-01-24
2024,Q2,PNR,Pentair plc,23-04-24
2024,Q3,PNR,Pentair plc,23-07-24
2024,Q4,PNR,Pentair plc,22-10-24
2025,Q1,PNR,Pentair plc,04-02-25
2025,Q2,PNR,Pentair plc,22-04-25
2025,Q3,PNR,Pentair plc,22-07-25
2025,Q4,PNR,Pentair plc,28-10-25
2020,Q1,PODD,Insulet Corporation,25-02-20
2020,Q2,PODD,Insulet Corporation,07-05-20
2020,Q3,PODD,Insulet Corporation,06-08-20
2020,Q4,PODD,Insulet Corporation,04-11-20
2021,Q1,PODD,Insulet Corporation,23-02-21
2021,Q2,PODD,Insulet Corporation,06-05-21
2021,Q3,PODD,Insulet Corporation,05-08-21
2021,Q4,PODD,Insulet Corporation,04-11-21
2022,Q1,PODD,Insulet Corporation,23-02-22
2022,Q2,PODD,Insulet Corporation,05-05-22
2022,Q3,PODD,Insulet Corporation,04-08-22
2022,Q4,PODD,Insulet Corporation,03-11-22
2023,Q1,PODD,Insulet Corporation,23-02-23
2023,Q2,PODD,Insulet Corporation,04-05-23
2023,Q3,PODD,Insulet Corporation,08-08-23
2023,Q4,PODD,Insulet Corporation,02-11-23
2024,Q1,PODD,Insulet Corporation,22-02-24
2024,Q2,PODD,Insulet Corporation,09-05-24
2024,Q3,PODD,Insulet Corporation,08-08-24
2024,Q4,PODD,Insulet Corporation,07-11-24
2025,Q1,PODD,Insulet Corporation,20-02-25
2025,Q2,PODD,Insulet Corporation,08-05-25
2025,Q3,PODD,Insulet Corporation,07-08-25
2025,Q4,PODD,Insulet Corporation,06-11-25
2020,Q1,POOL,Pool Corporation,13-02-20
2020,Q2,POOL,Pool Corporation,23-04-20
2020,Q3,POOL,Pool Corporation,23-07-20
2020,Q4,POOL,Pool Corporation,22-10-20
2021,Q1,POOL,Pool Corporation,11-02-21
2021,Q2,POOL,Pool Corporation,22-04-21
2021,Q3,POOL,Pool Corporation,22-07-21
2021,Q4,POOL,Pool Corporation,21-10-21
2022,Q1,POOL,Pool Corporation,17-02-22
2022,Q2,POOL,Pool Corporation,21-04-22
2022,Q3,POOL,Pool Corporation,21-07-22
2022,Q4,POOL,Pool Corporation,20-10-22
2023,Q1,POOL,Pool Corporation,16-02-23
2023,Q2,POOL,Pool Corporation,20-04-23
2023,Q3,POOL,Pool Corporation,20-07-23
2023,Q4,POOL,Pool Corporation,19-10-23
2024,Q1,POOL,Pool Corporation,22-02-24
2024,Q2,POOL,Pool Corporation,25-04-24
2024,Q3,POOL,Pool Corporation,25-07-24
2024,Q4,POOL,Pool Corporation,24-10-24
2025,Q1,POOL,Pool Corporation,20-02-25
2025,Q2,POOL,Pool Corporation,24-04-25
2025,Q3,POOL,Pool Corporation,24-07-25
2025,Q4,POOL,Pool Corporation,23-10-25
2020,Q1,PPG,"PPG Industries, Inc.",16-01-20
2020,Q2,PPG,"PPG Industries, Inc.",27-04-20
2020,Q3,PPG,"PPG Industries, Inc.",16-07-20
2020,Q4,PPG,"PPG Industries, Inc.",19-10-20
2021,Q1,PPG,"PPG Industries, Inc.",21-01-21
2021,Q2,PPG,"PPG Industries, Inc.",15-04-21
2021,Q3,PPG,"PPG Industries, Inc.",19-07-21
2021,Q4,PPG,"PPG Industries, Inc.",20-10-21
2022,Q1,PPG,"PPG Industries, Inc.",20-01-22
2022,Q2,PPG,"PPG Industries, Inc.",21-04-22
2022,Q3,PPG,"PPG Industries, Inc.",21-07-22
2022,Q4,PPG,"PPG Industries, Inc.",19-10-22
2023,Q1,PPG,"PPG Industries, Inc.",19-01-23
2023,Q2,PPG,"PPG Industries, Inc.",20-04-23
2023,Q3,PPG,"PPG Industries, Inc.",20-07-23
2023,Q4,PPG,"PPG Industries, Inc.",18-10-23
2024,Q1,PPG,"PPG Industries, Inc.",18-01-24
2024,Q2,PPG,"PPG Industries, Inc.",18-04-24
2024,Q3,PPG,"PPG Industries, Inc.",18-07-24
2024,Q4,PPG,"PPG Industries, Inc.",16-10-24
2025,Q1,PPG,"PPG Industries, Inc.",30-01-25
2025,Q2,PPG,"PPG Industries, Inc.",29-04-25
2025,Q3,PPG,"PPG Industries, Inc.",29-07-25
2025,Q4,PPG,"PPG Industries, Inc.",15-10-25
2020,Q1,PPL,,14-02-20
2020,Q2,PPL,,08-05-20
2020,Q3,PPL,,10-08-20
2020,Q4,PPL,,05-11-20
2021,Q1,PPL,,18-02-21
2021,Q2,PPL,,06-05-21
2021,Q3,PPL,,05-08-21
2021,Q4,PPL,,04-11-21
2022,Q1,PPL,,18-02-22
2022,Q2,PPL,,05-05-22
2022,Q3,PPL,,03-08-22
2022,Q4,PPL,,04-11-22
2023,Q1,PPL,,17-02-23
2023,Q2,PPL,,04-05-23
2023,Q3,PPL,,04-08-23
2023,Q4,PPL,,02-11-23
2024,Q1,PPL,,16-02-24
2024,Q2,PPL,,01-05-24
2024,Q3,PPL,,02-08-24
2024,Q4,PPL,,01-11-24
2025,Q1,PPL,,13-02-25
2025,Q2,PPL,,30-04-25
2025,Q3,PPL,,31-07-25
2025,Q4,PPL,,31-10-25
2020,Q1,PRU,,04-02-20
2020,Q2,PRU,,05-05-20
2020,Q3,PRU,,04-08-20
2020,Q4,PRU,,03-11-20
2021,Q1,PRU,,04-02-21
2021,Q2,PRU,,04-05-21
2021,Q3,PRU,,03-08-21
2021,Q4,PRU,,02-11-21
2022,Q1,PRU,,03-02-22
2022,Q2,PRU,,03-05-22
2022,Q3,PRU,,02-08-22
2022,Q4,PRU,,01-11-22
2023,Q1,PRU,,07-02-23
2023,Q2,PRU,,02-05-23
2023,Q3,PRU,,01-08-23
2023,Q4,PRU,,01-11-23
2024,Q1,PRU,,06-02-24
2024,Q2,PRU,,30-04-24
2024,Q3,PRU,,01-08-24
2024,Q4,PRU,,30-10-24
2025,Q1,PRU,,04-02-25
2025,Q2,PRU,,30-04-25
2025,Q3,PRU,,30-07-25
2025,Q4,PRU,,29-10-25
2020,Q1,PSA,Public Storage,25-02-20
2020,Q2,PSA,Public Storage,30-04-20
2020,Q3,PSA,Public Storage,05-08-20
2020,Q4,PSA,Public Storage,04-11-20
2021,Q1,PSA,Public Storage,24-02-21
2021,Q2,PSA,Public Storage,28-04-21
2021,Q3,PSA,Public Storage,03-08-21
2021,Q4,PSA,Public Storage,01-11-21
2022,Q1,PSA,Public Storage,22-02-22
2022,Q2,PSA,Public Storage,03-05-22
2022,Q3,PSA,Public Storage,04-08-22
2022,Q4,PSA,Public Storage,01-11-22
2023,Q1,PSA,Public Storage,21-02-23
2023,Q2,PSA,Public Storage,03-05-23
2023,Q3,PSA,Public Storage,02-08-23
2023,Q4,PSA,Public Storage,30-10-23
2024,Q1,PSA,Public Storage,20-02-24
2024,Q2,PSA,Public Storage,30-04-24
2024,Q3,PSA,Public Storage,30-07-24
2024,Q4,PSA,Public Storage,30-10-24
2025,Q1,PSA,Public Storage,24-02-25
2025,Q2,PSA,Public Storage,30-04-25
2025,Q3,PSA,Public Storage,30-07-25
2025,Q4,PSA,Public Storage,30-10-25
2020,Q1,PSX,Phillips 66,31-01-20
2020,Q2,PSX,Phillips 66,01-05-20
2020,Q3,PSX,Phillips 66,31-07-20
2020,Q4,PSX,Phillips 66,30-10-20
2021,Q1,PSX,Phillips 66,29-01-21
2021,Q2,PSX,Phillips 66,30-04-21
2021,Q3,PSX,Phillips 66,03-08-21
2021,Q4,PSX,Phillips 66,29-10-21
2022,Q1,PSX,Phillips 66,28-01-22
2022,Q2,PSX,Phillips 66,29-04-22
2022,Q3,PSX,Phillips 66,29-07-22
2022,Q4,PSX,Phillips 66,01-11-22
2023,Q1,PSX,Phillips 66,31-01-23
2023,Q2,PSX,Phillips 66,03-05-23
2023,Q3,PSX,Phillips 66,02-08-23
2023,Q4,PSX,Phillips 66,27-10-23
2024,Q1,PSX,Phillips 66,31-01-24
2024,Q2,PSX,Phillips 66,26-04-24
2024,Q3,PSX,Phillips 66,30-07-24
2024,Q4,PSX,Phillips 66,29-10-24
2025,Q1,PSX,Phillips 66,31-01-25
2025,Q2,PSX,Phillips 66,25-04-25
2025,Q3,PSX,Phillips 66,25-07-25
2025,Q4,PSX,Phillips 66,29-10-25
2020,Q1,PTC,,22-01-20
2020,Q2,PTC,,29-04-20
2020,Q3,PTC,,29-07-20
2020,Q4,PTC,,28-10-20
2021,Q1,PTC,,27-01-21
2021,Q2,PTC,,28-04-21
2021,Q3,PTC,,28-07-21
2021,Q4,PTC,,03-11-21
2022,Q1,PTC,,26-01-22
2022,Q2,PTC,,27-04-22
2022,Q3,PTC,,27-07-22
2022,Q4,PTC,,02-11-22
2023,Q1,PTC,,01-02-23
2023,Q2,PTC,,26-04-23
2023,Q3,PTC,,26-07-23
2023,Q4,PTC,,01-11-23
2024,Q1,PTC,,31-01-24
2024,Q2,PTC,,01-05-24
2024,Q3,PTC,,31-07-24
2024,Q4,PTC,,06-11-24
2025,Q1,PTC,,05-02-25
2025,Q2,PTC,,30-04-25
2025,Q3,PTC,,30-07-25
2025,Q4,PTC,,05-11-25
2020,Q1,PWR,"Quanta Services, Inc.",27-02-20
2020,Q2,PWR,"Quanta Services, Inc.",07-05-20
2020,Q3,PWR,"Quanta Services, Inc.",06-08-20
2020,Q4,PWR,"Quanta Services, Inc.",29-10-20
2021,Q1,PWR,"Quanta Services, Inc.",25-02-21
2021,Q2,PWR,"Quanta Services, Inc.",06-05-21
2021,Q3,PWR,"Quanta Services, Inc.",05-08-21
2021,Q4,PWR,"Quanta Services, Inc.",04-11-21
2022,Q1,PWR,"Quanta Services, Inc.",24-02-22
2022,Q2,PWR,"Quanta Services, Inc.",05-05-22
2022,Q3,PWR,"Quanta Services, Inc.",04-08-22
2022,Q4,PWR,"Quanta Services, Inc.",03-11-22
2023,Q1,PWR,"Quanta Services, Inc.",23-02-23
2023,Q2,PWR,"Quanta Services, Inc.",04-05-23
2023,Q3,PWR,"Quanta Services, Inc.",03-08-23
2023,Q4,PWR,"Quanta Services, Inc.",02-11-23
2024,Q1,PWR,"Quanta Services, Inc.",22-02-24
2024,Q2,PWR,"Quanta Services, Inc.",02-05-24
2024,Q3,PWR,"Quanta Services, Inc.",01-08-24
2024,Q4,PWR,"Quanta Services, Inc.",31-10-24
2025,Q1,PWR,"Quanta Services, Inc.",20-02-25
2025,Q2,PWR,"Quanta Services, Inc.",01-05-25
2025,Q3,PWR,"Quanta Services, Inc.",31-07-25
2025,Q4,PWR,"Quanta Services, Inc.",30-10-25
2020,Q1,PXD,Pioneer Natural Resources Company,Missing
2020,Q2,PXD,Pioneer Natural Resources Company,Missing
2020,Q3,PXD,Pioneer Natural Resources Company,Missing
2020,Q4,PXD,Pioneer Natural Resources Company,Missing
2021,Q1,PXD,Pioneer Natural Resources Company,Missing
2021,Q2,PXD,Pioneer Natural Resources Company,Missing
2021,Q3,PXD,Pioneer Natural Resources Company,Missing
2021,Q4,PXD,Pioneer Natural Resources Company,Missing
2022,Q1,PXD,Pioneer Natural Resources Company,Missing
2022,Q2,PXD,Pioneer Natural Resources Company,Missing
2022,Q3,PXD,Pioneer Natural Resources Company,Missing
2022,Q4,PXD,Pioneer Natural Resources Company,Missing
2023,Q1,PXD,Pioneer Natural Resources Company,Missing
2023,Q2,PXD,Pioneer Natural Resources Company,Missing
2023,Q3,PXD,Pioneer Natural Resources Company,Missing
2023,Q4,PXD,Pioneer Natural Resources Company,Missing
2024,Q1,PXD,Pioneer Natural Resources Company,Missing
2024,Q2,PXD,Pioneer Natural Resources Company,Missing
2024,Q3,PXD,Pioneer Natural Resources Company,Missing
2024,Q4,PXD,Pioneer Natural Resources Company,Missing
2025,Q1,PXD,Pioneer Natural Resources Company,Missing
2025,Q2,PXD,Pioneer Natural Resources Company,Missing
2025,Q3,PXD,Pioneer Natural Resources Company,Missing
2025,Q4,PXD,Pioneer Natural Resources Company,Missing
2020,Q1,PYPL,"PayPal Holdings, Inc.",29-01-20
2020,Q2,PYPL,"PayPal Holdings, Inc.",06-05-20
2020,Q3,PYPL,"PayPal Holdings, Inc.",29-07-20
2020,Q4,PYPL,"PayPal Holdings, Inc.",02-11-20
2021,Q1,PYPL,"PayPal Holdings, Inc.",03-02-21
2021,Q2,PYPL,"PayPal Holdings, Inc.",05-05-21
2021,Q3,PYPL,"PayPal Holdings, Inc.",28-07-21
2021,Q4,PYPL,"PayPal Holdings, Inc.",08-11-21
2022,Q1,PYPL,"PayPal Holdings, Inc.",01-02-22
2022,Q2,PYPL,"PayPal Holdings, Inc.",27-04-22
2022,Q3,PYPL,"PayPal Holdings, Inc.",02-08-22
2022,Q4,PYPL,"PayPal Holdings, Inc.",03-11-22
2023,Q1,PYPL,"PayPal Holdings, Inc.",09-02-23
2023,Q2,PYPL,"PayPal Holdings, Inc.",08-05-23
2023,Q3,PYPL,"PayPal Holdings, Inc.",02-08-23
2023,Q4,PYPL,"PayPal Holdings, Inc.",01-11-23
2024,Q1,PYPL,"PayPal Holdings, Inc.",07-02-24
2024,Q2,PYPL,"PayPal Holdings, Inc.",30-04-24
2024,Q3,PYPL,"PayPal Holdings, Inc.",30-07-24
2024,Q4,PYPL,"PayPal Holdings, Inc.",29-10-24
2025,Q1,PYPL,"PayPal Holdings, Inc.",04-02-25
2025,Q2,PYPL,"PayPal Holdings, Inc.",29-04-25
2025,Q3,PYPL,"PayPal Holdings, Inc.",29-07-25
2025,Q4,PYPL,"PayPal Holdings, Inc.",28-10-25
2020,Q1,QCOM,Qualcomm Inc.,05-02-20
2020,Q2,QCOM,Qualcomm Inc.,29-04-20
2020,Q3,QCOM,Qualcomm Inc.,29-07-20
2020,Q4,QCOM,Qualcomm Inc.,04-11-20
2021,Q1,QCOM,Qualcomm Inc.,03-02-21
2021,Q2,QCOM,Qualcomm Inc.,28-04-21
2021,Q3,QCOM,Qualcomm Inc.,28-07-21
2021,Q4,QCOM,Qualcomm Inc.,03-11-21
2022,Q1,QCOM,Qualcomm Inc.,02-02-22
2022,Q2,QCOM,Qualcomm Inc.,27-04-22
2022,Q3,QCOM,Qualcomm Inc.,27-07-22
2022,Q4,QCOM,Qualcomm Inc.,02-11-22
2023,Q1,QCOM,Qualcomm Inc.,02-02-23
2023,Q2,QCOM,Qualcomm Inc.,03-05-23
2023,Q3,QCOM,Qualcomm Inc.,02-08-23
2023,Q4,QCOM,Qualcomm Inc.,01-11-23
2024,Q1,QCOM,Qualcomm Inc.,31-01-24
2024,Q2,QCOM,Qualcomm Inc.,01-05-24
2024,Q3,QCOM,Qualcomm Inc.,31-07-24
2024,Q4,QCOM,Qualcomm Inc.,06-11-24
2025,Q1,QCOM,Qualcomm Inc.,05-02-25
2025,Q2,QCOM,Qualcomm Inc.,30-04-25
2025,Q3,QCOM,Qualcomm Inc.,30-07-25
2025,Q4,QCOM,Qualcomm Inc.,05-11-25
2020,Q1,QRVO,"Qorvo, Inc.",29-01-20
2020,Q2,QRVO,"Qorvo, Inc.",07-05-20
2020,Q3,QRVO,"Qorvo, Inc.",29-07-20
2020,Q4,QRVO,"Qorvo, Inc.",04-11-20
2021,Q1,QRVO,"Qorvo, Inc.",03-02-21
2021,Q2,QRVO,"Qorvo, Inc.",05-05-21
2021,Q3,QRVO,"Qorvo, Inc.",04-08-21
2021,Q4,QRVO,"Qorvo, Inc.",03-11-21
2022,Q1,QRVO,"Qorvo, Inc.",02-02-22
2022,Q2,QRVO,"Qorvo, Inc.",04-05-22
2022,Q3,QRVO,"Qorvo, Inc.",03-08-22
2022,Q4,QRVO,"Qorvo, Inc.",02-11-22
2023,Q1,QRVO,"Qorvo, Inc.",01-02-23
2023,Q2,QRVO,"Qorvo, Inc.",03-05-23
2023,Q3,QRVO,"Qorvo, Inc.",02-08-23
2023,Q4,QRVO,"Qorvo, Inc.",01-11-23
2024,Q1,QRVO,"Qorvo, Inc.",31-01-24
2024,Q2,QRVO,"Qorvo, Inc.",01-05-24
2024,Q3,QRVO,"Qorvo, Inc.",30-07-24
2024,Q4,QRVO,"Qorvo, Inc.",29-10-24
2025,Q1,QRVO,"Qorvo, Inc.",28-01-25
2025,Q2,QRVO,"Qorvo, Inc.",29-04-25
2025,Q3,QRVO,"Qorvo, Inc.",29-07-25
2025,Q4,QRVO,"Qorvo, Inc.",28-10-25
2020,Q1,REG,Regency Centers Corporation,12-02-20
2020,Q2,REG,Regency Centers Corporation,07-05-20
2020,Q3,REG,Regency Centers Corporation,03-08-20
2020,Q4,REG,Regency Centers Corporation,05-11-20
2021,Q1,REG,Regency Centers Corporation,11-02-21
2021,Q2,REG,Regency Centers Corporation,06-05-21
2021,Q3,REG,Regency Centers Corporation,05-08-21
2021,Q4,REG,Regency Centers Corporation,05-11-21
2022,Q1,REG,Regency Centers Corporation,10-02-22
2022,Q2,REG,Regency Centers Corporation,03-05-22
2022,Q3,REG,Regency Centers Corporation,05-08-22
2022,Q4,REG,Regency Centers Corporation,04-11-22
2023,Q1,REG,Regency Centers Corporation,09-02-23
2023,Q2,REG,Regency Centers Corporation,04-05-23
2023,Q3,REG,Regency Centers Corporation,03-08-23
2023,Q4,REG,Regency Centers Corporation,02-11-23
2024,Q1,REG,Regency Centers Corporation,08-02-24
2024,Q2,REG,Regency Centers Corporation,02-05-24
2024,Q3,REG,Regency Centers Corporation,01-08-24
2024,Q4,REG,Regency Centers Corporation,28-10-24
2025,Q1,REG,Regency Centers Corporation,06-02-25
2025,Q2,REG,Regency Centers Corporation,29-04-25
2025,Q3,REG,Regency Centers Corporation,29-07-25
2025,Q4,REG,Regency Centers Corporation,28-10-25
2020,Q1,REGN,"Regeneron Pharmaceuticals, Inc.",06-02-20
2020,Q2,REGN,"Regeneron Pharmaceuticals, Inc.",05-05-20
2020,Q3,REGN,"Regeneron Pharmaceuticals, Inc.",05-08-20
2020,Q4,REGN,"Regeneron Pharmaceuticals, Inc.",05-11-20
2021,Q1,REGN,"Regeneron Pharmaceuticals, Inc.",05-02-21
2021,Q2,REGN,"Regeneron Pharmaceuticals, Inc.",06-05-21
2021,Q3,REGN,"Regeneron Pharmaceuticals, Inc.",05-08-21
2021,Q4,REGN,"Regeneron Pharmaceuticals, Inc.",04-11-21
2022,Q1,REGN,"Regeneron Pharmaceuticals, Inc.",04-02-22
2022,Q2,REGN,"Regeneron Pharmaceuticals, Inc.",04-05-22
2022,Q3,REGN,"Regeneron Pharmaceuticals, Inc.",03-08-22
2022,Q4,REGN,"Regeneron Pharmaceuticals, Inc.",03-11-22
2023,Q1,REGN,"Regeneron Pharmaceuticals, Inc.",03-02-23
2023,Q2,REGN,"Regeneron Pharmaceuticals, Inc.",04-05-23
2023,Q3,REGN,"Regeneron Pharmaceuticals, Inc.",03-08-23
2023,Q4,REGN,"Regeneron Pharmaceuticals, Inc.",02-11-23
2024,Q1,REGN,"Regeneron Pharmaceuticals, Inc.",02-02-24
2024,Q2,REGN,"Regeneron Pharmaceuticals, Inc.",02-05-24
2024,Q3,REGN,"Regeneron Pharmaceuticals, Inc.",01-08-24
2024,Q4,REGN,"Regeneron Pharmaceuticals, Inc.",31-10-24
2025,Q1,REGN,"Regeneron Pharmaceuticals, Inc.",04-02-25
2025,Q2,REGN,"Regeneron Pharmaceuticals, Inc.",29-04-25
2025,Q3,REGN,"Regeneron Pharmaceuticals, Inc.",01-08-25
2025,Q4,REGN,"Regeneron Pharmaceuticals, Inc.",30-10-25
2020,Q1,RF,,17-01-20
2020,Q2,RF,,17-04-20
2020,Q3,RF,,17-07-20
2020,Q4,RF,,20-10-20
2021,Q1,RF,,22-01-21
2021,Q2,RF,,23-04-21
2021,Q3,RF,,23-07-21
2021,Q4,RF,,22-10-21
2022,Q1,RF,,20-01-22
2022,Q2,RF,,22-04-22
2022,Q3,RF,,22-07-22
2022,Q4,RF,,21-10-22
2023,Q1,RF,,20-01-23
2023,Q2,RF,,21-04-23
2023,Q3,RF,,21-07-23
2023,Q4,RF,,20-10-23
2024,Q1,RF,,19-01-24
2024,Q2,RF,,19-04-24
2024,Q3,RF,,19-07-24
2024,Q4,RF,,18-10-24
2025,Q1,RF,,17-01-25
2025,Q2,RF,,17-04-25
2025,Q3,RF,,18-07-25
2025,Q4,RF,,17-10-25
2020,Q1,RJF,Raymond James Financial,22-01-20
2020,Q2,RJF,Raymond James Financial,29-04-20
2020,Q3,RJF,Raymond James Financial,29-07-20
2020,Q4,RJF,Raymond James Financial,28-10-20
2021,Q1,RJF,Raymond James Financial,27-01-21
2021,Q2,RJF,Raymond James Financial,27-04-21
2021,Q3,RJF,Raymond James Financial,28-07-21
2021,Q4,RJF,Raymond James Financial,27-10-21
2022,Q1,RJF,Raymond James Financial,26-01-22
2022,Q2,RJF,Raymond James Financial,27-04-22
2022,Q3,RJF,Raymond James Financial,27-07-22
2022,Q4,RJF,Raymond James Financial,26-10-22
2023,Q1,RJF,Raymond James Financial,25-01-23
2023,Q2,RJF,Raymond James Financial,26-04-23
2023,Q3,RJF,Raymond James Financial,26-07-23
2023,Q4,RJF,Raymond James Financial,25-10-23
2024,Q1,RJF,Raymond James Financial,24-01-24
2024,Q2,RJF,Raymond James Financial,24-04-24
2024,Q3,RJF,Raymond James Financial,24-07-24
2024,Q4,RJF,Raymond James Financial,23-10-24
2025,Q1,RJF,Raymond James Financial,29-01-25
2025,Q2,RJF,Raymond James Financial,23-04-25
2025,Q3,RJF,Raymond James Financial,23-07-25
2025,Q4,RJF,Raymond James Financial,22-10-25
2020,Q1,RL,,04-02-20
2020,Q2,RL,,27-05-20
2020,Q3,RL,,04-08-20
2020,Q4,RL,,29-10-20
2021,Q1,RL,,04-02-21
2021,Q2,RL,,20-05-21
2021,Q3,RL,,03-08-21
2021,Q4,RL,,02-11-21
2022,Q1,RL,,03-02-22
2022,Q2,RL,,24-05-22
2022,Q3,RL,,09-08-22
2022,Q4,RL,,10-11-22
2023,Q1,RL,,09-02-23
2023,Q2,RL,,25-05-23
2023,Q3,RL,,10-08-23
2023,Q4,RL,,08-11-23
2024,Q1,RL,,08-02-24
2024,Q2,RL,,23-05-24
2024,Q3,RL,,07-08-24
2024,Q4,RL,,07-11-24
2025,Q1,RL,,06-02-25
2025,Q2,RL,,22-05-25
2025,Q3,RL,,07-08-25
2025,Q4,RL,,06-11-25
2020,Q1,RMD,ResMed Inc.,30-01-20
2020,Q2,RMD,ResMed Inc.,30-04-20
2020,Q3,RMD,ResMed Inc.,05-08-20
2020,Q4,RMD,ResMed Inc.,29-10-20
2021,Q1,RMD,ResMed Inc.,28-01-21
2021,Q2,RMD,ResMed Inc.,29-04-21
2021,Q3,RMD,ResMed Inc.,05-08-21
2021,Q4,RMD,ResMed Inc.,28-10-21
2022,Q1,RMD,ResMed Inc.,27-01-22
2022,Q2,RMD,ResMed Inc.,28-04-22
2022,Q3,RMD,ResMed Inc.,11-08-22
2022,Q4,RMD,ResMed Inc.,27-10-22
2023,Q1,RMD,ResMed Inc.,26-01-23
2023,Q2,RMD,ResMed Inc.,27-04-23
2023,Q3,RMD,ResMed Inc.,03-08-23
2023,Q4,RMD,ResMed Inc.,26-10-23
2024,Q1,RMD,ResMed Inc.,24-01-24
2024,Q2,RMD,ResMed Inc.,25-04-24
2024,Q3,RMD,ResMed Inc.,01-08-24
2024,Q4,RMD,ResMed Inc.,24-10-24
2025,Q1,RMD,ResMed Inc.,30-01-25
2025,Q2,RMD,ResMed Inc.,23-04-25
2025,Q3,RMD,ResMed Inc.,31-07-25
2025,Q4,RMD,ResMed Inc.,23-10-25
2020,Q1,ROK,Rockwell Automation,29-01-20
2020,Q2,ROK,Rockwell Automation,28-04-20
2020,Q3,ROK,Rockwell Automation,28-07-20
2020,Q4,ROK,Rockwell Automation,10-11-20
2021,Q1,ROK,Rockwell Automation,26-01-21
2021,Q2,ROK,Rockwell Automation,28-04-21
2021,Q3,ROK,Rockwell Automation,27-07-21
2021,Q4,ROK,Rockwell Automation,02-11-21
2022,Q1,ROK,Rockwell Automation,27-01-22
2022,Q2,ROK,Rockwell Automation,03-05-22
2022,Q3,ROK,Rockwell Automation,27-07-22
2022,Q4,ROK,Rockwell Automation,02-11-22
2023,Q1,ROK,Rockwell Automation,26-01-23
2023,Q2,ROK,Rockwell Automation,27-04-23
2023,Q3,ROK,Rockwell Automation,01-08-23
2023,Q4,ROK,Rockwell Automation,02-11-23
2024,Q1,ROK,Rockwell Automation,31-01-24
2024,Q2,ROK,Rockwell Automation,07-05-24
2024,Q3,ROK,Rockwell Automation,07-08-24
2024,Q4,ROK,Rockwell Automation,07-11-24
2025,Q1,ROK,Rockwell Automation,10-02-25
2025,Q2,ROK,Rockwell Automation,07-05-25
2025,Q3,ROK,Rockwell Automation,06-08-25
2025,Q4,ROK,Rockwell Automation,06-11-25
2020,Q1,ROL,,29-01-20
2020,Q2,ROL,,29-04-20
2020,Q3,ROL,,29-07-20
2020,Q4,ROL,,28-10-20
2021,Q1,ROL,,27-01-21
2021,Q2,ROL,,28-04-21
2021,Q3,ROL,,28-07-21
2021,Q4,ROL,,27-10-21
2022,Q1,ROL,,26-01-22
2022,Q2,ROL,,27-04-22
2022,Q3,ROL,,27-07-22
2022,Q4,ROL,,26-10-22
2023,Q1,ROL,,15-02-23
2023,Q2,ROL,,26-04-23
2023,Q3,ROL,,26-07-23
2023,Q4,ROL,,25-10-23
2024,Q1,ROL,,14-02-24
2024,Q2,ROL,,24-04-24
2024,Q3,ROL,,24-07-24
2024,Q4,ROL,,23-10-24
2025,Q1,ROL,,12-02-25
2025,Q2,ROL,,23-04-25
2025,Q3,ROL,,23-07-25
2025,Q4,ROL,,22-10-25
2020,Q1,ROP,,30-01-20
2020,Q2,ROP,,28-04-20
2020,Q3,ROP,,28-07-20
2020,Q4,ROP,,27-10-20
2021,Q1,ROP,,29-01-21
2021,Q2,ROP,,27-04-21
2021,Q3,ROP,,23-07-21
2021,Q4,ROP,,22-10-21
2022,Q1,ROP,,02-02-22
2022,Q2,ROP,,26-04-22
2022,Q3,ROP,,22-07-22
2022,Q4,ROP,,26-10-22
2023,Q1,ROP,,27-01-23
2023,Q2,ROP,,27-04-23
2023,Q3,ROP,,21-07-23
2023,Q4,ROP,,25-10-23
2024,Q1,ROP,,31-01-24
2024,Q2,ROP,,26-04-24
2024,Q3,ROP,,24-07-24
2024,Q4,ROP,,23-10-24
2025,Q1,ROP,,30-01-25
2025,Q2,ROP,,28-04-25
2025,Q3,ROP,,21-07-25
2025,Q4,ROP,,22-10-25
2020,Q1,ROST,,03-03-20
2020,Q2,ROST,,21-05-20
2020,Q3,ROST,,20-08-20
2020,Q4,ROST,,19-11-20
2021,Q1,ROST,,02-03-21
2021,Q2,ROST,,20-05-21
2021,Q3,ROST,,19-08-21
2021,Q4,ROST,,18-11-21
2022,Q1,ROST,,01-03-22
2022,Q2,ROST,,19-05-22
2022,Q3,ROST,,18-08-22
2022,Q4,ROST,,17-11-22
2023,Q1,ROST,,28-02-23
2023,Q2,ROST,,18-05-23
2023,Q3,ROST,,17-08-23
2023,Q4,ROST,,16-11-23
2024,Q1,ROST,,05-03-24
2024,Q2,ROST,,23-05-24
2024,Q3,ROST,,22-08-24
2024,Q4,ROST,,21-11-24
2025,Q1,ROST,,04-03-25
2025,Q2,ROST,,22-05-25
2025,Q3,ROST,,21-08-25
2025,Q4,ROST,,20-11-25
2020,Q1,RSG,,13-02-20
2020,Q2,RSG,,05-05-20
2020,Q3,RSG,,06-08-20
2020,Q4,RSG,,05-11-20
2021,Q1,RSG,,22-02-21
2021,Q2,RSG,,05-05-21
2021,Q3,RSG,,29-07-21
2021,Q4,RSG,,28-10-21
2022,Q1,RSG,,10-02-22
2022,Q2,RSG,,05-05-22
2022,Q3,RSG,,04-08-22
2022,Q4,RSG,,27-10-22
2023,Q1,RSG,,15-02-23
2023,Q2,RSG,,27-04-23
2023,Q3,RSG,,31-07-23
2023,Q4,RSG,,26-10-23
2024,Q1,RSG,,27-02-24
2024,Q2,RSG,,30-04-24
2024,Q3,RSG,,24-07-24
2024,Q4,RSG,,29-10-24
2025,Q1,RSG,,13-02-25
2025,Q2,RSG,,24-04-25
2025,Q3,RSG,,29-07-25
2025,Q4,RSG,,29-10-25
2020,Q1,RTX,Raytheon Technologies Corp.,28-01-20
2020,Q2,RTX,Raytheon Technologies Corp.,07-05-20
2020,Q3,RTX,Raytheon Technologies Corp.,28-07-20
2020,Q4,RTX,Raytheon Technologies Corp.,27-10-20
2021,Q1,RTX,Raytheon Technologies Corp.,26-01-21
2021,Q2,RTX,Raytheon Technologies Corp.,27-04-21
2021,Q3,RTX,Raytheon Technologies Corp.,27-07-21
2021,Q4,RTX,Raytheon Technologies Corp.,26-10-21
2022,Q1,RTX,Raytheon Technologies Corp.,25-01-22
2022,Q2,RTX,Raytheon Technologies Corp.,26-04-22
2022,Q3,RTX,Raytheon Technologies Corp.,26-07-22
2022,Q4,RTX,Raytheon Technologies Corp.,25-10-22
2023,Q1,RTX,Raytheon Technologies Corp.,24-01-23
2023,Q2,RTX,Raytheon Technologies Corp.,25-04-23
2023,Q3,RTX,Raytheon Technologies Corp.,25-07-23
2023,Q4,RTX,Raytheon Technologies Corp.,24-10-23
2024,Q1,RTX,Raytheon Technologies Corp.,23-01-24
2024,Q2,RTX,Raytheon Technologies Corp.,23-04-24
2024,Q3,RTX,Raytheon Technologies Corp.,25-07-24
2024,Q4,RTX,Raytheon Technologies Corp.,22-10-24
2025,Q1,RTX,Raytheon Technologies Corp.,28-01-25
2025,Q2,RTX,Raytheon Technologies Corp.,22-04-25
2025,Q3,RTX,Raytheon Technologies Corp.,22-07-25
2025,Q4,RTX,Raytheon Technologies Corp.,28-10-25
2020,Q1,SEDG,,19-02-20
2020,Q2,SEDG,,06-05-20
2020,Q3,SEDG,,03-08-20
2020,Q4,SEDG,,02-11-20
2021,Q1,SEDG,,16-02-21
2021,Q2,SEDG,,03-05-21
2021,Q3,SEDG,,02-08-21
2021,Q4,SEDG,,02-11-21
2022,Q1,SEDG,,15-02-22
2022,Q2,SEDG,,02-05-22
2022,Q3,SEDG,,02-08-22
2022,Q4,SEDG,,07-11-22
2023,Q1,SEDG,,13-02-23
2023,Q2,SEDG,,03-05-23
2023,Q3,SEDG,,01-08-23
2023,Q4,SEDG,,01-11-23
2024,Q1,SEDG,,20-02-24
2024,Q2,SEDG,,08-05-24
2024,Q3,SEDG,,07-08-24
2024,Q4,SEDG,,06-11-24
2025,Q1,SEDG,,19-02-25
2025,Q2,SEDG,,06-05-25
2025,Q3,SEDG,,07-08-25
2025,Q4,SEDG,,05-11-25
2020,Q1,SHW,The Sherwin-Williams Company,30-01-20
2020,Q2,SHW,The Sherwin-Williams Company,29-04-20
2020,Q3,SHW,The Sherwin-Williams Company,28-07-20
2020,Q4,SHW,The Sherwin-Williams Company,27-10-20
2021,Q1,SHW,The Sherwin-Williams Company,28-01-21
2021,Q2,SHW,The Sherwin-Williams Company,27-04-21
2021,Q3,SHW,The Sherwin-Williams Company,27-07-21
2021,Q4,SHW,The Sherwin-Williams Company,26-10-21
2022,Q1,SHW,The Sherwin-Williams Company,27-01-22
2022,Q2,SHW,The Sherwin-Williams Company,26-04-22
2022,Q3,SHW,The Sherwin-Williams Company,27-07-22
2022,Q4,SHW,The Sherwin-Williams Company,25-10-22
2023,Q1,SHW,The Sherwin-Williams Company,26-01-23
2023,Q2,SHW,The Sherwin-Williams Company,25-04-23
2023,Q3,SHW,The Sherwin-Williams Company,25-07-23
2023,Q4,SHW,The Sherwin-Williams Company,24-10-23
2024,Q1,SHW,The Sherwin-Williams Company,25-01-24
2024,Q2,SHW,The Sherwin-Williams Company,23-04-24
2024,Q3,SHW,The Sherwin-Williams Company,23-07-24
2024,Q4,SHW,The Sherwin-Williams Company,22-10-24
2025,Q1,SHW,The Sherwin-Williams Company,30-01-25
2025,Q2,SHW,The Sherwin-Williams Company,29-04-25
2025,Q3,SHW,The Sherwin-Williams Company,22-07-25
2025,Q4,SHW,The Sherwin-Williams Company,28-10-25
2020,Q1,SLB,,17-01-20
2020,Q2,SLB,,17-04-20
2020,Q3,SLB,,24-07-20
2020,Q4,SLB,,16-10-20
2021,Q1,SLB,,22-01-21
2021,Q2,SLB,,23-04-21
2021,Q3,SLB,,23-07-21
2021,Q4,SLB,,22-10-21
2022,Q1,SLB,,21-01-22
2022,Q2,SLB,,22-04-22
2022,Q3,SLB,,22-07-22
2022,Q4,SLB,,21-10-22
2023,Q1,SLB,,20-01-23
2023,Q2,SLB,,21-04-23
2023,Q3,SLB,,21-07-23
2023,Q4,SLB,,20-10-23
2024,Q1,SLB,,19-01-24
2024,Q2,SLB,,19-04-24
2024,Q3,SLB,,19-07-24
2024,Q4,SLB,,18-10-24
2025,Q1,SLB,,17-01-25
2025,Q2,SLB,,25-04-25
2025,Q3,SLB,,18-07-25
2025,Q4,SLB,,17-10-25
2020,Q1,SNA,,06-02-20
2020,Q2,SNA,,21-04-20
2020,Q3,SNA,,31-07-20
2020,Q4,SNA,,22-10-20
2021,Q1,SNA,,04-02-21
2021,Q2,SNA,,22-04-21
2021,Q3,SNA,,22-07-21
2021,Q4,SNA,,21-10-21
2022,Q1,SNA,,03-02-22
2022,Q2,SNA,,21-04-22
2022,Q3,SNA,,21-07-22
2022,Q4,SNA,,20-10-22
2023,Q1,SNA,,02-02-23
2023,Q2,SNA,,20-04-23
2023,Q3,SNA,,20-07-23
2023,Q4,SNA,,19-10-23
2024,Q1,SNA,,08-02-24
2024,Q2,SNA,,18-04-24
2024,Q3,SNA,,18-07-24
2024,Q4,SNA,,17-10-24
2025,Q1,SNA,,06-02-25
2025,Q2,SNA,,17-04-25
2025,Q3,SNA,,17-07-25
2025,Q4,SNA,,16-10-25
2020,Q1,SNPS,"Synopsys, Inc.",19-02-20
2020,Q2,SNPS,"Synopsys, Inc.",20-05-20
2020,Q3,SNPS,"Synopsys, Inc.",19-08-20
2020,Q4,SNPS,"Synopsys, Inc.",02-12-20
2021,Q1,SNPS,"Synopsys, Inc.",17-02-21
2021,Q2,SNPS,"Synopsys, Inc.",19-05-21
2021,Q3,SNPS,"Synopsys, Inc.",18-08-21
2021,Q4,SNPS,"Synopsys, Inc.",01-12-21
2022,Q1,SNPS,"Synopsys, Inc.",16-02-22
2022,Q2,SNPS,"Synopsys, Inc.",18-05-22
2022,Q3,SNPS,"Synopsys, Inc.",17-08-22
2022,Q4,SNPS,"Synopsys, Inc.",30-11-22
2023,Q1,SNPS,"Synopsys, Inc.",15-02-23
2023,Q2,SNPS,"Synopsys, Inc.",17-05-23
2023,Q3,SNPS,"Synopsys, Inc.",16-08-23
2023,Q4,SNPS,"Synopsys, Inc.",29-11-23
2024,Q1,SNPS,"Synopsys, Inc.",21-02-24
2024,Q2,SNPS,"Synopsys, Inc.",22-05-24
2024,Q3,SNPS,"Synopsys, Inc.",21-08-24
2024,Q4,SNPS,"Synopsys, Inc.",04-12-24
2025,Q1,SNPS,"Synopsys, Inc.",26-02-25
2025,Q2,SNPS,"Synopsys, Inc.",28-05-25
2025,Q3,SNPS,"Synopsys, Inc.",09-09-25
2025,Q4,SNPS,"Synopsys, Inc.",03-12-25
2020,Q1,SO,The Southern Company,20-02-20
2020,Q2,SO,The Southern Company,30-04-20
2020,Q3,SO,The Southern Company,30-07-20
2020,Q4,SO,The Southern Company,29-10-20
2021,Q1,SO,The Southern Company,18-02-21
2021,Q2,SO,The Southern Company,29-04-21
2021,Q3,SO,The Southern Company,29-07-21
2021,Q4,SO,The Southern Company,04-11-21
2022,Q1,SO,The Southern Company,17-02-22
2022,Q2,SO,The Southern Company,28-04-22
2022,Q3,SO,The Southern Company,28-07-22
2022,Q4,SO,The Southern Company,27-10-22
2023,Q1,SO,The Southern Company,16-02-23
2023,Q2,SO,The Southern Company,27-04-23
2023,Q3,SO,The Southern Company,03-08-23
2023,Q4,SO,The Southern Company,02-11-23
2024,Q1,SO,The Southern Company,15-02-24
2024,Q2,SO,The Southern Company,02-05-24
2024,Q3,SO,The Southern Company,01-08-24
2024,Q4,SO,The Southern Company,31-10-24
2025,Q1,SO,The Southern Company,20-02-25
2025,Q2,SO,The Southern Company,01-05-25
2025,Q3,SO,The Southern Company,31-07-25
2025,Q4,SO,The Southern Company,30-10-25
2020,Q1,SPG,,04-02-20
2020,Q2,SPG,,11-05-20
2020,Q3,SPG,,10-08-20
2020,Q4,SPG,,09-11-20
2021,Q1,SPG,,08-02-21
2021,Q2,SPG,,10-05-21
2021,Q3,SPG,,02-08-21
2021,Q4,SPG,,01-11-21
2022,Q1,SPG,,07-02-22
2022,Q2,SPG,,09-05-22
2022,Q3,SPG,,01-08-22
2022,Q4,SPG,,01-11-22
2023,Q1,SPG,,06-02-23
2023,Q2,SPG,,02-05-23
2023,Q3,SPG,,02-08-23
2023,Q4,SPG,,30-10-23
2024,Q1,SPG,,05-02-24
2024,Q2,SPG,,06-05-24
2024,Q3,SPG,,05-08-24
2024,Q4,SPG,,01-11-24
2025,Q1,SPG,,04-02-25
2025,Q2,SPG,,12-05-25
2025,Q3,SPG,,04-08-25
2025,Q4,SPG,,07-11-25
2020,Q1,SPGI,S&P Global Inc.,06-02-20
2020,Q2,SPGI,S&P Global Inc.,28-04-20
2020,Q3,SPGI,S&P Global Inc.,28-07-20
2020,Q4,SPGI,S&P Global Inc.,27-10-20
2021,Q1,SPGI,S&P Global Inc.,09-02-21
2021,Q2,SPGI,S&P Global Inc.,29-04-21
2021,Q3,SPGI,S&P Global Inc.,29-07-21
2021,Q4,SPGI,S&P Global Inc.,26-10-21
2022,Q1,SPGI,S&P Global Inc.,08-02-22
2022,Q2,SPGI,S&P Global Inc.,03-05-22
2022,Q3,SPGI,S&P Global Inc.,02-08-22
2022,Q4,SPGI,S&P Global Inc.,27-10-22
2023,Q1,SPGI,S&P Global Inc.,09-02-23
2023,Q2,SPGI,S&P Global Inc.,27-04-23
2023,Q3,SPGI,S&P Global Inc.,27-07-23
2023,Q4,SPGI,S&P Global Inc.,02-11-23
2024,Q1,SPGI,S&P Global Inc.,08-02-24
2024,Q2,SPGI,S&P Global Inc.,25-04-24
2024,Q3,SPGI,S&P Global Inc.,30-07-24
2024,Q4,SPGI,S&P Global Inc.,24-10-24
2025,Q1,SPGI,S&P Global Inc.,11-02-25
2025,Q2,SPGI,S&P Global Inc.,29-04-25
2025,Q3,SPGI,S&P Global Inc.,31-07-25
2025,Q4,SPGI,S&P Global Inc.,23-10-25
2020,Q1,SRE,,27-02-20
2020,Q2,SRE,,04-05-20
2020,Q3,SRE,,05-08-20
2020,Q4,SRE,,05-11-20
2021,Q1,SRE,,25-02-21
2021,Q2,SRE,,05-05-21
2021,Q3,SRE,,05-08-21
2021,Q4,SRE,,05-11-21
2022,Q1,SRE,,25-02-22
2022,Q2,SRE,,05-05-22
2022,Q3,SRE,,04-08-22
2022,Q4,SRE,,03-11-22
2023,Q1,SRE,,28-02-23
2023,Q2,SRE,,04-05-23
2023,Q3,SRE,,03-08-23
2023,Q4,SRE,,03-11-23
2024,Q1,SRE,,27-02-24
2024,Q2,SRE,,07-05-24
2024,Q3,SRE,,06-08-24
2024,Q4,SRE,,06-11-24
2025,Q1,SRE,,25-02-25
2025,Q2,SRE,,08-05-25
2025,Q3,SRE,,07-08-25
2025,Q4,SRE,,05-11-25
2020,Q1,STE,STERIS plc,10-02-20
2020,Q2,STE,STERIS plc,13-05-20
2020,Q3,STE,STERIS plc,03-08-20
2020,Q4,STE,STERIS plc,02-11-20
2021,Q1,STE,STERIS plc,02-02-21
2021,Q2,STE,STERIS plc,18-05-21
2021,Q3,STE,STERIS plc,08-08-21
2021,Q4,STE,STERIS plc,02-11-21
2022,Q1,STE,STERIS plc,08-02-22
2022,Q2,STE,STERIS plc,11-05-22
2022,Q3,STE,STERIS plc,02-08-22
2022,Q4,STE,STERIS plc,09-11-22
2023,Q1,STE,STERIS plc,08-02-23
2023,Q2,STE,STERIS plc,10-05-23
2023,Q3,STE,STERIS plc,01-08-23
2023,Q4,STE,STERIS plc,07-11-23
2024,Q1,STE,STERIS plc,07-02-24
2024,Q2,STE,STERIS plc,08-05-24
2024,Q3,STE,STERIS plc,06-08-24
2024,Q4,STE,STERIS plc,06-11-24
2025,Q1,STE,STERIS plc,05-02-25
2025,Q2,STE,STERIS plc,14-05-25
2025,Q3,STE,STERIS plc,06-08-25
2025,Q4,STE,STERIS plc,05-11-25
2020,Q1,STLD,"Steel Dynamics, Inc.",22-01-20
2020,Q2,STLD,"Steel Dynamics, Inc.",20-04-20
2020,Q3,STLD,"Steel Dynamics, Inc.",20-07-20
2020,Q4,STLD,"Steel Dynamics, Inc.",19-10-20
2021,Q1,STLD,"Steel Dynamics, Inc.",25-01-21
2021,Q2,STLD,"Steel Dynamics, Inc.",19-04-21
2021,Q3,STLD,"Steel Dynamics, Inc.",19-07-21
2021,Q4,STLD,"Steel Dynamics, Inc.",18-10-21
2022,Q1,STLD,"Steel Dynamics, Inc.",24-01-22
2022,Q2,STLD,"Steel Dynamics, Inc.",20-04-22
2022,Q3,STLD,"Steel Dynamics, Inc.",20-07-22
2022,Q4,STLD,"Steel Dynamics, Inc.",19-10-22
2023,Q1,STLD,"Steel Dynamics, Inc.",25-01-23
2023,Q2,STLD,"Steel Dynamics, Inc.",19-04-23
2023,Q3,STLD,"Steel Dynamics, Inc.",19-07-23
2023,Q4,STLD,"Steel Dynamics, Inc.",18-10-23
2024,Q1,STLD,"Steel Dynamics, Inc.",23-01-24
2024,Q2,STLD,"Steel Dynamics, Inc.",23-04-24
2024,Q3,STLD,"Steel Dynamics, Inc.",17-07-24
2024,Q4,STLD,"Steel Dynamics, Inc.",16-10-24
2025,Q1,STLD,"Steel Dynamics, Inc.",22-01-25
2025,Q2,STLD,"Steel Dynamics, Inc.",22-04-25
2025,Q3,STLD,"Steel Dynamics, Inc.",21-07-25
2025,Q4,STLD,"Steel Dynamics, Inc.",20-10-25
2020,Q1,STT,,17-01-20
2020,Q2,STT,,17-04-20
2020,Q3,STT,,17-07-20
2020,Q4,STT,,16-10-20
2021,Q1,STT,,19-01-21
2021,Q2,STT,,16-04-21
2021,Q3,STT,,16-07-21
2021,Q4,STT,,18-10-21
2022,Q1,STT,,19-01-22
2022,Q2,STT,,14-04-22
2022,Q3,STT,,15-07-22
2022,Q4,STT,,18-10-22
2023,Q1,STT,,20-01-23
2023,Q2,STT,,17-04-23
2023,Q3,STT,,14-07-23
2023,Q4,STT,,18-10-23
2024,Q1,STT,,19-01-24
2024,Q2,STT,,12-04-24
2024,Q3,STT,,16-07-24
2024,Q4,STT,,15-10-24
2025,Q1,STT,,17-01-25
2025,Q2,STT,,17-04-25
2025,Q3,STT,,15-07-25
2025,Q4,STT,,17-10-25
2020,Q1,STX,Seagate Technology Holdings PLC,04-02-20
2020,Q2,STX,Seagate Technology Holdings PLC,22-04-20
2020,Q3,STX,Seagate Technology Holdings PLC,28-07-20
2020,Q4,STX,Seagate Technology Holdings PLC,22-10-20
2021,Q1,STX,Seagate Technology Holdings PLC,21-01-21
2021,Q2,STX,Seagate Technology Holdings PLC,22-04-21
2021,Q3,STX,Seagate Technology Holdings PLC,21-07-21
2021,Q4,STX,Seagate Technology Holdings PLC,22-10-21
2022,Q1,STX,Seagate Technology Holdings PLC,26-01-22
2022,Q2,STX,Seagate Technology Holdings PLC,27-04-22
2022,Q3,STX,Seagate Technology Holdings PLC,21-07-22
2022,Q4,STX,Seagate Technology Holdings PLC,26-10-22
2023,Q1,STX,Seagate Technology Holdings PLC,25-01-23
2023,Q2,STX,Seagate Technology Holdings PLC,20-04-23
2023,Q3,STX,Seagate Technology Holdings PLC,26-07-23
2023,Q4,STX,Seagate Technology Holdings PLC,26-10-23
2024,Q1,STX,Seagate Technology Holdings PLC,24-01-24
2024,Q2,STX,Seagate Technology Holdings PLC,23-04-24
2024,Q3,STX,Seagate Technology Holdings PLC,23-07-24
2024,Q4,STX,Seagate Technology Holdings PLC,22-10-24
2025,Q1,STX,Seagate Technology Holdings PLC,21-01-25
2025,Q2,STX,Seagate Technology Holdings PLC,29-04-25
2025,Q3,STX,Seagate Technology Holdings PLC,29-07-25
2025,Q4,STX,Seagate Technology Holdings PLC,28-10-25
2020,Q1,STZ,Constellation Brands,08-01-20
2020,Q2,STZ,Constellation Brands,03-04-20
2020,Q3,STZ,Constellation Brands,01-07-20
2020,Q4,STZ,Constellation Brands,01-10-20
2021,Q1,STZ,Constellation Brands,07-01-21
2021,Q2,STZ,Constellation Brands,30-06-21
2021,Q3,STZ,Constellation Brands,Missing
2021,Q4,STZ,Constellation Brands,06-10-21
2022,Q1,STZ,Constellation Brands,06-01-22
2022,Q2,STZ,Constellation Brands,30-06-22
2022,Q3,STZ,Constellation Brands,Missing
2022,Q4,STZ,Constellation Brands,06-10-22
2023,Q1,STZ,Constellation Brands,05-01-23
2023,Q2,STZ,Constellation Brands,30-06-23
2023,Q3,STZ,Constellation Brands,Missing
2023,Q4,STZ,Constellation Brands,05-10-23
2024,Q1,STZ,Constellation Brands,05-01-24
2024,Q2,STZ,Constellation Brands,11-04-24
2024,Q3,STZ,Constellation Brands,03-07-24
2024,Q4,STZ,Constellation Brands,03-10-24
2025,Q1,STZ,Constellation Brands,10-01-25
2025,Q2,STZ,Constellation Brands,09-04-25
2025,Q3,STZ,Constellation Brands,01-07-25
2025,Q4,STZ,Constellation Brands,06-10-25
2020,Q1,SWK,"Stanley Black & Decker, Inc.",29-01-20
2020,Q2,SWK,"Stanley Black & Decker, Inc.",30-04-20
2020,Q3,SWK,"Stanley Black & Decker, Inc.",30-07-20
2020,Q4,SWK,"Stanley Black & Decker, Inc.",27-10-20
2021,Q1,SWK,"Stanley Black & Decker, Inc.",28-01-21
2021,Q2,SWK,"Stanley Black & Decker, Inc.",28-04-21
2021,Q3,SWK,"Stanley Black & Decker, Inc.",27-07-21
2021,Q4,SWK,"Stanley Black & Decker, Inc.",28-10-21
2022,Q1,SWK,"Stanley Black & Decker, Inc.",01-02-22
2022,Q2,SWK,"Stanley Black & Decker, Inc.",28-04-22
2022,Q3,SWK,"Stanley Black & Decker, Inc.",28-07-22
2022,Q4,SWK,"Stanley Black & Decker, Inc.",27-10-22
2023,Q1,SWK,"Stanley Black & Decker, Inc.",02-02-23
2023,Q2,SWK,"Stanley Black & Decker, Inc.",04-05-23
2023,Q3,SWK,"Stanley Black & Decker, Inc.",01-08-23
2023,Q4,SWK,"Stanley Black & Decker, Inc.",27-10-23
2024,Q1,SWK,"Stanley Black & Decker, Inc.",01-02-24
2024,Q2,SWK,"Stanley Black & Decker, Inc.",02-05-24
2024,Q3,SWK,"Stanley Black & Decker, Inc.",30-07-24
2024,Q4,SWK,"Stanley Black & Decker, Inc.",29-10-24
2025,Q1,SWK,"Stanley Black & Decker, Inc.",05-02-25
2025,Q2,SWK,"Stanley Black & Decker, Inc.",30-04-25
2025,Q3,SWK,"Stanley Black & Decker, Inc.",29-07-25
2025,Q4,SWK,"Stanley Black & Decker, Inc.",29-10-25
2020,Q1,SWKS,"Skyworks Solutions, Inc.",23-01-20
2020,Q2,SWKS,"Skyworks Solutions, Inc.",04-05-20
2020,Q3,SWKS,"Skyworks Solutions, Inc.",23-07-20
2020,Q4,SWKS,"Skyworks Solutions, Inc.",02-11-20
2021,Q1,SWKS,"Skyworks Solutions, Inc.",28-01-21
2021,Q2,SWKS,"Skyworks Solutions, Inc.",29-04-21
2021,Q3,SWKS,"Skyworks Solutions, Inc.",29-07-21
2021,Q4,SWKS,"Skyworks Solutions, Inc.",04-11-21
2022,Q1,SWKS,"Skyworks Solutions, Inc.",03-02-22
2022,Q2,SWKS,"Skyworks Solutions, Inc.",03-05-22
2022,Q3,SWKS,"Skyworks Solutions, Inc.",04-08-22
2022,Q4,SWKS,"Skyworks Solutions, Inc.",03-11-22
2023,Q1,SWKS,"Skyworks Solutions, Inc.",06-02-23
2023,Q2,SWKS,"Skyworks Solutions, Inc.",08-05-23
2023,Q3,SWKS,"Skyworks Solutions, Inc.",07-08-23
2023,Q4,SWKS,"Skyworks Solutions, Inc.",02-11-23
2024,Q1,SWKS,"Skyworks Solutions, Inc.",30-01-24
2024,Q2,SWKS,"Skyworks Solutions, Inc.",30-04-24
2024,Q3,SWKS,"Skyworks Solutions, Inc.",30-07-24
2024,Q4,SWKS,"Skyworks Solutions, Inc.",12-11-24
2025,Q1,SWKS,"Skyworks Solutions, Inc.",05-02-25
2025,Q2,SWKS,"Skyworks Solutions, Inc.",07-05-25
2025,Q3,SWKS,"Skyworks Solutions, Inc.",05-08-25
2025,Q4,SWKS,"Skyworks Solutions, Inc.",18-11-25
2020,Q1,SYF,,24-01-20
2020,Q2,SYF,,21-04-20
2020,Q3,SYF,,21-07-20
2020,Q4,SYF,,20-10-20
2021,Q1,SYF,,29-01-21
2021,Q2,SYF,,27-04-21
2021,Q3,SYF,,20-07-21
2021,Q4,SYF,,19-10-21
2022,Q1,SYF,,28-01-22
2022,Q2,SYF,,18-04-22
2022,Q3,SYF,,18-07-22
2022,Q4,SYF,,25-10-22
2023,Q1,SYF,,23-01-23
2023,Q2,SYF,,19-04-23
2023,Q3,SYF,,18-07-23
2023,Q4,SYF,,24-10-23
2024,Q1,SYF,,23-01-24
2024,Q2,SYF,,24-04-24
2024,Q3,SYF,,17-07-24
2024,Q4,SYF,,16-10-24
2025,Q1,SYF,,28-01-25
2025,Q2,SYF,,22-04-25
2025,Q3,SYF,,22-07-25
2025,Q4,SYF,,15-10-25
2020,Q1,SYK,Stryker Corporation,28-01-20
2020,Q2,SYK,Stryker Corporation,30-04-20
2020,Q3,SYK,Stryker Corporation,30-07-20
2020,Q4,SYK,Stryker Corporation,29-10-20
2021,Q1,SYK,Stryker Corporation,27-01-21
2021,Q2,SYK,Stryker Corporation,27-04-21
2021,Q3,SYK,Stryker Corporation,27-07-21
2021,Q4,SYK,Stryker Corporation,28-10-21
2022,Q1,SYK,Stryker Corporation,27-01-22
2022,Q2,SYK,Stryker Corporation,28-04-22
2022,Q3,SYK,Stryker Corporation,26-07-22
2022,Q4,SYK,Stryker Corporation,31-10-22
2023,Q1,SYK,Stryker Corporation,31-01-23
2023,Q2,SYK,Stryker Corporation,01-05-23
2023,Q3,SYK,Stryker Corporation,03-08-23
2023,Q4,SYK,Stryker Corporation,02-11-23
2024,Q1,SYK,Stryker Corporation,30-01-24
2024,Q2,SYK,Stryker Corporation,30-04-24
2024,Q3,SYK,Stryker Corporation,30-07-24
2024,Q4,SYK,Stryker Corporation,29-10-24
2025,Q1,SYK,Stryker Corporation,28-01-25
2025,Q2,SYK,Stryker Corporation,01-05-25
2025,Q3,SYK,Stryker Corporation,31-07-25
2025,Q4,SYK,Stryker Corporation,28-10-25
2020,Q1,SYY,,03-02-20
2020,Q2,SYY,,05-05-20
2020,Q3,SYY,,11-08-20
2020,Q4,SYY,,03-11-20
2021,Q1,SYY,,02-02-21
2021,Q2,SYY,,04-05-21
2021,Q3,SYY,,10-08-21
2021,Q4,SYY,,09-11-21
2022,Q1,SYY,,08-02-22
2022,Q2,SYY,,10-05-22
2022,Q3,SYY,,09-08-22
2022,Q4,SYY,,01-11-22
2023,Q1,SYY,,31-01-23
2023,Q2,SYY,,02-05-23
2023,Q3,SYY,,01-08-23
2023,Q4,SYY,,31-10-23
2024,Q1,SYY,,30-01-24
2024,Q2,SYY,,30-04-24
2024,Q3,SYY,,30-07-24
2024,Q4,SYY,,29-10-24
2025,Q1,SYY,,28-01-25
2025,Q2,SYY,,29-04-25
2025,Q3,SYY,,29-07-25
2025,Q4,SYY,,28-10-25
2020,Q1,TAP,,12-02-20
2020,Q2,TAP,,30-04-20
2020,Q3,TAP,,30-07-20
2020,Q4,TAP,,29-10-20
2021,Q1,TAP,,11-02-21
2021,Q2,TAP,,29-04-21
2021,Q3,TAP,,29-07-21
2021,Q4,TAP,,28-10-21
2022,Q1,TAP,,23-02-22
2022,Q2,TAP,,03-05-22
2022,Q3,TAP,,02-08-22
2022,Q4,TAP,,01-11-22
2023,Q1,TAP,,21-02-23
2023,Q2,TAP,,02-05-23
2023,Q3,TAP,,01-08-23
2023,Q4,TAP,,02-11-23
2024,Q1,TAP,,13-02-24
2024,Q2,TAP,,30-04-24
2024,Q3,TAP,,06-08-24
2024,Q4,TAP,,07-11-24
2025,Q1,TAP,,13-02-25
2025,Q2,TAP,,08-05-25
2025,Q3,TAP,,05-08-25
2025,Q4,TAP,,06-11-25
2020,Q1,TDY,,22-01-20
2020,Q2,TDY,,22-04-20
2020,Q3,TDY,,22-07-20
2020,Q4,TDY,,21-10-20
2021,Q1,TDY,,27-01-21
2021,Q2,TDY,,28-04-21
2021,Q3,TDY,,28-07-21
2021,Q4,TDY,,27-10-21
2022,Q1,TDY,,27-01-22
2022,Q2,TDY,,27-04-22
2022,Q3,TDY,,27-07-22
2022,Q4,TDY,,26-10-22
2023,Q1,TDY,,25-01-23
2023,Q2,TDY,,26-04-23
2023,Q3,TDY,,26-07-23
2023,Q4,TDY,,25-10-23
2024,Q1,TDY,,24-01-24
2024,Q2,TDY,,24-04-24
2024,Q3,TDY,,24-07-24
2024,Q4,TDY,,23-10-24
2025,Q1,TDY,,22-01-25
2025,Q2,TDY,,23-04-25
2025,Q3,TDY,,23-07-25
2025,Q4,TDY,,22-10-25
2020,Q1,TECH,,04-02-20
2020,Q2,TECH,,30-04-20
2020,Q3,TECH,,04-08-20
2020,Q4,TECH,,05-11-20
2021,Q1,TECH,,02-02-21
2021,Q2,TECH,,06-05-21
2021,Q3,TECH,,05-08-21
2021,Q4,TECH,,02-11-21
2022,Q1,TECH,,01-02-22
2022,Q2,TECH,,04-05-22
2022,Q3,TECH,,04-08-22
2022,Q4,TECH,,01-11-22
2023,Q1,TECH,,02-02-23
2023,Q2,TECH,,03-05-23
2023,Q3,TECH,,08-08-23
2023,Q4,TECH,,31-10-23
2024,Q1,TECH,,01-02-24
2024,Q2,TECH,,01-05-24
2024,Q3,TECH,,07-08-24
2024,Q4,TECH,,30-10-24
2025,Q1,TECH,,05-02-25
2025,Q2,TECH,,07-05-25
2025,Q3,TECH,,06-08-25
2025,Q4,TECH,,05-11-25
2020,Q1,TEL,,29-01-20
2020,Q2,TEL,,28-04-20
2020,Q3,TEL,,29-07-20
2020,Q4,TEL,,28-10-20
2021,Q1,TEL,,27-01-21
2021,Q2,TEL,,21-04-21
2021,Q3,TEL,,28-07-21
2021,Q4,TEL,,27-10-21
2022,Q1,TEL,,26-01-22
2022,Q2,TEL,,27-04-22
2022,Q3,TEL,,27-07-22
2022,Q4,TEL,,02-11-22
2023,Q1,TEL,,25-01-23
2023,Q2,TEL,,26-04-23
2023,Q3,TEL,,26-07-23
2023,Q4,TEL,,01-11-23
2024,Q1,TEL,,24-01-24
2024,Q2,TEL,,24-04-24
2024,Q3,TEL,,24-07-24
2024,Q4,TEL,,30-10-24
2025,Q1,TEL,,22-01-25
2025,Q2,TEL,,23-04-25
2025,Q3,TEL,,23-07-25
2025,Q4,TEL,,29-10-25
2020,Q1,TER,,22-01-20
2020,Q2,TER,,21-04-20
2020,Q3,TER,,21-07-20
2020,Q4,TER,,20-10-20
2021,Q1,TER,,27-01-21
2021,Q2,TER,,27-04-21
2021,Q3,TER,,27-07-21
2021,Q4,TER,,26-10-21
2022,Q1,TER,,26-01-22
2022,Q2,TER,,26-04-22
2022,Q3,TER,,26-07-22
2022,Q4,TER,,25-10-22
2023,Q1,TER,,25-01-23
2023,Q2,TER,,26-04-23
2023,Q3,TER,,26-07-23
2023,Q4,TER,,26-10-23
2024,Q1,TER,,30-01-24
2024,Q2,TER,,24-04-24
2024,Q3,TER,,24-07-24
2024,Q4,TER,,23-10-24
2025,Q1,TER,,29-01-25
2025,Q2,TER,,28-04-25
2025,Q3,TER,,29-07-25
2025,Q4,TER,,22-10-25
2020,Q1,TFC,Truist Financial Corporation,30-01-20
2020,Q2,TFC,Truist Financial Corporation,20-04-20
2020,Q3,TFC,Truist Financial Corporation,16-07-20
2020,Q4,TFC,Truist Financial Corporation,15-10-20
2021,Q1,TFC,Truist Financial Corporation,21-01-21
2021,Q2,TFC,Truist Financial Corporation,15-04-21
2021,Q3,TFC,Truist Financial Corporation,15-07-21
2021,Q4,TFC,Truist Financial Corporation,15-10-21
2022,Q1,TFC,Truist Financial Corporation,18-01-22
2022,Q2,TFC,Truist Financial Corporation,19-04-22
2022,Q3,TFC,Truist Financial Corporation,19-07-22
2022,Q4,TFC,Truist Financial Corporation,18-10-22
2023,Q1,TFC,Truist Financial Corporation,19-01-23
2023,Q2,TFC,Truist Financial Corporation,20-04-23
2023,Q3,TFC,Truist Financial Corporation,20-07-23
2023,Q4,TFC,Truist Financial Corporation,19-10-23
2024,Q1,TFC,Truist Financial Corporation,18-01-24
2024,Q2,TFC,Truist Financial Corporation,22-04-24
2024,Q3,TFC,Truist Financial Corporation,22-07-24
2024,Q4,TFC,Truist Financial Corporation,17-10-24
2025,Q1,TFC,Truist Financial Corporation,17-01-25
2025,Q2,TFC,Truist Financial Corporation,17-04-25
2025,Q3,TFC,Truist Financial Corporation,18-07-25
2025,Q4,TFC,Truist Financial Corporation,17-10-25
2020,Q1,TFX,,20-02-20
2020,Q2,TFX,,30-04-20
2020,Q3,TFX,,30-07-20
2020,Q4,TFX,,29-10-20
2021,Q1,TFX,,25-02-21
2021,Q2,TFX,,29-04-21
2021,Q3,TFX,,29-07-21
2021,Q4,TFX,,28-10-21
2022,Q1,TFX,,24-02-22
2022,Q2,TFX,,28-04-22
2022,Q3,TFX,,28-07-22
2022,Q4,TFX,,27-10-22
2023,Q1,TFX,,23-02-23
2023,Q2,TFX,,04-05-23
2023,Q3,TFX,,03-08-23
2023,Q4,TFX,,02-11-23
2024,Q1,TFX,,22-02-24
2024,Q2,TFX,,02-05-24
2024,Q3,TFX,,01-08-24
2024,Q4,TFX,,31-10-24
2025,Q1,TFX,,27-02-25
2025,Q2,TFX,,01-05-25
2025,Q3,TFX,,31-07-25
2025,Q4,TFX,,30-10-25
2020,Q1,TGT,,03-03-20
2020,Q2,TGT,,20-05-20
2020,Q3,TGT,,19-08-20
2020,Q4,TGT,,18-11-20
2021,Q1,TGT,,02-03-21
2021,Q2,TGT,,19-05-21
2021,Q3,TGT,,18-08-21
2021,Q4,TGT,,17-11-21
2022,Q1,TGT,,01-03-22
2022,Q2,TGT,,18-05-22
2022,Q3,TGT,,17-08-22
2022,Q4,TGT,,16-11-22
2023,Q1,TGT,,28-02-23
2023,Q2,TGT,,17-05-23
2023,Q3,TGT,,16-08-23
2023,Q4,TGT,,15-11-23
2024,Q1,TGT,,05-03-24
2024,Q2,TGT,,22-05-24
2024,Q3,TGT,,21-08-24
2024,Q4,TGT,,20-11-24
2025,Q1,TGT,,04-03-25
2025,Q2,TGT,,21-05-25
2025,Q3,TGT,,20-08-25
2025,Q4,TGT,,19-11-25
2020,Q1,TJX,,26-02-20
2020,Q2,TJX,,21-05-20
2020,Q3,TJX,,19-08-20
2020,Q4,TJX,,18-11-20
2021,Q1,TJX,,24-02-21
2021,Q2,TJX,,19-05-21
2021,Q3,TJX,,18-08-21
2021,Q4,TJX,,17-11-21
2022,Q1,TJX,,23-02-22
2022,Q2,TJX,,18-05-22
2022,Q3,TJX,,17-08-22
2022,Q4,TJX,,16-11-22
2023,Q1,TJX,,22-02-23
2023,Q2,TJX,,17-05-23
2023,Q3,TJX,,16-08-23
2023,Q4,TJX,,15-11-23
2024,Q1,TJX,,28-02-24
2024,Q2,TJX,,22-05-24
2024,Q3,TJX,,21-08-24
2024,Q4,TJX,,20-11-24
2025,Q1,TJX,,26-02-25
2025,Q2,TJX,,21-05-25
2025,Q3,TJX,,20-08-25
2025,Q4,TJX,,19-11-25
2020,Q1,TMO,,30-01-20
2020,Q2,TMO,,22-04-20
2020,Q3,TMO,,22-07-20
2020,Q4,TMO,,21-10-20
2021,Q1,TMO,,01-02-21
2021,Q2,TMO,,29-04-21
2021,Q3,TMO,,28-07-21
2021,Q4,TMO,,27-10-21
2022,Q1,TMO,,02-02-22
2022,Q2,TMO,,28-04-22
2022,Q3,TMO,,28-07-22
2022,Q4,TMO,,26-10-22
2023,Q1,TMO,,01-02-23
2023,Q2,TMO,,26-04-23
2023,Q3,TMO,,26-07-23
2023,Q4,TMO,,25-10-23
2024,Q1,TMO,,31-01-24
2024,Q2,TMO,,24-04-24
2024,Q3,TMO,,24-07-24
2024,Q4,TMO,,23-10-24
2025,Q1,TMO,,30-01-25
2025,Q2,TMO,,23-04-25
2025,Q3,TMO,,23-07-25
2025,Q4,TMO,,22-10-25
2020,Q1,TMUS,,06-02-20
2020,Q2,TMUS,,06-05-20
2020,Q3,TMUS,,06-08-20
2020,Q4,TMUS,,05-11-20
2021,Q1,TMUS,,04-02-21
2021,Q2,TMUS,,04-05-21
2021,Q3,TMUS,,29-07-21
2021,Q4,TMUS,,02-11-21
2022,Q1,TMUS,,01-02-22
2022,Q2,TMUS,,27-04-22
2022,Q3,TMUS,,27-07-22
2022,Q4,TMUS,,27-10-22
2023,Q1,TMUS,,01-02-23
2023,Q2,TMUS,,27-04-23
2023,Q3,TMUS,,27-07-23
2023,Q4,TMUS,,25-10-23
2024,Q1,TMUS,,25-01-24
2024,Q2,TMUS,,26-04-24
2024,Q3,TMUS,,31-07-24
2024,Q4,TMUS,,23-10-24
2025,Q1,TMUS,,29-01-25
2025,Q2,TMUS,,24-04-25
2025,Q3,TMUS,,23-07-25
2025,Q4,TMUS,,23-10-25
2020,Q1,TPR,,06-02-20
2020,Q2,TPR,,30-04-20
2020,Q3,TPR,,13-08-20
2020,Q4,TPR,,29-10-20
2021,Q1,TPR,,04-02-21
2021,Q2,TPR,,06-05-21
2021,Q3,TPR,,19-08-21
2021,Q4,TPR,,11-11-21
2022,Q1,TPR,,10-02-22
2022,Q2,TPR,,12-05-22
2022,Q3,TPR,,18-08-22
2022,Q4,TPR,,10-11-22
2023,Q1,TPR,,09-02-23
2023,Q2,TPR,,11-05-23
2023,Q3,TPR,,17-08-23
2023,Q4,TPR,,09-11-23
2024,Q1,TPR,,08-02-24
2024,Q2,TPR,,09-05-24
2024,Q3,TPR,,15-08-24
2024,Q4,TPR,,Missing
2025,Q1,TPR,,06-02-25
2025,Q2,TPR,,08-05-25
2025,Q3,TPR,,14-08-25
2025,Q4,TPR,,06-11-25
2020,Q1,TRGP,Targa Resources Corp.,20-02-20
2020,Q2,TRGP,Targa Resources Corp.,07-05-20
2020,Q3,TRGP,Targa Resources Corp.,06-08-20
2020,Q4,TRGP,Targa Resources Corp.,05-11-20
2021,Q1,TRGP,Targa Resources Corp.,18-02-21
2021,Q2,TRGP,Targa Resources Corp.,06-05-21
2021,Q3,TRGP,Targa Resources Corp.,05-08-21
2021,Q4,TRGP,Targa Resources Corp.,04-11-21
2022,Q1,TRGP,Targa Resources Corp.,24-02-22
2022,Q2,TRGP,Targa Resources Corp.,05-05-22
2022,Q3,TRGP,Targa Resources Corp.,04-08-22
2022,Q4,TRGP,Targa Resources Corp.,03-11-22
2023,Q1,TRGP,Targa Resources Corp.,22-02-23
2023,Q2,TRGP,Targa Resources Corp.,04-05-23
2023,Q3,TRGP,Targa Resources Corp.,03-08-23
2023,Q4,TRGP,Targa Resources Corp.,02-11-23
2024,Q1,TRGP,Targa Resources Corp.,15-02-24
2024,Q2,TRGP,Targa Resources Corp.,02-05-24
2024,Q3,TRGP,Targa Resources Corp.,01-08-24
2024,Q4,TRGP,Targa Resources Corp.,05-11-24
2025,Q1,TRGP,Targa Resources Corp.,20-02-25
2025,Q2,TRGP,Targa Resources Corp.,01-05-25
2025,Q3,TRGP,Targa Resources Corp.,07-08-25
2025,Q4,TRGP,Targa Resources Corp.,10-11-25
2020,Q1,TRMB,,12-02-20
2020,Q2,TRMB,,06-05-20
2020,Q3,TRMB,,05-08-20
2020,Q4,TRMB,,04-11-20
2021,Q1,TRMB,,10-02-21
2021,Q2,TRMB,,05-05-21
2021,Q3,TRMB,,04-08-21
2021,Q4,TRMB,,03-11-21
2022,Q1,TRMB,,09-02-22
2022,Q2,TRMB,,05-05-22
2022,Q3,TRMB,,05-08-22
2022,Q4,TRMB,,02-11-22
2023,Q1,TRMB,,08-02-23
2023,Q2,TRMB,,03-05-23
2023,Q3,TRMB,,03-08-23
2023,Q4,TRMB,,01-11-23
2024,Q1,TRMB,,12-02-24
2024,Q2,TRMB,,03-05-24
2024,Q3,TRMB,,06-08-24
2024,Q4,TRMB,,06-11-24
2025,Q1,TRMB,,19-02-25
2025,Q2,TRMB,,07-05-25
2025,Q3,TRMB,,06-08-25
2025,Q4,TRMB,,05-11-25
2020,Q1,TRV,,23-01-20
2020,Q2,TRV,,21-04-20
2020,Q3,TRV,,23-07-20
2020,Q4,TRV,,20-10-20
2021,Q1,TRV,,21-01-21
2021,Q2,TRV,,20-04-21
2021,Q3,TRV,,20-07-21
2021,Q4,TRV,,19-10-21
2022,Q1,TRV,,20-01-22
2022,Q2,TRV,,19-04-22
2022,Q3,TRV,,21-07-22
2022,Q4,TRV,,19-10-22
2023,Q1,TRV,,24-01-23
2023,Q2,TRV,,19-04-23
2023,Q3,TRV,,20-07-23
2023,Q4,TRV,,18-10-23
2024,Q1,TRV,,19-01-24
2024,Q2,TRV,,17-04-24
2024,Q3,TRV,,19-07-24
2024,Q4,TRV,,17-10-24
2025,Q1,TRV,,22-01-25
2025,Q2,TRV,,16-04-25
2025,Q3,TRV,,17-07-25
2025,Q4,TRV,,16-10-25
2020,Q1,TSCO,,30-01-20
2020,Q2,TSCO,,23-04-20
2020,Q3,TSCO,,23-07-20
2020,Q4,TSCO,,22-10-20
2021,Q1,TSCO,,28-01-21
2021,Q2,TSCO,,22-04-21
2021,Q3,TSCO,,19-07-21
2021,Q4,TSCO,,21-10-21
2022,Q1,TSCO,,27-01-22
2022,Q2,TSCO,,21-04-22
2022,Q3,TSCO,,21-07-22
2022,Q4,TSCO,,20-10-22
2023,Q1,TSCO,,26-01-23
2023,Q2,TSCO,,27-04-23
2023,Q3,TSCO,,27-07-23
2023,Q4,TSCO,,26-10-23
2024,Q1,TSCO,,01-02-24
2024,Q2,TSCO,,25-04-24
2024,Q3,TSCO,,25-07-24
2024,Q4,TSCO,,24-10-24
2025,Q1,TSCO,,30-01-25
2025,Q2,TSCO,,24-04-25
2025,Q3,TSCO,,24-07-25
2025,Q4,TSCO,,23-10-25
2020,Q1,TSLA,"Tesla, Inc.",29-01-20
2020,Q2,TSLA,"Tesla, Inc.",29-04-20
2020,Q3,TSLA,"Tesla, Inc.",22-07-20
2020,Q4,TSLA,"Tesla, Inc.",21-10-20
2021,Q1,TSLA,"Tesla, Inc.",27-01-21
2021,Q2,TSLA,"Tesla, Inc.",26-04-21
2021,Q3,TSLA,"Tesla, Inc.",26-07-21
2021,Q4,TSLA,"Tesla, Inc.",20-10-21
2022,Q1,TSLA,"Tesla, Inc.",26-01-22
2022,Q2,TSLA,"Tesla, Inc.",20-04-22
2022,Q3,TSLA,"Tesla, Inc.",20-07-22
2022,Q4,TSLA,"Tesla, Inc.",19-10-22
2023,Q1,TSLA,"Tesla, Inc.",25-01-23
2023,Q2,TSLA,"Tesla, Inc.",19-04-23
2023,Q3,TSLA,"Tesla, Inc.",19-07-23
2023,Q4,TSLA,"Tesla, Inc.",18-10-23
2024,Q1,TSLA,"Tesla, Inc.",24-01-24
2024,Q2,TSLA,"Tesla, Inc.",23-04-24
2024,Q3,TSLA,"Tesla, Inc.",23-07-24
2024,Q4,TSLA,"Tesla, Inc.",23-10-24
2025,Q1,TSLA,"Tesla, Inc.",29-01-25
2025,Q2,TSLA,"Tesla, Inc.",22-04-25
2025,Q3,TSLA,"Tesla, Inc.",23-07-25
2025,Q4,TSLA,"Tesla, Inc.",22-10-25
2020,Q1,TSN,"Tyson Foods, Inc.",06-02-20
2020,Q2,TSN,"Tyson Foods, Inc.",04-05-20
2020,Q3,TSN,"Tyson Foods, Inc.",03-08-20
2020,Q4,TSN,"Tyson Foods, Inc.",16-11-20
2021,Q1,TSN,"Tyson Foods, Inc.",11-02-21
2021,Q2,TSN,"Tyson Foods, Inc.",10-05-21
2021,Q3,TSN,"Tyson Foods, Inc.",09-08-21
2021,Q4,TSN,"Tyson Foods, Inc.",15-11-21
2022,Q1,TSN,"Tyson Foods, Inc.",07-02-22
2022,Q2,TSN,"Tyson Foods, Inc.",09-05-22
2022,Q3,TSN,"Tyson Foods, Inc.",08-08-22
2022,Q4,TSN,"Tyson Foods, Inc.",14-11-22
2023,Q1,TSN,"Tyson Foods, Inc.",06-02-23
2023,Q2,TSN,"Tyson Foods, Inc.",08-05-23
2023,Q3,TSN,"Tyson Foods, Inc.",07-08-23
2023,Q4,TSN,"Tyson Foods, Inc.",13-11-23
2024,Q1,TSN,"Tyson Foods, Inc.",05-02-24
2024,Q2,TSN,"Tyson Foods, Inc.",06-05-24
2024,Q3,TSN,"Tyson Foods, Inc.",05-08-24
2024,Q4,TSN,"Tyson Foods, Inc.",12-11-24
2025,Q1,TSN,"Tyson Foods, Inc.",03-02-25
2025,Q2,TSN,"Tyson Foods, Inc.",05-05-25
2025,Q3,TSN,"Tyson Foods, Inc.",04-08-25
2025,Q4,TSN,"Tyson Foods, Inc.",11-11-25
2020,Q1,TT,Trane Technologies plc,29-01-20
2020,Q2,TT,Trane Technologies plc,05-05-20
2020,Q3,TT,Trane Technologies plc,29-07-20
2020,Q4,TT,Trane Technologies plc,28-10-20
2021,Q1,TT,Trane Technologies plc,05-02-21
2021,Q2,TT,Trane Technologies plc,05-05-21
2021,Q3,TT,Trane Technologies plc,04-08-21
2021,Q4,TT,Trane Technologies plc,03-11-21
2022,Q1,TT,Trane Technologies plc,31-01-22
2022,Q2,TT,Trane Technologies plc,04-05-22
2022,Q3,TT,Trane Technologies plc,03-08-22
2022,Q4,TT,Trane Technologies plc,02-11-22
2023,Q1,TT,Trane Technologies plc,02-02-23
2023,Q2,TT,Trane Technologies plc,03-05-23
2023,Q3,TT,Trane Technologies plc,02-08-23
2023,Q4,TT,Trane Technologies plc,01-11-23
2024,Q1,TT,Trane Technologies plc,01-02-24
2024,Q2,TT,Trane Technologies plc,30-04-24
2024,Q3,TT,Trane Technologies plc,31-07-24
2024,Q4,TT,Trane Technologies plc,30-10-24
2025,Q1,TT,Trane Technologies plc,30-01-25
2025,Q2,TT,Trane Technologies plc,30-04-25
2025,Q3,TT,Trane Technologies plc,30-07-25
2025,Q4,TT,Trane Technologies plc,29-10-25
2020,Q1,TTWO,"Take-Two Interactive Software, Inc.",06-02-20
2020,Q2,TTWO,"Take-Two Interactive Software, Inc.",20-05-20
2020,Q3,TTWO,"Take-Two Interactive Software, Inc.",03-08-20
2020,Q4,TTWO,"Take-Two Interactive Software, Inc.",05-11-20
2021,Q1,TTWO,"Take-Two Interactive Software, Inc.",08-02-21
2021,Q2,TTWO,"Take-Two Interactive Software, Inc.",18-05-21
2021,Q3,TTWO,"Take-Two Interactive Software, Inc.",02-08-21
2021,Q4,TTWO,"Take-Two Interactive Software, Inc.",03-11-21
2022,Q1,TTWO,"Take-Two Interactive Software, Inc.",07-02-22
2022,Q2,TTWO,"Take-Two Interactive Software, Inc.",16-05-22
2022,Q3,TTWO,"Take-Two Interactive Software, Inc.",08-08-22
2022,Q4,TTWO,"Take-Two Interactive Software, Inc.",07-11-22
2023,Q1,TTWO,"Take-Two Interactive Software, Inc.",06-02-23
2023,Q2,TTWO,"Take-Two Interactive Software, Inc.",17-05-23
2023,Q3,TTWO,"Take-Two Interactive Software, Inc.",08-08-23
2023,Q4,TTWO,"Take-Two Interactive Software, Inc.",08-11-23
2024,Q1,TTWO,"Take-Two Interactive Software, Inc.",08-02-24
2024,Q2,TTWO,"Take-Two Interactive Software, Inc.",16-05-24
2024,Q3,TTWO,"Take-Two Interactive Software, Inc.",08-08-24
2024,Q4,TTWO,"Take-Two Interactive Software, Inc.",06-11-24
2025,Q1,TTWO,"Take-Two Interactive Software, Inc.",06-02-25
2025,Q2,TTWO,"Take-Two Interactive Software, Inc.",15-05-25
2025,Q3,TTWO,"Take-Two Interactive Software, Inc.",07-08-25
2025,Q4,TTWO,"Take-Two Interactive Software, Inc.",05-11-25
2020,Q1,TYL,"Tyler Technologies, Inc.",12-02-20
2020,Q2,TYL,"Tyler Technologies, Inc.",29-04-20
2020,Q3,TYL,"Tyler Technologies, Inc.",29-07-20
2020,Q4,TYL,"Tyler Technologies, Inc.",04-11-20
2021,Q1,TYL,"Tyler Technologies, Inc.",10-02-21
2021,Q2,TYL,"Tyler Technologies, Inc.",28-04-21
2021,Q3,TYL,"Tyler Technologies, Inc.",28-07-21
2021,Q4,TYL,"Tyler Technologies, Inc.",27-10-21
2022,Q1,TYL,"Tyler Technologies, Inc.",16-02-22
2022,Q2,TYL,"Tyler Technologies, Inc.",27-04-22
2022,Q3,TYL,"Tyler Technologies, Inc.",27-07-22
2022,Q4,TYL,"Tyler Technologies, Inc.",26-10-22
2023,Q1,TYL,"Tyler Technologies, Inc.",15-02-23
2023,Q2,TYL,"Tyler Technologies, Inc.",26-04-23
2023,Q3,TYL,"Tyler Technologies, Inc.",26-07-23
2023,Q4,TYL,"Tyler Technologies, Inc.",01-11-23
2024,Q1,TYL,"Tyler Technologies, Inc.",14-02-24
2024,Q2,TYL,"Tyler Technologies, Inc.",24-04-24
2024,Q3,TYL,"Tyler Technologies, Inc.",24-07-24
2024,Q4,TYL,"Tyler Technologies, Inc.",23-10-24
2025,Q1,TYL,"Tyler Technologies, Inc.",12-02-25
2025,Q2,TYL,"Tyler Technologies, Inc.",23-04-25
2025,Q3,TYL,"Tyler Technologies, Inc.",30-07-25
2025,Q4,TYL,"Tyler Technologies, Inc.",29-10-25
2020,Q1,UAL,,21-01-20
2020,Q2,UAL,,30-04-20
2020,Q3,UAL,,21-07-20
2020,Q4,UAL,,14-10-20
2021,Q1,UAL,,20-01-21
2021,Q2,UAL,,19-04-21
2021,Q3,UAL,,20-07-21
2021,Q4,UAL,,19-10-21
2022,Q1,UAL,,19-01-22
2022,Q2,UAL,,20-04-22
2022,Q3,UAL,,20-07-22
2022,Q4,UAL,,18-10-22
2023,Q1,UAL,,17-01-23
2023,Q2,UAL,,18-04-23
2023,Q3,UAL,,19-07-23
2023,Q4,UAL,,17-10-23
2024,Q1,UAL,,22-01-24
2024,Q2,UAL,,16-04-24
2024,Q3,UAL,,17-07-24
2024,Q4,UAL,,15-10-24
2025,Q1,UAL,,21-01-25
2025,Q2,UAL,,15-04-25
2025,Q3,UAL,,16-07-25
2025,Q4,UAL,,14-10-25
2020,Q1,UDR,,11-02-20
2020,Q2,UDR,,06-05-20
2020,Q3,UDR,,28-07-20
2020,Q4,UDR,,29-10-20
2021,Q1,UDR,,09-02-21
2021,Q2,UDR,,27-04-21
2021,Q3,UDR,,28-07-21
2021,Q4,UDR,,26-10-21
2022,Q1,UDR,,08-02-22
2022,Q2,UDR,,26-04-22
2022,Q3,UDR,,26-07-22
2022,Q4,UDR,,26-10-22
2023,Q1,UDR,,06-02-23
2023,Q2,UDR,,26-04-23
2023,Q3,UDR,,26-07-23
2023,Q4,UDR,,26-10-23
2024,Q1,UDR,,06-02-24
2024,Q2,UDR,,30-04-24
2024,Q3,UDR,,30-07-24
2024,Q4,UDR,,30-10-24
2025,Q1,UDR,,05-02-25
2025,Q2,UDR,,30-04-25
2025,Q3,UDR,,30-07-25
2025,Q4,UDR,,29-10-25
2020,Q1,UHS,,26-02-20
2020,Q2,UHS,,27-04-20
2020,Q3,UHS,,27-07-20
2020,Q4,UHS,,29-10-20
2021,Q1,UHS,,25-02-21
2021,Q2,UHS,,26-04-21
2021,Q3,UHS,,26-07-21
2021,Q4,UHS,,25-10-21
2022,Q1,UHS,,24-02-22
2022,Q2,UHS,,25-04-22
2022,Q3,UHS,,25-07-22
2022,Q4,UHS,,25-10-22
2023,Q1,UHS,,27-02-23
2023,Q2,UHS,,25-04-23
2023,Q3,UHS,,25-07-23
2023,Q4,UHS,,25-10-23
2024,Q1,UHS,,27-02-24
2024,Q2,UHS,,24-04-24
2024,Q3,UHS,,24-07-24
2024,Q4,UHS,,24-10-24
2025,Q1,UHS,,26-02-25
2025,Q2,UHS,,28-04-25
2025,Q3,UHS,,28-07-25
2025,Q4,UHS,,23-10-25
2020,Q1,ULTA,"Ulta Beauty, Inc.",12-03-20
2020,Q2,ULTA,"Ulta Beauty, Inc.",28-05-20
2020,Q3,ULTA,"Ulta Beauty, Inc.",27-08-20
2020,Q4,ULTA,"Ulta Beauty, Inc.",03-12-20
2021,Q1,ULTA,"Ulta Beauty, Inc.",11-03-21
2021,Q2,ULTA,"Ulta Beauty, Inc.",27-05-21
2021,Q3,ULTA,"Ulta Beauty, Inc.",25-08-21
2021,Q4,ULTA,"Ulta Beauty, Inc.",02-12-21
2022,Q1,ULTA,"Ulta Beauty, Inc.",10-03-22
2022,Q2,ULTA,"Ulta Beauty, Inc.",26-05-22
2022,Q3,ULTA,"Ulta Beauty, Inc.",25-08-22
2022,Q4,ULTA,"Ulta Beauty, Inc.",01-12-22
2023,Q1,ULTA,"Ulta Beauty, Inc.",09-03-23
2023,Q2,ULTA,"Ulta Beauty, Inc.",25-05-23
2023,Q3,ULTA,"Ulta Beauty, Inc.",24-08-23
2023,Q4,ULTA,"Ulta Beauty, Inc.",30-11-23
2024,Q1,ULTA,"Ulta Beauty, Inc.",14-03-24
2024,Q2,ULTA,"Ulta Beauty, Inc.",30-05-24
2024,Q3,ULTA,"Ulta Beauty, Inc.",29-08-24
2024,Q4,ULTA,"Ulta Beauty, Inc.",05-12-24
2025,Q1,ULTA,"Ulta Beauty, Inc.",13-03-25
2025,Q2,ULTA,"Ulta Beauty, Inc.",29-05-25
2025,Q3,ULTA,"Ulta Beauty, Inc.",28-08-25
2025,Q4,ULTA,"Ulta Beauty, Inc.",04-12-25
2020,Q1,UNH,UnitedHealth Group Incorporated,15-01-20
2020,Q2,UNH,UnitedHealth Group Incorporated,15-04-20
2020,Q3,UNH,UnitedHealth Group Incorporated,15-07-20
2020,Q4,UNH,UnitedHealth Group Incorporated,14-10-20
2021,Q1,UNH,UnitedHealth Group Incorporated,20-01-21
2021,Q2,UNH,UnitedHealth Group Incorporated,15-04-21
2021,Q3,UNH,UnitedHealth Group Incorporated,15-07-21
2021,Q4,UNH,UnitedHealth Group Incorporated,14-10-21
2022,Q1,UNH,UnitedHealth Group Incorporated,19-01-22
2022,Q2,UNH,UnitedHealth Group Incorporated,14-04-22
2022,Q3,UNH,UnitedHealth Group Incorporated,15-07-22
2022,Q4,UNH,UnitedHealth Group Incorporated,14-10-22
2023,Q1,UNH,UnitedHealth Group Incorporated,13-01-23
2023,Q2,UNH,UnitedHealth Group Incorporated,14-04-23
2023,Q3,UNH,UnitedHealth Group Incorporated,14-07-23
2023,Q4,UNH,UnitedHealth Group Incorporated,13-10-23
2024,Q1,UNH,UnitedHealth Group Incorporated,12-01-24
2024,Q2,UNH,UnitedHealth Group Incorporated,16-04-24
2024,Q3,UNH,UnitedHealth Group Incorporated,16-07-24
2024,Q4,UNH,UnitedHealth Group Incorporated,15-10-24
2025,Q1,UNH,UnitedHealth Group Incorporated,16-01-25
2025,Q2,UNH,UnitedHealth Group Incorporated,17-04-25
2025,Q3,UNH,UnitedHealth Group Incorporated,29-07-25
2025,Q4,UNH,UnitedHealth Group Incorporated,28-10-25
2020,Q1,UNP,Union Pacific Corporation,23-01-20
2020,Q2,UNP,Union Pacific Corporation,23-04-20
2020,Q3,UNP,Union Pacific Corporation,23-07-20
2020,Q4,UNP,Union Pacific Corporation,22-10-20
2021,Q1,UNP,Union Pacific Corporation,21-01-21
2021,Q2,UNP,Union Pacific Corporation,22-04-21
2021,Q3,UNP,Union Pacific Corporation,22-07-21
2021,Q4,UNP,Union Pacific Corporation,21-10-21
2022,Q1,UNP,Union Pacific Corporation,20-01-22
2022,Q2,UNP,Union Pacific Corporation,21-04-22
2022,Q3,UNP,Union Pacific Corporation,21-07-22
2022,Q4,UNP,Union Pacific Corporation,20-10-22
2023,Q1,UNP,Union Pacific Corporation,24-01-23
2023,Q2,UNP,Union Pacific Corporation,20-04-23
2023,Q3,UNP,Union Pacific Corporation,26-07-23
2023,Q4,UNP,Union Pacific Corporation,19-10-23
2024,Q1,UNP,Union Pacific Corporation,25-01-24
2024,Q2,UNP,Union Pacific Corporation,25-04-24
2024,Q3,UNP,Union Pacific Corporation,25-07-24
2024,Q4,UNP,Union Pacific Corporation,24-10-24
2025,Q1,UNP,Union Pacific Corporation,23-01-25
2025,Q2,UNP,Union Pacific Corporation,24-04-25
2025,Q3,UNP,Union Pacific Corporation,24-07-25
2025,Q4,UNP,Union Pacific Corporation,23-10-25
2020,Q1,UPS,"United Parcel Service, Inc.",30-01-20
2020,Q2,UPS,"United Parcel Service, Inc.",28-04-20
2020,Q3,UPS,"United Parcel Service, Inc.",30-07-20
2020,Q4,UPS,"United Parcel Service, Inc.",28-10-20
2021,Q1,UPS,"United Parcel Service, Inc.",02-02-21
2021,Q2,UPS,"United Parcel Service, Inc.",27-04-21
2021,Q3,UPS,"United Parcel Service, Inc.",27-07-21
2021,Q4,UPS,"United Parcel Service, Inc.",26-10-21
2022,Q1,UPS,"United Parcel Service, Inc.",01-02-22
2022,Q2,UPS,"United Parcel Service, Inc.",26-04-22
2022,Q3,UPS,"United Parcel Service, Inc.",26-07-22
2022,Q4,UPS,"United Parcel Service, Inc.",25-10-22
2023,Q1,UPS,"United Parcel Service, Inc.",31-01-23
2023,Q2,UPS,"United Parcel Service, Inc.",25-04-23
2023,Q3,UPS,"United Parcel Service, Inc.",08-08-23
2023,Q4,UPS,"United Parcel Service, Inc.",26-10-23
2024,Q1,UPS,"United Parcel Service, Inc.",30-01-24
2024,Q2,UPS,"United Parcel Service, Inc.",23-04-24
2024,Q3,UPS,"United Parcel Service, Inc.",23-07-24
2024,Q4,UPS,"United Parcel Service, Inc.",24-10-24
2025,Q1,UPS,"United Parcel Service, Inc.",30-01-25
2025,Q2,UPS,"United Parcel Service, Inc.",29-04-25
2025,Q3,UPS,"United Parcel Service, Inc.",29-07-25
2025,Q4,UPS,"United Parcel Service, Inc.",28-10-25
2020,Q1,URI,,29-01-20
2020,Q2,URI,,29-04-20
2020,Q3,URI,,29-07-20
2020,Q4,URI,,28-10-20
2021,Q1,URI,,27-01-21
2021,Q2,URI,,28-04-21
2021,Q3,URI,,28-07-21
2021,Q4,URI,,27-10-21
2022,Q1,URI,,26-01-22
2022,Q2,URI,,27-04-22
2022,Q3,URI,,27-07-22
2022,Q4,URI,,26-10-22
2023,Q1,URI,,25-01-23
2023,Q2,URI,,26-04-23
2023,Q3,URI,,26-07-23
2023,Q4,URI,,25-10-23
2024,Q1,URI,,24-01-24
2024,Q2,URI,,24-04-24
2024,Q3,URI,,24-07-24
2024,Q4,URI,,23-10-24
2025,Q1,URI,,29-01-25
2025,Q2,URI,,23-04-25
2025,Q3,URI,,23-07-25
2025,Q4,URI,,29-10-25
2020,Q1,USB,U.S. Bancorp,15-01-20
2020,Q2,USB,U.S. Bancorp,15-04-20
2020,Q3,USB,U.S. Bancorp,15-07-20
2020,Q4,USB,U.S. Bancorp,14-10-20
2021,Q1,USB,U.S. Bancorp,20-01-21
2021,Q2,USB,U.S. Bancorp,15-04-21
2021,Q3,USB,U.S. Bancorp,15-07-21
2021,Q4,USB,U.S. Bancorp,14-10-21
2022,Q1,USB,U.S. Bancorp,19-01-22
2022,Q2,USB,U.S. Bancorp,14-04-22
2022,Q3,USB,U.S. Bancorp,15-07-22
2022,Q4,USB,U.S. Bancorp,14-10-22
2023,Q1,USB,U.S. Bancorp,25-01-23
2023,Q2,USB,U.S. Bancorp,19-04-23
2023,Q3,USB,U.S. Bancorp,19-07-23
2023,Q4,USB,U.S. Bancorp,18-10-23
2024,Q1,USB,U.S. Bancorp,17-01-24
2024,Q2,USB,U.S. Bancorp,01-05-24
2024,Q3,USB,U.S. Bancorp,17-07-24
2024,Q4,USB,U.S. Bancorp,16-10-24
2025,Q1,USB,U.S. Bancorp,15-01-25
2025,Q2,USB,U.S. Bancorp,16-04-25
2025,Q3,USB,U.S. Bancorp,17-07-25
2025,Q4,USB,U.S. Bancorp,16-10-25
2020,Q1,V,Visa Inc.,30-01-20
2020,Q2,V,Visa Inc.,30-04-20
2020,Q3,V,Visa Inc.,28-07-20
2020,Q4,V,Visa Inc.,28-10-20
2021,Q1,V,Visa Inc.,28-01-21
2021,Q2,V,Visa Inc.,27-04-21
2021,Q3,V,Visa Inc.,27-07-21
2021,Q4,V,Visa Inc.,26-10-21
2022,Q1,V,Visa Inc.,27-01-22
2022,Q2,V,Visa Inc.,26-04-22
2022,Q3,V,Visa Inc.,26-07-22
2022,Q4,V,Visa Inc.,25-10-22
2023,Q1,V,Visa Inc.,26-01-23
2023,Q2,V,Visa Inc.,25-04-23
2023,Q3,V,Visa Inc.,25-07-23
2023,Q4,V,Visa Inc.,24-10-23
2024,Q1,V,Visa Inc.,25-01-24
2024,Q2,V,Visa Inc.,23-04-24
2024,Q3,V,Visa Inc.,23-07-24
2024,Q4,V,Visa Inc.,29-10-24
2025,Q1,V,Visa Inc.,30-01-25
2025,Q2,V,Visa Inc.,29-04-25
2025,Q3,V,Visa Inc.,29-07-25
2025,Q4,V,Visa Inc.,28-10-25
2020,Q1,VFC,,23-01-20
2020,Q2,VFC,,15-05-20
2020,Q3,VFC,,31-07-20
2020,Q4,VFC,,16-10-20
2021,Q1,VFC,,27-01-21
2021,Q2,VFC,,21-05-21
2021,Q3,VFC,,30-07-21
2021,Q4,VFC,,22-10-21
2022,Q1,VFC,,28-01-22
2022,Q2,VFC,,19-05-22
2022,Q3,VFC,,28-07-22
2022,Q4,VFC,,26-10-22
2023,Q1,VFC,,07-02-23
2023,Q2,VFC,,23-05-23
2023,Q3,VFC,,01-08-23
2023,Q4,VFC,,30-10-23
2024,Q1,VFC,,06-02-24
2024,Q2,VFC,,22-05-24
2024,Q3,VFC,,06-08-24
2024,Q4,VFC,,28-10-24
2025,Q1,VFC,,29-01-25
2025,Q2,VFC,,21-05-25
2025,Q3,VFC,,30-07-25
2025,Q4,VFC,,27-10-25
2020,Q1,VLO,Valero Energy Corporation,30-01-20
2020,Q2,VLO,Valero Energy Corporation,29-04-20
2020,Q3,VLO,Valero Energy Corporation,30-07-20
2020,Q4,VLO,Valero Energy Corporation,22-10-20
2021,Q1,VLO,Valero Energy Corporation,28-01-21
2021,Q2,VLO,Valero Energy Corporation,22-04-21
2021,Q3,VLO,Valero Energy Corporation,29-07-21
2021,Q4,VLO,Valero Energy Corporation,21-10-21
2022,Q1,VLO,Valero Energy Corporation,27-01-22
2022,Q2,VLO,Valero Energy Corporation,26-04-22
2022,Q3,VLO,Valero Energy Corporation,28-07-22
2022,Q4,VLO,Valero Energy Corporation,25-10-22
2023,Q1,VLO,Valero Energy Corporation,26-01-23
2023,Q2,VLO,Valero Energy Corporation,27-04-23
2023,Q3,VLO,Valero Energy Corporation,27-07-23
2023,Q4,VLO,Valero Energy Corporation,26-10-23
2024,Q1,VLO,Valero Energy Corporation,25-01-24
2024,Q2,VLO,Valero Energy Corporation,25-04-24
2024,Q3,VLO,Valero Energy Corporation,25-07-24
2024,Q4,VLO,Valero Energy Corporation,24-10-24
2025,Q1,VLO,Valero Energy Corporation,30-01-25
2025,Q2,VLO,Valero Energy Corporation,24-04-25
2025,Q3,VLO,Valero Energy Corporation,24-07-25
2025,Q4,VLO,Valero Energy Corporation,23-10-25
2020,Q1,VMC,Vulcan Materials Company,18-02-20
2020,Q2,VMC,Vulcan Materials Company,06-05-20
2020,Q3,VMC,Vulcan Materials Company,04-08-20
2020,Q4,VMC,Vulcan Materials Company,05-11-20
2021,Q1,VMC,Vulcan Materials Company,16-02-21
2021,Q2,VMC,Vulcan Materials Company,04-05-21
2021,Q3,VMC,Vulcan Materials Company,04-08-21
2021,Q4,VMC,Vulcan Materials Company,04-11-21
2022,Q1,VMC,Vulcan Materials Company,16-02-22
2022,Q2,VMC,Vulcan Materials Company,04-05-22
2022,Q3,VMC,Vulcan Materials Company,04-08-22
2022,Q4,VMC,Vulcan Materials Company,02-11-22
2023,Q1,VMC,Vulcan Materials Company,16-02-23
2023,Q2,VMC,Vulcan Materials Company,04-05-23
2023,Q3,VMC,Vulcan Materials Company,03-08-23
2023,Q4,VMC,Vulcan Materials Company,26-10-23
2024,Q1,VMC,Vulcan Materials Company,16-02-24
2024,Q2,VMC,Vulcan Materials Company,02-05-24
2024,Q3,VMC,Vulcan Materials Company,06-08-24
2024,Q4,VMC,Vulcan Materials Company,30-10-24
2025,Q1,VMC,Vulcan Materials Company,18-02-25
2025,Q2,VMC,Vulcan Materials Company,30-04-25
2025,Q3,VMC,Vulcan Materials Company,31-07-25
2025,Q4,VMC,Vulcan Materials Company,30-10-25
2020,Q1,VRSK,,18-02-20
2020,Q2,VRSK,,05-05-20
2020,Q3,VRSK,,04-08-20
2020,Q4,VRSK,,04-11-20
2021,Q1,VRSK,,23-02-21
2021,Q2,VRSK,,04-05-21
2021,Q3,VRSK,,03-08-21
2021,Q4,VRSK,,02-11-21
2022,Q1,VRSK,,22-02-22
2022,Q2,VRSK,,03-05-22
2022,Q3,VRSK,,02-08-22
2022,Q4,VRSK,,01-11-22
2023,Q1,VRSK,,28-02-23
2023,Q2,VRSK,,03-05-23
2023,Q3,VRSK,,02-08-23
2023,Q4,VRSK,,01-11-23
2024,Q1,VRSK,,21-02-24
2024,Q2,VRSK,,01-05-24
2024,Q3,VRSK,,31-07-24
2024,Q4,VRSK,,30-10-24
2025,Q1,VRSK,,26-02-25
2025,Q2,VRSK,,07-05-25
2025,Q3,VRSK,,30-07-25
2025,Q4,VRSK,,29-10-25
2020,Q1,VRTX,Vertex Pharmaceuticals Incorporated,30-01-20
2020,Q2,VRTX,Vertex Pharmaceuticals Incorporated,29-04-20
2020,Q3,VRTX,Vertex Pharmaceuticals Incorporated,30-07-20
2020,Q4,VRTX,Vertex Pharmaceuticals Incorporated,29-10-20
2021,Q1,VRTX,Vertex Pharmaceuticals Incorporated,01-02-21
2021,Q2,VRTX,Vertex Pharmaceuticals Incorporated,29-04-21
2021,Q3,VRTX,Vertex Pharmaceuticals Incorporated,29-07-21
2021,Q4,VRTX,Vertex Pharmaceuticals Incorporated,02-11-21
2022,Q1,VRTX,Vertex Pharmaceuticals Incorporated,26-01-22
2022,Q2,VRTX,Vertex Pharmaceuticals Incorporated,05-05-22
2022,Q3,VRTX,Vertex Pharmaceuticals Incorporated,04-08-22
2022,Q4,VRTX,Vertex Pharmaceuticals Incorporated,27-10-22
2023,Q1,VRTX,Vertex Pharmaceuticals Incorporated,07-02-23
2023,Q2,VRTX,Vertex Pharmaceuticals Incorporated,01-05-23
2023,Q3,VRTX,Vertex Pharmaceuticals Incorporated,01-08-23
2023,Q4,VRTX,Vertex Pharmaceuticals Incorporated,06-11-23
2024,Q1,VRTX,Vertex Pharmaceuticals Incorporated,05-02-24
2024,Q2,VRTX,Vertex Pharmaceuticals Incorporated,06-05-24
2024,Q3,VRTX,Vertex Pharmaceuticals Incorporated,01-08-24
2024,Q4,VRTX,Vertex Pharmaceuticals Incorporated,04-11-24
2025,Q1,VRTX,Vertex Pharmaceuticals Incorporated,10-02-25
2025,Q2,VRTX,Vertex Pharmaceuticals Incorporated,05-05-25
2025,Q3,VRTX,Vertex Pharmaceuticals Incorporated,04-08-25
2025,Q4,VRTX,Vertex Pharmaceuticals Incorporated,10-11-25
2020,Q1,VZ,Verizon Communications Inc.,30-01-20
2020,Q2,VZ,Verizon Communications Inc.,24-04-20
2020,Q3,VZ,Verizon Communications Inc.,24-07-20
2020,Q4,VZ,Verizon Communications Inc.,21-10-20
2021,Q1,VZ,Verizon Communications Inc.,26-01-21
2021,Q2,VZ,Verizon Communications Inc.,21-04-21
2021,Q3,VZ,Verizon Communications Inc.,21-07-21
2021,Q4,VZ,Verizon Communications Inc.,20-10-21
2022,Q1,VZ,Verizon Communications Inc.,25-01-22
2022,Q2,VZ,Verizon Communications Inc.,22-04-22
2022,Q3,VZ,Verizon Communications Inc.,22-07-22
2022,Q4,VZ,Verizon Communications Inc.,21-10-22
2023,Q1,VZ,Verizon Communications Inc.,24-01-23
2023,Q2,VZ,Verizon Communications Inc.,25-04-23
2023,Q3,VZ,Verizon Communications Inc.,25-07-23
2023,Q4,VZ,Verizon Communications Inc.,24-10-23
2024,Q1,VZ,Verizon Communications Inc.,23-01-24
2024,Q2,VZ,Verizon Communications Inc.,22-04-24
2024,Q3,VZ,Verizon Communications Inc.,22-07-24
2024,Q4,VZ,Verizon Communications Inc.,22-10-24
2025,Q1,VZ,Verizon Communications Inc.,24-01-25
2025,Q2,VZ,Verizon Communications Inc.,22-04-25
2025,Q3,VZ,Verizon Communications Inc.,21-07-25
2025,Q4,VZ,Verizon Communications Inc.,21-10-25
2020,Q1,WAB,Westinghouse Air Brake Technologies Corporation (Wabtec),18-02-20
2020,Q2,WAB,Westinghouse Air Brake Technologies Corporation (Wabtec),04-05-20
2020,Q3,WAB,Westinghouse Air Brake Technologies Corporation (Wabtec),28-07-20
2020,Q4,WAB,Westinghouse Air Brake Technologies Corporation (Wabtec),29-10-20
2021,Q1,WAB,Westinghouse Air Brake Technologies Corporation (Wabtec),18-02-21
2021,Q2,WAB,Westinghouse Air Brake Technologies Corporation (Wabtec),29-04-21
2021,Q3,WAB,Westinghouse Air Brake Technologies Corporation (Wabtec),29-07-21
2021,Q4,WAB,Westinghouse Air Brake Technologies Corporation (Wabtec),27-10-21
2022,Q1,WAB,Westinghouse Air Brake Technologies Corporation (Wabtec),16-02-22
2022,Q2,WAB,Westinghouse Air Brake Technologies Corporation (Wabtec),27-04-22
2022,Q3,WAB,Westinghouse Air Brake Technologies Corporation (Wabtec),05-08-22
2022,Q4,WAB,Westinghouse Air Brake Technologies Corporation (Wabtec),01-11-22
2023,Q1,WAB,Westinghouse Air Brake Technologies Corporation (Wabtec),15-02-23
2023,Q2,WAB,Westinghouse Air Brake Technologies Corporation (Wabtec),26-04-23
2023,Q3,WAB,Westinghouse Air Brake Technologies Corporation (Wabtec),27-07-23
2023,Q4,WAB,Westinghouse Air Brake Technologies Corporation (Wabtec),25-10-23
2024,Q1,WAB,Westinghouse Air Brake Technologies Corporation (Wabtec),14-02-24
2024,Q2,WAB,Westinghouse Air Brake Technologies Corporation (Wabtec),24-04-24
2024,Q3,WAB,Westinghouse Air Brake Technologies Corporation (Wabtec),24-07-24
2024,Q4,WAB,Westinghouse Air Brake Technologies Corporation (Wabtec),23-10-24
2025,Q1,WAB,Westinghouse Air Brake Technologies Corporation (Wabtec),12-02-25
2025,Q2,WAB,Westinghouse Air Brake Technologies Corporation (Wabtec),23-04-25
2025,Q3,WAB,Westinghouse Air Brake Technologies Corporation (Wabtec),24-07-25
2025,Q4,WAB,Westinghouse Air Brake Technologies Corporation (Wabtec),22-10-25
2020,Q1,WAT,Waters Corporation,04-02-20
2020,Q2,WAT,Waters Corporation,28-04-20
2020,Q3,WAT,Waters Corporation,28-07-20
2020,Q4,WAT,Waters Corporation,27-10-20
2021,Q1,WAT,Waters Corporation,02-02-21
2021,Q2,WAT,Waters Corporation,05-05-21
2021,Q3,WAT,Waters Corporation,03-08-21
2021,Q4,WAT,Waters Corporation,02-11-21
2022,Q1,WAT,Waters Corporation,01-02-22
2022,Q2,WAT,Waters Corporation,03-05-22
2022,Q3,WAT,Waters Corporation,02-08-22
2022,Q4,WAT,Waters Corporation,01-11-22
2023,Q1,WAT,Waters Corporation,15-02-23
2023,Q2,WAT,Waters Corporation,09-05-23
2023,Q3,WAT,Waters Corporation,02-08-23
2023,Q4,WAT,Waters Corporation,07-11-23
2024,Q1,WAT,Waters Corporation,06-02-24
2024,Q2,WAT,Waters Corporation,07-05-24
2024,Q3,WAT,Waters Corporation,31-07-24
2024,Q4,WAT,Waters Corporation,01-11-24
2025,Q1,WAT,Waters Corporation,12-02-25
2025,Q2,WAT,Waters Corporation,06-05-25
2025,Q3,WAT,Waters Corporation,04-08-25
2025,Q4,WAT,Waters Corporation,31-10-25
2020,Q1,WBA,,08-01-20
2020,Q2,WBA,,02-04-20
2020,Q3,WBA,,09-07-20
2020,Q4,WBA,,15-10-20
2021,Q1,WBA,,31-03-21
2021,Q2,WBA,,Missing
2021,Q3,WBA,,01-07-21
2021,Q4,WBA,,14-10-21
2022,Q1,WBA,,31-03-22
2022,Q2,WBA,,30-06-22
2022,Q3,WBA,,Missing
2022,Q4,WBA,,13-10-22
2023,Q1,WBA,,28-03-23
2023,Q2,WBA,,27-06-23
2023,Q3,WBA,,Missing
2023,Q4,WBA,,12-10-23
2024,Q1,WBA,,28-03-24
2024,Q2,WBA,,27-06-24
2024,Q3,WBA,,Missing
2024,Q4,WBA,,15-10-24
2025,Q1,WBA,,10-01-25
2025,Q2,WBA,,26-06-25
2025,Q3,WBA,,Missing
2025,Q4,WBA,,14-10-25
2020,Q1,WBD,,27-02-20
2020,Q2,WBD,,06-05-20
2020,Q3,WBD,,05-08-20
2020,Q4,WBD,,05-11-20
2021,Q1,WBD,,22-02-21
2021,Q2,WBD,,28-04-21
2021,Q3,WBD,,03-08-21
2021,Q4,WBD,,03-11-21
2022,Q1,WBD,,24-02-22
2022,Q2,WBD,,26-04-22
2022,Q3,WBD,,05-08-22
2022,Q4,WBD,,03-11-22
2023,Q1,WBD,,22-02-23
2023,Q2,WBD,,05-05-23
2023,Q3,WBD,,03-08-23
2023,Q4,WBD,,08-11-23
2024,Q1,WBD,,23-02-24
2024,Q2,WBD,,09-05-24
2024,Q3,WBD,,07-08-24
2024,Q4,WBD,,07-11-24
2025,Q1,WBD,,27-02-25
2025,Q2,WBD,,08-05-25
2025,Q3,WBD,,07-08-25
2025,Q4,WBD,,06-11-25
2020,Q1,WDC,,30-01-20
2020,Q2,WDC,,30-04-20
2020,Q3,WDC,,05-08-20
2020,Q4,WDC,,28-10-20
2021,Q1,WDC,,28-01-21
2021,Q2,WDC,,29-04-21
2021,Q3,WDC,,04-08-21
2021,Q4,WDC,,28-10-21
2022,Q1,WDC,,27-01-22
2022,Q2,WDC,,28-04-22
2022,Q3,WDC,,05-08-22
2022,Q4,WDC,,27-10-22
2023,Q1,WDC,,31-01-23
2023,Q2,WDC,,08-05-23
2023,Q3,WDC,,31-07-23
2023,Q4,WDC,,30-10-23
2024,Q1,WDC,,25-01-24
2024,Q2,WDC,,25-04-24
2024,Q3,WDC,,31-07-24
2024,Q4,WDC,,24-10-24
2025,Q1,WDC,,29-01-25
2025,Q2,WDC,,30-04-25
2025,Q3,WDC,,30-07-25
2025,Q4,WDC,,23-10-25
2020,Q1,WEC,"WEC Energy Group, Inc.",30-01-20
2020,Q2,WEC,"WEC Energy Group, Inc.",04-05-20
2020,Q3,WEC,"WEC Energy Group, Inc.",04-08-20
2020,Q4,WEC,"WEC Energy Group, Inc.",03-11-20
2021,Q1,WEC,"WEC Energy Group, Inc.",04-02-21
2021,Q2,WEC,"WEC Energy Group, Inc.",03-05-21
2021,Q3,WEC,"WEC Energy Group, Inc.",03-08-21
2021,Q4,WEC,"WEC Energy Group, Inc.",02-11-21
2022,Q1,WEC,"WEC Energy Group, Inc.",03-02-22
2022,Q2,WEC,"WEC Energy Group, Inc.",02-05-22
2022,Q3,WEC,"WEC Energy Group, Inc.",02-08-22
2022,Q4,WEC,"WEC Energy Group, Inc.",01-11-22
2023,Q1,WEC,"WEC Energy Group, Inc.",02-02-23
2023,Q2,WEC,"WEC Energy Group, Inc.",01-05-23
2023,Q3,WEC,"WEC Energy Group, Inc.",01-08-23
2023,Q4,WEC,"WEC Energy Group, Inc.",31-10-23
2024,Q1,WEC,"WEC Energy Group, Inc.",01-02-24
2024,Q2,WEC,"WEC Energy Group, Inc.",01-05-24
2024,Q3,WEC,"WEC Energy Group, Inc.",31-07-24
2024,Q4,WEC,"WEC Energy Group, Inc.",31-10-24
2025,Q1,WEC,"WEC Energy Group, Inc.",04-02-25
2025,Q2,WEC,"WEC Energy Group, Inc.",06-05-25
2025,Q3,WEC,"WEC Energy Group, Inc.",30-07-25
2025,Q4,WEC,"WEC Energy Group, Inc.",30-10-25
2020,Q1,WELL,Welltower Inc.,12-02-20
2020,Q2,WELL,Welltower Inc.,06-05-20
2020,Q3,WELL,Welltower Inc.,05-08-20
2020,Q4,WELL,Welltower Inc.,28-10-20
2021,Q1,WELL,Welltower Inc.,09-02-21
2021,Q2,WELL,Welltower Inc.,28-04-21
2021,Q3,WELL,Welltower Inc.,29-07-21
2021,Q4,WELL,Welltower Inc.,04-11-21
2022,Q1,WELL,Welltower Inc.,15-02-22
2022,Q2,WELL,Welltower Inc.,10-05-22
2022,Q3,WELL,Welltower Inc.,09-08-22
2022,Q4,WELL,Welltower Inc.,07-11-22
2023,Q1,WELL,Welltower Inc.,15-02-23
2023,Q2,WELL,Welltower Inc.,02-05-23
2023,Q3,WELL,Welltower Inc.,31-07-23
2023,Q4,WELL,Welltower Inc.,30-10-23
2024,Q1,WELL,Welltower Inc.,13-02-24
2024,Q2,WELL,Welltower Inc.,29-04-24
2024,Q3,WELL,Welltower Inc.,29-07-24
2024,Q4,WELL,Welltower Inc.,28-10-24
2025,Q1,WELL,Welltower Inc.,11-02-25
2025,Q2,WELL,Welltower Inc.,28-04-25
2025,Q3,WELL,Welltower Inc.,28-07-25
2025,Q4,WELL,Welltower Inc.,27-10-25
2020,Q1,WFC,Wells Fargo & Co.,14-01-20
2020,Q2,WFC,Wells Fargo & Co.,14-04-20
2020,Q3,WFC,Wells Fargo & Co.,14-07-20
2020,Q4,WFC,Wells Fargo & Co.,14-10-20
2021,Q1,WFC,Wells Fargo & Co.,15-01-21
2021,Q2,WFC,Wells Fargo & Co.,14-04-21
2021,Q3,WFC,Wells Fargo & Co.,14-07-21
2021,Q4,WFC,Wells Fargo & Co.,14-10-21
2022,Q1,WFC,Wells Fargo & Co.,14-01-22
2022,Q2,WFC,Wells Fargo & Co.,14-04-22
2022,Q3,WFC,Wells Fargo & Co.,15-07-22
2022,Q4,WFC,Wells Fargo & Co.,14-10-22
2023,Q1,WFC,Wells Fargo & Co.,13-01-23
2023,Q2,WFC,Wells Fargo & Co.,14-04-23
2023,Q3,WFC,Wells Fargo & Co.,14-07-23
2023,Q4,WFC,Wells Fargo & Co.,13-10-23
2024,Q1,WFC,Wells Fargo & Co.,12-01-24
2024,Q2,WFC,Wells Fargo & Co.,12-04-24
2024,Q3,WFC,Wells Fargo & Co.,12-07-24
2024,Q4,WFC,Wells Fargo & Co.,11-10-24
2025,Q1,WFC,Wells Fargo & Co.,15-01-25
2025,Q2,WFC,Wells Fargo & Co.,11-04-25
2025,Q3,WFC,Wells Fargo & Co.,15-07-25
2025,Q4,WFC,Wells Fargo & Co.,14-10-25
2020,Q1,WM,,13-02-20
2020,Q2,WM,,06-05-20
2020,Q3,WM,,30-07-20
2020,Q4,WM,,02-11-20
2021,Q1,WM,,18-02-21
2021,Q2,WM,,27-04-21
2021,Q3,WM,,27-07-21
2021,Q4,WM,,26-10-21
2022,Q1,WM,,02-02-22
2022,Q2,WM,,26-04-22
2022,Q3,WM,,27-07-22
2022,Q4,WM,,26-10-22
2023,Q1,WM,,31-01-23
2023,Q2,WM,,26-04-23
2023,Q3,WM,,25-07-23
2023,Q4,WM,,24-10-23
2024,Q1,WM,,12-02-24
2024,Q2,WM,,24-04-24
2024,Q3,WM,,24-07-24
2024,Q4,WM,,28-10-24
2025,Q1,WM,,29-01-25
2025,Q2,WM,,28-04-25
2025,Q3,WM,,28-07-25
2025,Q4,WM,,27-10-25
2020,Q1,WMB,,19-02-20
2020,Q2,WMB,,04-05-20
2020,Q3,WMB,,03-08-20
2020,Q4,WMB,,02-11-20
2021,Q1,WMB,,22-02-21
2021,Q2,WMB,,03-05-21
2021,Q3,WMB,,02-08-21
2021,Q4,WMB,,01-11-21
2022,Q1,WMB,,21-02-22
2022,Q2,WMB,,02-05-22
2022,Q3,WMB,,01-08-22
2022,Q4,WMB,,31-10-22
2023,Q1,WMB,,20-02-23
2023,Q2,WMB,,03-05-23
2023,Q3,WMB,,02-08-23
2023,Q4,WMB,,01-11-23
2024,Q1,WMB,,14-02-24
2024,Q2,WMB,,06-05-24
2024,Q3,WMB,,05-08-24
2024,Q4,WMB,,06-11-24
2025,Q1,WMB,,12-02-25
2025,Q2,WMB,,05-05-25
2025,Q3,WMB,,04-08-25
2025,Q4,WMB,,05-11-25
2020,Q1,WMT,Walmart Inc.,18-02-20
2020,Q2,WMT,Walmart Inc.,19-05-20
2020,Q3,WMT,Walmart Inc.,18-08-20
2020,Q4,WMT,Walmart Inc.,17-11-20
2021,Q1,WMT,Walmart Inc.,18-02-21
2021,Q2,WMT,Walmart Inc.,18-05-21
2021,Q3,WMT,Walmart Inc.,17-08-21
2021,Q4,WMT,Walmart Inc.,16-11-21
2022,Q1,WMT,Walmart Inc.,17-02-22
2022,Q2,WMT,Walmart Inc.,17-05-22
2022,Q3,WMT,Walmart Inc.,16-08-22
2022,Q4,WMT,Walmart Inc.,15-11-22
2023,Q1,WMT,Walmart Inc.,21-02-23
2023,Q2,WMT,Walmart Inc.,18-05-23
2023,Q3,WMT,Walmart Inc.,17-08-23
2023,Q4,WMT,Walmart Inc.,16-11-23
2024,Q1,WMT,Walmart Inc.,20-02-24
2024,Q2,WMT,Walmart Inc.,16-05-24
2024,Q3,WMT,Walmart Inc.,15-08-24
2024,Q4,WMT,Walmart Inc.,19-11-24
2025,Q1,WMT,Walmart Inc.,20-02-25
2025,Q2,WMT,Walmart Inc.,15-05-25
2025,Q3,WMT,Walmart Inc.,21-08-25
2025,Q4,WMT,Walmart Inc.,20-11-25
2020,Q1,WRB,W. R. Berkley Corporation,28-01-20
2020,Q2,WRB,W. R. Berkley Corporation,21-04-20
2020,Q3,WRB,W. R. Berkley Corporation,21-07-20
2020,Q4,WRB,W. R. Berkley Corporation,20-10-20
2021,Q1,WRB,W. R. Berkley Corporation,26-01-21
2021,Q2,WRB,W. R. Berkley Corporation,20-04-21
2021,Q3,WRB,W. R. Berkley Corporation,22-07-21
2021,Q4,WRB,W. R. Berkley Corporation,21-10-21
2022,Q1,WRB,W. R. Berkley Corporation,27-01-22
2022,Q2,WRB,W. R. Berkley Corporation,25-04-22
2022,Q3,WRB,W. R. Berkley Corporation,21-07-22
2022,Q4,WRB,W. R. Berkley Corporation,24-10-22
2023,Q1,WRB,W. R. Berkley Corporation,26-01-23
2023,Q2,WRB,W. R. Berkley Corporation,20-04-23
2023,Q3,WRB,W. R. Berkley Corporation,20-07-23
2023,Q4,WRB,W. R. Berkley Corporation,23-10-23
2024,Q1,WRB,W. R. Berkley Corporation,24-01-24
2024,Q2,WRB,W. R. Berkley Corporation,23-04-24
2024,Q3,WRB,W. R. Berkley Corporation,22-07-24
2024,Q4,WRB,W. R. Berkley Corporation,21-10-24
2025,Q1,WRB,W. R. Berkley Corporation,27-01-25
2025,Q2,WRB,W. R. Berkley Corporation,21-04-25
2025,Q3,WRB,W. R. Berkley Corporation,21-07-25
2025,Q4,WRB,W. R. Berkley Corporation,20-10-25
2020,Q1,WRK,WestRock Company,Missing
2020,Q2,WRK,WestRock Company,Missing
2020,Q3,WRK,WestRock Company,Missing
2020,Q4,WRK,WestRock Company,Missing
2021,Q1,WRK,WestRock Company,Missing
2021,Q2,WRK,WestRock Company,Missing
2021,Q3,WRK,WestRock Company,Missing
2021,Q4,WRK,WestRock Company,Missing
2022,Q1,WRK,WestRock Company,Missing
2022,Q2,WRK,WestRock Company,Missing
2022,Q3,WRK,WestRock Company,Missing
2022,Q4,WRK,WestRock Company,Missing
2023,Q1,WRK,WestRock Company,Missing
2023,Q2,WRK,WestRock Company,Missing
2023,Q3,WRK,WestRock Company,Missing
2023,Q4,WRK,WestRock Company,Missing
2024,Q1,WRK,WestRock Company,Missing
2024,Q2,WRK,WestRock Company,Missing
2024,Q3,WRK,WestRock Company,Missing
2024,Q4,WRK,WestRock Company,Missing
2025,Q1,WRK,WestRock Company,Missing
2025,Q2,WRK,WestRock Company,Missing
2025,Q3,WRK,WestRock Company,Missing
2025,Q4,WRK,WestRock Company,Missing
2020,Q1,WST,,13-02-20
2020,Q2,WST,,23-04-20
2020,Q3,WST,,23-07-20
2020,Q4,WST,,22-10-20
2021,Q1,WST,,18-02-21
2021,Q2,WST,,29-04-21
2021,Q3,WST,,29-07-21
2021,Q4,WST,,28-10-21
2022,Q1,WST,,17-02-22
2022,Q2,WST,,28-04-22
2022,Q3,WST,,28-07-22
2022,Q4,WST,,27-10-22
2023,Q1,WST,,16-02-23
2023,Q2,WST,,27-04-23
2023,Q3,WST,,27-07-23
2023,Q4,WST,,26-10-23
2024,Q1,WST,,15-02-24
2024,Q2,WST,,25-04-24
2024,Q3,WST,,25-07-24
2024,Q4,WST,,24-10-24
2025,Q1,WST,,13-02-25
2025,Q2,WST,,24-04-25
2025,Q3,WST,,24-07-25
2025,Q4,WST,,23-10-25
2020,Q1,WTW,,06-02-20
2020,Q2,WTW,,30-04-20
2020,Q3,WTW,,30-07-20
2020,Q4,WTW,,29-10-20
2021,Q1,WTW,,09-02-21
2021,Q2,WTW,,29-04-21
2021,Q3,WTW,,03-08-21
2021,Q4,WTW,,28-10-21
2022,Q1,WTW,,08-02-22
2022,Q2,WTW,,28-04-22
2022,Q3,WTW,,28-07-22
2022,Q4,WTW,,27-10-22
2023,Q1,WTW,,09-02-23
2023,Q2,WTW,,27-04-23
2023,Q3,WTW,,27-07-23
2023,Q4,WTW,,26-10-23
2024,Q1,WTW,,06-02-24
2024,Q2,WTW,,25-04-24
2024,Q3,WTW,,25-07-24
2024,Q4,WTW,,31-10-24
2025,Q1,WTW,,04-02-25
2025,Q2,WTW,,24-04-25
2025,Q3,WTW,,31-07-25
2025,Q4,WTW,,30-10-25
2020,Q1,WY,,31-01-20
2020,Q2,WY,,01-05-20
2020,Q3,WY,,31-07-20
2020,Q4,WY,,30-10-20
2021,Q1,WY,,29-01-21
2021,Q2,WY,,30-04-21
2021,Q3,WY,,30-07-21
2021,Q4,WY,,29-10-21
2022,Q1,WY,,28-01-22
2022,Q2,WY,,29-04-22
2022,Q3,WY,,29-07-22
2022,Q4,WY,,27-10-22
2023,Q1,WY,,26-01-23
2023,Q2,WY,,27-04-23
2023,Q3,WY,,27-07-23
2023,Q4,WY,,26-10-23
2024,Q1,WY,,25-01-24
2024,Q2,WY,,25-04-24
2024,Q3,WY,,25-07-24
2024,Q4,WY,,24-10-24
2025,Q1,WY,,30-01-25
2025,Q2,WY,,24-04-25
2025,Q3,WY,,24-07-25
2025,Q4,WY,,30-10-25
2020,Q1,XEL,,30-01-20
2020,Q2,XEL,,07-05-20
2020,Q3,XEL,,30-07-20
2020,Q4,XEL,,29-10-20
2021,Q1,XEL,,28-01-21
2021,Q2,XEL,,29-04-21
2021,Q3,XEL,,29-07-21
2021,Q4,XEL,,28-10-21
2022,Q1,XEL,,27-01-22
2022,Q2,XEL,,28-04-22
2022,Q3,XEL,,28-07-22
2022,Q4,XEL,,27-10-22
2023,Q1,XEL,,26-01-23
2023,Q2,XEL,,27-04-23
2023,Q3,XEL,,27-07-23
2023,Q4,XEL,,27-10-23
2024,Q1,XEL,,25-01-24
2024,Q2,XEL,,25-04-24
2024,Q3,XEL,,01-08-24
2024,Q4,XEL,,31-10-24
2025,Q1,XEL,,06-02-25
2025,Q2,XEL,,24-04-25
2025,Q3,XEL,,31-07-25
2025,Q4,XEL,,30-10-25
2020,Q1,XOM,Exxon Mobil Corporation,31-01-20
2020,Q2,XOM,Exxon Mobil Corporation,01-05-20
2020,Q3,XOM,Exxon Mobil Corporation,31-07-20
2020,Q4,XOM,Exxon Mobil Corporation,30-10-20
2021,Q1,XOM,Exxon Mobil Corporation,02-02-21
2021,Q2,XOM,Exxon Mobil Corporation,30-04-21
2021,Q3,XOM,Exxon Mobil Corporation,30-07-21
2021,Q4,XOM,Exxon Mobil Corporation,29-10-21
2022,Q1,XOM,Exxon Mobil Corporation,01-02-22
2022,Q2,XOM,Exxon Mobil Corporation,29-04-22
2022,Q3,XOM,Exxon Mobil Corporation,29-07-22
2022,Q4,XOM,Exxon Mobil Corporation,28-10-22
2023,Q1,XOM,Exxon Mobil Corporation,31-01-23
2023,Q2,XOM,Exxon Mobil Corporation,28-04-23
2023,Q3,XOM,Exxon Mobil Corporation,28-07-23
2023,Q4,XOM,Exxon Mobil Corporation,27-10-23
2024,Q1,XOM,Exxon Mobil Corporation,02-02-24
2024,Q2,XOM,Exxon Mobil Corporation,26-04-24
2024,Q3,XOM,Exxon Mobil Corporation,02-08-24
2024,Q4,XOM,Exxon Mobil Corporation,01-11-24
2025,Q1,XOM,Exxon Mobil Corporation,31-01-25
2025,Q2,XOM,Exxon Mobil Corporation,02-05-25
2025,Q3,XOM,Exxon Mobil Corporation,01-08-25
2025,Q4,XOM,Exxon Mobil Corporation,31-10-25
2020,Q1,XYL,,06-02-20
2020,Q2,XYL,,05-05-20
2020,Q3,XYL,,30-07-20
2020,Q4,XYL,,29-10-20
2021,Q1,XYL,,04-02-21
2021,Q2,XYL,,04-05-21
2021,Q3,XYL,,03-08-21
2021,Q4,XYL,,02-11-21
2022,Q1,XYL,,03-02-22
2022,Q2,XYL,,04-05-22
2022,Q3,XYL,,02-08-22
2022,Q4,XYL,,01-11-22
2023,Q1,XYL,,07-02-23
2023,Q2,XYL,,04-05-23
2023,Q3,XYL,,02-08-23
2023,Q4,XYL,,31-10-23
2024,Q1,XYL,,06-02-24
2024,Q2,XYL,,02-05-24
2024,Q3,XYL,,30-07-24
2024,Q4,XYL,,31-10-24
2025,Q1,XYL,,04-02-25
2025,Q2,XYL,,29-04-25
2025,Q3,XYL,,31-07-25
2025,Q4,XYL,,30-10-25
2020,Q1,YUM,"Yum! Brands, Inc.",06-02-20
2020,Q2,YUM,"Yum! Brands, Inc.",29-04-20
2020,Q3,YUM,"Yum! Brands, Inc.",30-07-20
2020,Q4,YUM,"Yum! Brands, Inc.",29-10-20
2021,Q1,YUM,"Yum! Brands, Inc.",04-02-21
2021,Q2,YUM,"Yum! Brands, Inc.",28-04-21
2021,Q3,YUM,"Yum! Brands, Inc.",29-07-21
2021,Q4,YUM,"Yum! Brands, Inc.",28-10-21
2022,Q1,YUM,"Yum! Brands, Inc.",09-02-22
2022,Q2,YUM,"Yum! Brands, Inc.",04-05-22
2022,Q3,YUM,"Yum! Brands, Inc.",03-08-22
2022,Q4,YUM,"Yum! Brands, Inc.",02-11-22
2023,Q1,YUM,"Yum! Brands, Inc.",08-02-23
2023,Q2,YUM,"Yum! Brands, Inc.",03-05-23
2023,Q3,YUM,"Yum! Brands, Inc.",02-08-23
2023,Q4,YUM,"Yum! Brands, Inc.",01-11-23
2024,Q1,YUM,"Yum! Brands, Inc.",07-02-24
2024,Q2,YUM,"Yum! Brands, Inc.",01-05-24
2024,Q3,YUM,"Yum! Brands, Inc.",06-08-24
2024,Q4,YUM,"Yum! Brands, Inc.",05-11-24
2025,Q1,YUM,"Yum! Brands, Inc.",06-02-25
2025,Q2,YUM,"Yum! Brands, Inc.",30-04-25
2025,Q3,YUM,"Yum! Brands, Inc.",05-08-25
2025,Q4,YUM,"Yum! Brands, Inc.",04-11-25
2020,Q1,ZBH,,04-02-20
2020,Q2,ZBH,,11-05-20
2020,Q3,ZBH,,04-08-20
2020,Q4,ZBH,,06-11-20
2021,Q1,ZBH,,05-02-21
2021,Q2,ZBH,,04-05-21
2021,Q3,ZBH,,03-08-21
2021,Q4,ZBH,,04-11-21
2022,Q1,ZBH,,07-02-22
2022,Q2,ZBH,,03-05-22
2022,Q3,ZBH,,02-08-22
2022,Q4,ZBH,,02-11-22
2023,Q1,ZBH,,03-02-23
2023,Q2,ZBH,,02-05-23
2023,Q3,ZBH,,01-08-23
2023,Q4,ZBH,,07-11-23
2024,Q1,ZBH,,08-02-24
2024,Q2,ZBH,,02-05-24
2024,Q3,ZBH,,07-08-24
2024,Q4,ZBH,,30-10-24
2025,Q1,ZBH,,06-02-25
2025,Q2,ZBH,,05-05-25
2025,Q3,ZBH,,07-08-25
2025,Q4,ZBH,,30-10-25
2020,Q1,ZBRA,,13-02-20
2020,Q2,ZBRA,,28-04-20
2020,Q3,ZBRA,,28-07-20
2020,Q4,ZBRA,,03-11-20
2021,Q1,ZBRA,,11-02-21
2021,Q2,ZBRA,,04-05-21
2021,Q3,ZBRA,,03-08-21
2021,Q4,ZBRA,,02-11-21
2022,Q1,ZBRA,,10-02-22
2022,Q2,ZBRA,,03-05-22
2022,Q3,ZBRA,,02-08-22
2022,Q4,ZBRA,,01-11-22
2023,Q1,ZBRA,,16-02-23
2023,Q2,ZBRA,,02-05-23
2023,Q3,ZBRA,,01-08-23
2023,Q4,ZBRA,,31-10-23
2024,Q1,ZBRA,,15-02-24
2024,Q2,ZBRA,,30-04-24
2024,Q3,ZBRA,,30-07-24
2024,Q4,ZBRA,,29-10-24
2025,Q1,ZBRA,,13-02-25
2025,Q2,ZBRA,,29-04-25
2025,Q3,ZBRA,,05-08-25
2025,Q4,ZBRA,,28-10-25
2020,Q1,ZION,Zions Bancorporation,21-01-20
2020,Q2,ZION,Zions Bancorporation,20-04-20
2020,Q3,ZION,Zions Bancorporation,20-07-20
2020,Q4,ZION,Zions Bancorporation,19-10-20
2021,Q1,ZION,Zions Bancorporation,19-01-21
2021,Q2,ZION,Zions Bancorporation,19-04-21
2021,Q3,ZION,Zions Bancorporation,19-07-21
2021,Q4,ZION,Zions Bancorporation,18-10-21
2022,Q1,ZION,Zions Bancorporation,24-01-22
2022,Q2,ZION,Zions Bancorporation,25-04-22
2022,Q3,ZION,Zions Bancorporation,26-07-22
2022,Q4,ZION,Zions Bancorporation,24-10-22
2023,Q1,ZION,Zions Bancorporation,23-01-23
2023,Q2,ZION,Zions Bancorporation,19-04-23
2023,Q3,ZION,Zions Bancorporation,19-07-23
2023,Q4,ZION,Zions Bancorporation,18-10-23
2024,Q1,ZION,Zions Bancorporation,22-01-24
2024,Q2,ZION,Zions Bancorporation,22-04-24
2024,Q3,ZION,Zions Bancorporation,22-07-24
2024,Q4,ZION,Zions Bancorporation,21-10-24
2025,Q1,ZION,Zions Bancorporation,21-01-25
2025,Q2,ZION,Zions Bancorporation,21-04-25
2025,Q3,ZION,Zions Bancorporation,21-07-25
2025,Q4,ZION,Zions Bancorporation,20-10-25
2020,Q1,ZTS,,13-02-20
2020,Q2,ZTS,,06-05-20
2020,Q3,ZTS,,06-08-20
2020,Q4,ZTS,,05-11-20
2021,Q1,ZTS,,16-02-21
2021,Q2,ZTS,,06-05-21
2021,Q3,ZTS,,05-08-21
2021,Q4,ZTS,,04-11-21
2022,Q1,ZTS,,15-02-22
2022,Q2,ZTS,,05-05-22
2022,Q3,ZTS,,04-08-22
2022,Q4,ZTS,,03-11-22
2023,Q1,ZTS,,14-02-23
2023,Q2,ZTS,,04-05-23
2023,Q3,ZTS,,08-08-23
2023,Q4,ZTS,,02-11-23
2024,Q1,ZTS,,13-02-24
2024,Q2,ZTS,,02-05-24
2024,Q3,ZTS,,06-08-24
2024,Q4,ZTS,,04-11-24
2025,Q1,ZTS,,13-02-25
2025,Q2,ZTS,,06-05-25
2025,Q3,ZTS,,05-08-25
2025,Q4,ZTS,,04-11-25
