stock,fiscalDateEnding,reportedDate,reportedEPS,estimatedEPS,surprise,surprisePercentage
A,2025-04-30,2025-05-28,1.31,1.26,0.05,3.9683
A,2025-01-31,2025-02-26,1.31,1.27,0.04,3.1496
A,2024-10-31,2024-11-25,1.46,1.41,0.05,3.5461
A,2024-07-31,2024-08-21,1.32,1.26,0.06,4.7619
A,2024-04-30,2024-05-29,1.22,1.19,0.03,2.521
A,2024-01-31,2024-02-27,1.29,1.22,0.07,5.7377
A,2023-10-31,2023-11-20,1.38,1.34,0.04,2.9851
A,2023-07-31,2023-08-15,1.43,1.36,0.07,5.1471
A,2023-04-30,2023-05-23,1.27,1.26,0.01,0.7937
A,2023-01-31,2023-02-28,1.37,1.3,0.07,5.3846
A,2022-10-31,2022-11-21,1.53,1.39,0.14,10.0719
A,2022-07-31,2022-08-16,1.34,1.2,0.14,11.6667
A,2022-04-30,2022-05-24,1.13,1.12,0.01,0.8929
A,2022-01-31,2022-02-22,1.21,1.18,0.03,2.5424
A,2021-10-31,2021-11-22,1.21,1.17,0.04,3.4188
A,2021-07-31,2021-08-17,1.1,0.99,0.11,11.1111
A,2021-04-30,2021-05-25,0.97,0.83,0.14,16.8675
A,2021-01-31,2021-02-16,1.06,0.89,0.17,19.1011
A,2020-10-31,2020-11-23,0.98,0.93,0.05,5.3763
A,2020-07-31,2020-08-18,0.78,0.66,0.12,18.1818
A,2020-04-30,2020-05-21,0.71,0.61,0.1,16.3934
A,2020-01-31,2020-02-18,0.81,0.81,0,0
AAPL,2025-03-31,2025-05-01,1.65,1.62,0.03,1.8519
AAPL,2024-12-31,2025-01-30,2.4,2.34,0.06,2.5641
AAPL,2024-09-30,2024-10-31,0.97,0.95,0.02,2.1053
AAPL,2024-06-30,2024-08-01,1.4,1.34,0.06,4.4776
AAPL,2024-03-31,2024-05-02,1.53,1.5,0.03,2
AAPL,2023-12-31,2024-02-01,2.18,2.11,0.07,3.3175
AAPL,2023-09-30,2023-11-02,1.46,1.39,0.07,5.036
AAPL,2023-06-30,2023-08-03,1.26,1.19,0.07,5.8824
AAPL,2023-03-31,2023-05-04,1.52,1.43,0.09,6.2937
AAPL,2022-12-31,2023-02-02,1.88,1.95,-0.07,-3.5897
AAPL,2022-09-30,2022-10-27,1.29,1.27,0.02,1.5748
AAPL,2022-06-30,2022-07-28,1.2,1.15,0.05,4.3478
AAPL,2022-03-31,2022-04-28,1.52,1.43,0.09,6.2937
AAPL,2021-12-31,2022-01-27,2.1,1.89,0.21,11.1111
AAPL,2021-09-30,2021-10-28,1.24,1.24,0,0
AAPL,2021-06-30,2021-07-27,1.3,1.01,0.29,28.7129
AAPL,2021-03-31,2021-04-28,1.4,0.98,0.42,42.8571
AAPL,2020-12-31,2021-01-27,1.68,1.42,0.26,18.3099
AAPL,2020-09-30,2020-10-29,0.73,0.7,0.03,4.2857
AAPL,2020-06-30,2020-07-30,0.65,0.51,0.14,27.451
AAPL,2020-03-31,2020-04-30,0.64,0.56,0.08,14.2857
AAPL,2019-12-31,2020-01-28,1.25,1.14,0.11,9.6491
ABBV,2025-03-31,2025-04-25,2.46,2.4,0.06,2.5
ABBV,2024-12-31,2025-01-31,2.16,2.12,0.04,1.8868
ABBV,2024-09-30,2024-10-30,3,2.92,0.08,2.7397
ABBV,2024-06-30,2024-07-25,2.65,2.57,0.08,3.1128
ABBV,2024-03-31,2024-04-26,2.31,2.23,0.08,3.5874
ABBV,2023-12-31,2024-02-02,2.79,2.77,0.02,0.722
ABBV,2023-09-30,2023-10-27,2.95,2.86,0.09,3.1469
ABBV,2023-06-30,2023-07-27,2.91,2.81,0.1,3.5587
ABBV,2023-03-31,2023-04-27,2.46,2.46,0,0
ABBV,2022-12-31,2023-02-09,3.6,3.56,0.04,1.1236
ABBV,2022-09-30,2022-10-28,3.66,3.57,0.09,2.521
ABBV,2022-06-30,2022-07-29,3.37,3.31,0.06,1.8127
ABBV,2022-03-31,2022-04-29,3.24,3.14,0.1,3.1847
ABBV,2021-12-31,2022-02-02,3.31,3.29,0.02,0.6079
ABBV,2021-09-30,2021-10-29,3.33,3.22,0.11,3.4161
ABBV,2021-06-30,2021-07-30,3.09,3.09,0,0
ABBV,2021-03-31,2021-04-30,2.95,2.83,0.12,4.2403
ABBV,2020-12-31,2021-02-03,2.92,2.85,0.07,2.4561
ABBV,2020-09-30,2020-10-30,2.83,2.77,0.06,2.1661
ABBV,2020-06-30,2020-07-31,2.34,2.19,0.15,6.8493
ABBV,2020-03-31,2020-05-01,2.42,2.25,0.17,7.5556
ABBV,2019-12-31,2020-02-07,2.21,2.19,0.02,0.9132
ABT,2025-03-31,2025-04-16,0.76,0.78,-0.02,-2.5641
ABT,2024-12-31,2025-01-22,1.34,1.34,0,0
ABT,2024-09-30,2024-10-16,1.21,1.2,0.01,0.8333
ABT,2024-06-30,2024-07-18,1.14,1.1,0.04,3.6364
ABT,2024-03-31,2024-04-17,0.98,0.95,0.03,3.1579
ABT,2023-12-31,2024-01-24,1.19,1.19,0,0
ABT,2023-09-30,2023-10-18,1.14,1.1,0.04,3.6364
ABT,2023-06-30,2023-07-20,1.08,1.05,0.03,2.8571
ABT,2023-03-31,2023-04-19,1.03,0.99,0.04,4.0404
ABT,2022-12-31,2023-01-25,1.03,0.94,0.09,9.5745
ABT,2022-09-30,2022-10-19,1.15,0.94,0.21,22.3404
ABT,2022-06-30,2022-07-20,1.43,1.14,0.29,25.4386
ABT,2022-03-31,2022-04-20,1.73,1.46,0.27,18.4932
ABT,2021-12-31,2022-01-26,1.32,1.21,0.11,9.0909
ABT,2021-09-30,2021-10-20,1.4,0.95,0.45,47.3684
ABT,2021-06-30,2021-07-22,1.17,1.02,0.15,14.7059
ABT,2021-03-31,2021-04-20,1.32,1.27,0.05,3.937
ABT,2020-12-31,2021-01-27,1.45,1.35,0.1,7.4074
ABT,2020-09-30,2020-10-21,0.98,0.91,0.07,7.6923
ABT,2020-06-30,2020-07-16,0.57,0.42,0.15,35.7143
ABT,2020-03-31,2020-04-16,0.65,0.61,0.04,6.5574
ABT,2019-12-31,2020-01-22,0.95,0.95,0,0
ACGL,2025-03-31,2025-04-29,1.54,1.31,0.23,17.5573
ACGL,2024-12-31,2025-02-10,2.42,1.93,0.49,25.3886
ACGL,2024-09-30,2024-10-30,1.99,1.95,0.04,2.0513
ACGL,2024-06-30,2024-07-30,2.57,2.21,0.36,16.2896
ACGL,2024-03-31,2024-04-29,2.45,2.1,0.35,16.6667
ACGL,2023-12-31,2024-02-14,2.49,2.03,0.46,22.6601
ACGL,2023-09-30,2023-10-30,2.31,1.61,0.7,43.4783
ACGL,2023-06-30,2023-07-26,1.92,1.58,0.34,21.519
ACGL,2023-03-31,2023-04-26,1.73,1.45,0.28,19.3103
ACGL,2022-12-31,2023-02-13,2.14,1.34,0.8,59.7015
ACGL,2022-09-30,2022-10-26,0.28,0.17,0.11,64.7059
ACGL,2022-06-30,2022-07-27,1.34,1.09,0.25,22.9358
ACGL,2022-03-31,2022-04-27,1.1,1.06,0.04,3.7736
ACGL,2021-12-31,2022-02-09,1.27,1,0.27,27
ACGL,2021-09-30,2021-10-27,0.74,0.36,0.38,105.5556
ACGL,2021-06-30,2021-07-28,1,0.85,0.15,17.6471
ACGL,2021-03-31,2021-04-27,0.59,0.45,0.14,31.1111
ACGL,2020-12-31,2021-02-09,0.56,0.38,0.18,47.3684
ACGL,2020-09-30,2020-10-29,0.29,0.16,0.13,81.25
ACGL,2020-06-30,2020-07-29,0.04,-0.23,0.27,117.3913
ACGL,2020-03-31,2020-05-04,0.46,0.44,0.02,4.5455
ACGL,2019-12-31,2020-02-11,0.74,0.68,0.06,8.8235
ACN,2025-05-31,2025-06-20,3.49,3.32,0.17,5.1205
ACN,2025-02-28,2025-03-20,2.82,2.81,0.01,0.3559
ACN,2024-11-30,2024-12-19,3.59,3.42,0.17,4.9708
ACN,2024-08-31,2024-09-26,2.79,2.77,0.02,0.722
ACN,2024-05-31,2024-06-20,3.13,3.16,-0.03,-0.9494
ACN,2024-02-29,2024-03-21,2.77,2.66,0.11,4.1353
ACN,2023-11-30,2023-12-19,3.27,3.13,0.14,4.4728
ACN,2023-08-31,2023-09-28,2.71,2.63,0.08,3.0418
ACN,2023-05-31,2023-06-22,3.15,3,0.15,5
ACN,2023-02-28,2023-03-23,2.39,2.5,-0.11,-4.4
ACN,2022-11-30,2022-12-16,3.08,2.93,0.15,5.1195
ACN,2022-08-31,2022-09-22,2.6,2.57,0.03,1.1673
ACN,2022-05-31,2022-06-23,2.9,2.83,0.07,2.4735
ACN,2022-02-28,2022-03-17,2.54,2.37,0.17,7.173
ACN,2021-11-30,2021-12-16,2.78,2.63,0.15,5.7034
ACN,2021-08-31,2021-09-23,2.2,2.19,0.01,0.4566
ACN,2021-05-31,2021-06-24,2.4,2.24,0.16,7.1429
ACN,2021-02-28,2021-03-18,2.03,1.9,0.13,6.8421
ACN,2020-11-30,2020-12-17,2.17,2.05,0.12,5.8537
ACN,2020-08-31,2020-09-24,1.7,1.73,-0.03,-1.7341
ACN,2020-05-31,2020-06-25,1.9,1.84,0.06,3.2609
ACN,2020-02-29,2020-03-19,1.91,1.73,0.18,10.4046
ADBE,2025-05-31,2025-06-12,5.06,4.97,0.09,1.8109
ADBE,2025-02-28,2025-03-12,5.08,4.97,0.11,2.2133
ADBE,2024-11-30,2024-12-11,4.81,4.67,0.14,2.9979
ADBE,2024-08-31,2024-09-12,4.65,4.54,0.11,2.4229
ADBE,2024-05-31,2024-06-13,4.48,4.4,0.08,1.8182
ADBE,2024-02-29,2024-03-14,4.48,4.38,0.1,2.2831
ADBE,2023-11-30,2023-12-13,4.27,4.14,0.13,3.1401
ADBE,2023-08-31,2023-09-14,4.1,3.98,0.12,3.0151
ADBE,2023-05-31,2023-06-15,3.91,3.79,0.12,3.1662
ADBE,2023-02-28,2023-03-15,2.71,2.65,0.06,2.2642
ADBE,2022-11-30,2022-12-15,3.6,3.5,0.1,2.8571
ADBE,2022-08-31,2022-09-15,3.4,3.34,0.06,1.7964
ADBE,2022-05-31,2022-06-16,3.35,3.31,0.04,1.2085
ADBE,2022-02-28,2022-03-22,3.37,3.34,0.03,0.8982
ADBE,2021-11-30,2021-12-16,3.2,3.2,0,0
ADBE,2021-08-31,2021-09-21,3.11,3.02,0.09,2.9801
ADBE,2021-05-31,2021-06-17,3.03,2.82,0.21,7.4468
ADBE,2021-02-28,2021-03-23,3.14,2.79,0.35,12.5448
ADBE,2020-11-30,2020-12-10,2.81,2.66,0.15,5.6391
ADBE,2020-08-31,2020-09-15,2.57,2.41,0.16,6.639
ADBE,2020-05-31,2020-06-11,2.45,2.32,0.13,5.6034
ADBE,2020-02-29,2020-03-12,2.27,2.23,0.04,1.7937
ADI,2025-04-30,2025-05-22,1.85,1.7,0.15,8.8235
ADI,2025-01-31,2025-02-19,0.78,0.8,-0.02,-2.5
ADI,2024-10-31,2024-11-26,1.67,1.64,0.03,1.8293
ADI,2024-07-31,2024-08-21,1.58,1.51,0.07,4.6358
ADI,2024-04-30,2024-05-22,1.4,1.27,0.13,10.2362
ADI,2024-01-31,2024-02-21,1.73,1.71,0.02,1.1696
ADI,2023-10-31,2023-11-21,2.01,2.02,-0.01,-0.495
ADI,2023-07-31,2023-08-23,2.49,2.52,-0.03,-1.1905
ADI,2023-04-30,2023-05-24,2.83,2.76,0.07,2.5362
ADI,2023-01-31,2023-02-15,2.75,2.6,0.15,5.7692
ADI,2022-10-31,2022-11-22,2.73,2.59,0.14,5.4054
ADI,2022-07-31,2022-08-17,2.52,2.43,0.09,3.7037
ADI,2022-04-30,2022-05-18,2.4,2.11,0.29,13.7441
ADI,2022-01-31,2022-02-16,1.94,1.79,0.15,8.3799
ADI,2021-10-31,2021-11-23,1.73,1.7,0.03,1.7647
ADI,2021-07-31,2021-08-18,1.72,1.61,0.11,6.8323
ADI,2021-04-30,2021-05-19,1.54,1.45,0.09,6.2069
ADI,2021-01-31,2021-02-17,1.44,1.32,0.12,9.0909
ADI,2020-10-31,2020-11-24,1.44,1.33,0.11,8.2707
ADI,2020-07-31,2020-08-19,1.36,1.29,0.07,5.4264
ADI,2020-04-30,2020-05-20,1.08,1.04,0.04,3.8462
ADI,2020-01-31,2020-02-19,1.03,1,0.03,3
ADM,2025-03-31,2025-05-06,0.7,0.67,0.03,4.4776
ADM,2024-12-31,2025-02-04,1.14,1.15,-0.01,-0.8696
ADM,2024-09-30,2024-11-18,1.09,1.09,0,0
ADM,2024-06-30,2024-07-30,1.03,1.22,-0.19,-15.5738
ADM,2024-03-31,2024-04-30,1.46,1.36,0.1,7.3529
ADM,2023-12-31,2024-03-12,1.36,1.43,-0.07,-4.8951
ADM,2023-09-30,2023-10-24,1.63,1.52,0.11,7.2368
ADM,2023-06-30,2023-07-25,1.89,1.6,0.29,18.125
ADM,2023-03-31,2023-04-25,2.09,1.78,0.31,17.4157
ADM,2022-12-31,2023-01-26,1.93,1.65,0.28,16.9697
ADM,2022-09-30,2022-10-25,1.86,1.44,0.42,29.1667
ADM,2022-06-30,2022-07-26,2.15,1.71,0.44,25.731
ADM,2022-03-31,2022-04-26,1.9,1.41,0.49,34.7518
ADM,2021-12-31,2022-01-25,1.5,1.37,0.13,9.4891
ADM,2021-09-30,2021-10-26,0.97,0.89,0.08,8.9888
ADM,2021-06-30,2021-07-27,1.33,1.03,0.3,29.1262
ADM,2021-03-31,2021-04-27,1.39,1.04,0.35,33.6538
ADM,2020-12-31,2021-01-26,1.21,1.1,0.11,10
ADM,2020-09-30,2020-10-29,0.89,0.71,0.18,25.3521
ADM,2020-06-30,2020-07-29,0.85,0.51,0.34,66.6667
ADM,2020-03-31,2020-04-29,0.64,0.55,0.09,16.3636
ADM,2019-12-31,2020-01-29,0.81,0.69,0.12,17.3913
ADP,2025-03-31,2025-04-30,3.06,2.97,0.09,3.0303
ADP,2024-12-31,2025-01-29,2.35,2.3,0.05,2.1739
ADP,2024-09-30,2024-10-30,2.33,2.21,0.12,5.4299
ADP,2024-06-30,2024-07-31,2.09,2.06,0.03,1.4563
ADP,2024-03-31,2024-05-01,2.88,2.79,0.09,3.2258
ADP,2023-12-31,2024-01-31,2.13,2.1,0.03,1.4286
ADP,2023-09-30,2023-10-25,2.08,2.03,0.05,2.4631
ADP,2023-06-30,2023-07-26,1.89,1.83,0.06,3.2787
ADP,2023-03-31,2023-04-26,2.52,2.45,0.07,2.8571
ADP,2022-12-31,2023-01-25,1.96,1.94,0.02,1.0309
ADP,2022-09-30,2022-10-26,1.86,1.8,0.06,3.3333
ADP,2022-06-30,2022-07-27,1.5,1.46,0.04,2.7397
ADP,2022-03-31,2022-04-27,2.21,2.08,0.13,6.25
ADP,2021-12-31,2022-01-26,1.65,1.63,0.02,1.227
ADP,2021-09-30,2021-10-27,1.65,1.49,0.16,10.7383
ADP,2021-06-30,2021-07-28,1.2,1.14,0.06,5.2632
ADP,2021-03-31,2021-04-28,1.89,1.82,0.07,3.8462
ADP,2020-12-31,2021-01-27,1.52,1.29,0.23,17.8295
ADP,2020-09-30,2020-10-28,1.41,0.98,0.43,43.8776
ADP,2020-06-30,2020-07-29,1.14,0.96,0.18,18.75
ADP,2020-03-31,2020-04-29,1.92,1.89,0.03,1.5873
ADP,2019-12-31,2020-01-29,1.52,1.45,0.07,4.8276
ADSK,2025-04-30,2025-05-22,2.29,2.15,0.14,6.5116
ADSK,2025-01-31,2025-02-27,2.29,2.14,0.15,7.0093
ADSK,2024-10-31,2024-11-26,2.17,2.12,0.05,2.3585
ADSK,2024-07-31,2024-08-29,2.15,2,0.15,7.5
ADSK,2024-04-30,2024-06-11,1.87,1.77,0.1,5.6497
ADSK,2024-01-31,2024-02-29,2.09,1.95,0.14,7.1795
ADSK,2023-10-31,2023-11-21,2.07,1.99,0.08,4.0201
ADSK,2023-07-31,2023-08-23,1.91,1.73,0.18,10.4046
ADSK,2023-04-30,2023-05-25,1.55,1.55,0,0
ADSK,2023-01-31,2023-02-23,1.86,1.81,0.05,2.7624
ADSK,2022-10-31,2022-11-22,1.7,1.7,0,0
ADSK,2022-07-31,2022-08-24,1.65,1.57,0.08,5.0955
ADSK,2022-04-30,2022-05-26,1.43,1.34,0.09,6.7164
ADSK,2022-01-31,2022-02-24,1.5,1.44,0.06,4.1667
ADSK,2021-10-31,2021-11-23,1.33,1.26,0.07,5.5556
ADSK,2021-07-31,2021-08-25,1.21,1.13,0.08,7.0796
ADSK,2021-04-30,2021-05-27,1.03,0.94,0.09,9.5745
ADSK,2021-01-31,2021-02-25,1.18,1.07,0.11,10.2804
ADSK,2020-10-31,2020-11-24,1.04,0.96,0.08,8.3333
ADSK,2020-07-31,2020-08-25,0.98,0.9,0.08,8.8889
ADSK,2020-04-30,2020-05-27,0.85,0.8,0.05,6.25
ADSK,2020-01-31,2020-02-27,0.92,0.89,0.03,3.3708
AEE,2025-03-31,2025-05-01,1.07,1.04,0.03,2.8846
AEE,2024-12-31,2025-02-13,0.77,0.7956,-0.0256,-3.2177
AEE,2024-09-30,2024-11-06,1.87,1.91,-0.04,-2.0942
AEE,2024-06-30,2024-08-01,0.97,0.93,0.04,4.3011
AEE,2024-03-31,2024-05-02,0.98,1.06,-0.08,-7.5472
AEE,2023-12-31,2024-02-22,0.6,0.61,-0.01,-1.6393
AEE,2023-09-30,2023-11-08,1.87,1.82,0.05,2.7473
AEE,2023-06-30,2023-08-02,0.9,0.8,0.1,12.5
AEE,2023-03-31,2023-05-04,1,0.94,0.06,6.383
AEE,2022-12-31,2023-02-15,0.63,0.56,0.07,12.5
AEE,2022-09-30,2022-11-03,1.74,1.74,0,0
AEE,2022-06-30,2022-08-04,0.8,0.83,-0.03,-3.6145
AEE,2022-03-31,2022-05-05,0.97,0.98,-0.01,-1.0204
AEE,2021-12-31,2022-02-17,0.48,0.49,-0.01,-2.0408
AEE,2021-09-30,2021-11-03,1.65,1.61,0.04,2.4845
AEE,2021-06-30,2021-08-05,0.8,0.78,0.02,2.5641
AEE,2021-03-31,2021-05-10,0.91,0.74,0.17,22.973
AEE,2020-12-31,2021-02-18,0.46,0.42,0.04,9.5238
AEE,2020-09-30,2020-11-04,1.47,1.47,0,0
AEE,2020-06-30,2020-08-06,0.98,0.87,0.11,12.6437
AEE,2020-03-31,2020-05-11,0.59,0.7,-0.11,-15.7143
AEE,2019-12-31,2020-02-26,0.38,0.31,0.07,22.5806
AEP,2025-03-31,2025-05-06,1.54,1.4,0.14,10
AEP,2024-12-31,2025-02-13,1.24,1.2424,-0.0024,-0.1932
AEP,2024-09-30,2024-11-06,1.85,1.8,0.05,2.7778
AEP,2024-06-30,2024-07-30,1.25,1.23,0.02,1.626
AEP,2024-03-31,2024-04-30,1.27,1.25,0.02,1.6
AEP,2023-12-31,2024-02-26,1.23,1.26,-0.03,-2.381
AEP,2023-09-30,2023-11-02,1.77,1.7,0.07,4.1176
AEP,2023-06-30,2023-07-27,1.13,1.12,0.01,0.8929
AEP,2023-03-31,2023-05-04,1.11,1.12,-0.01,-0.8929
AEP,2022-12-31,2023-02-23,1.05,0.99,0.06,6.0606
AEP,2022-09-30,2022-10-27,1.62,1.56,0.06,3.8462
AEP,2022-06-30,2022-07-27,1.2,1.19,0.01,0.8403
AEP,2022-03-31,2022-04-28,1.22,1.2,0.02,1.6667
AEP,2021-12-31,2022-02-24,0.98,0.93,0.05,5.3763
AEP,2021-09-30,2021-10-28,1.43,1.46,-0.03,-2.0548
AEP,2021-06-30,2021-07-22,1.18,1.14,0.04,3.5088
AEP,2021-03-31,2021-04-22,1.15,1.17,-0.02,-1.7094
AEP,2020-12-31,2021-02-25,0.87,0.79,0.08,10.1266
AEP,2020-09-30,2020-10-22,1.47,1.48,-0.01,-0.6757
AEP,2020-06-30,2020-08-06,1.08,1.06,0.02,1.8868
AEP,2020-03-31,2020-05-06,1.02,1.1,-0.08,-7.2727
AEP,2019-12-31,2020-02-20,0.6,0.58,0.02,3.4483
AES,2025-03-31,2025-05-01,0.27,0.3386,-0.0686,-20.2599
AES,2024-12-31,2025-02-28,0.54,0.4631,0.0769,16.6055
AES,2024-09-30,2024-10-31,0.71,0.64,0.07,10.9375
AES,2024-06-30,2024-08-01,0.38,0.37,0.01,2.7027
AES,2024-03-31,2024-05-02,0.5,0.34,0.16,47.0588
AES,2023-12-31,2024-02-26,0.73,0.67,0.06,8.9552
AES,2023-09-30,2023-11-02,0.6,0.54,0.06,11.1111
AES,2023-06-30,2023-08-03,0.21,0.22,-0.01,-4.5455
AES,2023-03-31,2023-05-04,0.22,0.23,-0.01,-4.3478
AES,2022-12-31,2023-02-27,0.49,0.46,0.03,6.5217
AES,2022-09-30,2022-11-04,0.63,0.53,0.1,18.8679
AES,2022-06-30,2022-08-04,0.34,0.31,0.03,9.6774
AES,2022-03-31,2022-05-05,0.21,0.28,-0.07,-25
AES,2021-12-31,2022-02-24,0.45,0.43,0.02,4.6512
AES,2021-09-30,2021-11-03,0.5,0.43,0.07,16.2791
AES,2021-06-30,2021-08-04,0.31,0.29,0.02,6.8966
AES,2021-03-31,2021-05-06,0.28,0.3,-0.02,-6.6667
AES,2020-12-31,2021-02-25,0.48,0.44,0.04,9.0909
AES,2020-09-30,2020-11-06,0.42,0.43,-0.01,-2.3256
AES,2020-06-30,2020-08-06,0.25,0.23,0.02,8.6957
AES,2020-03-31,2020-05-07,0.29,0.29,0,0
AES,2019-12-31,2020-02-28,0.35,0.33,0.02,6.0606
AIG,2025-03-31,2025-05-01,1.17,0.99,0.18,18.1818
AIG,2024-12-31,2025-02-11,1.3,1.23,0.07,5.6911
AIG,2024-09-30,2024-11-04,1.23,1.1,0.13,11.8182
AIG,2024-06-30,2024-07-31,1.16,1.3,-0.14,-10.7692
AIG,2024-03-31,2024-05-01,1.77,1.65,0.12,7.2727
AIG,2023-12-31,2024-02-13,1.79,1.64,0.15,9.1463
AIG,2023-09-30,2023-11-01,3.82,1.5,2.32,154.6667
AIG,2023-06-30,2023-08-01,2.31,1.59,0.72,45.283
AIG,2023-03-31,2023-05-04,-0.12,1.42,-1.54,-108.4507
AIG,2022-12-31,2023-02-15,0.58,1.29,-0.71,-55.0388
AIG,2022-09-30,2022-11-01,3.5,0.53,2.97,560.3774
AIG,2022-06-30,2022-08-08,3.78,1.1,2.68,243.6364
AIG,2022-03-31,2022-05-03,5.15,1.18,3.97,336.4407
AIG,2021-12-31,2022-02-16,4.38,1.19,3.19,268.0672
AIG,2021-09-30,2021-11-04,1.92,0.88,1.04,118.1818
AIG,2021-06-30,2021-08-05,0.11,1.2,-1.09,-90.8333
AIG,2021-03-31,2021-05-06,4.41,0.97,3.44,354.6392
AIG,2020-12-31,2021-02-16,-0.0605,0.93,-0.9905,-106.5054
AIG,2020-09-30,2020-11-05,0.32,0.54,-0.22,-40.7407
AIG,2020-06-30,2020-08-03,-9.15,0.5,-9.65,-1930
AIG,2020-03-31,2020-05-04,1.98,0.72,1.26,175
AIG,2019-12-31,2020-02-13,1.06,1,0.06,6
AIZ,2025-03-31,2025-05-06,3.39,2.78,0.61,21.9424
AIZ,2024-12-31,2025-02-11,4.79,4.13,0.66,15.9806
AIZ,2024-09-30,2024-11-05,3,2.64,0.36,13.6364
AIZ,2024-06-30,2024-08-06,4.08,3.61,0.47,13.0194
AIZ,2024-03-31,2024-05-07,4.78,3.92,0.86,21.9388
AIZ,2023-12-31,2024-02-06,4.58,3.71,0.87,23.4501
AIZ,2023-09-30,2023-10-31,4.29,2.59,1.7,65.6371
AIZ,2023-06-30,2023-08-01,3.89,2.75,1.14,41.4545
AIZ,2023-03-31,2023-05-02,2.75,2.32,0.43,18.5345
AIZ,2022-12-31,2023-02-07,3.23,2.7,0.53,19.6296
AIZ,2022-09-30,2022-11-01,1.01,1,0.01,1
AIZ,2022-06-30,2022-08-02,2.95,3.22,-0.27,-8.3851
AIZ,2022-03-31,2022-05-03,3.75,2.8,0.95,33.9286
AIZ,2021-12-31,2022-02-08,2.47,2.31,0.16,6.9264
AIZ,2021-09-30,2021-11-02,1.41,1.55,-0.14,-9.0323
AIZ,2021-06-30,2021-08-03,2.99,2.47,0.52,21.0526
AIZ,2021-03-31,2021-05-04,2.47,1.94,0.53,27.3196
AIZ,2020-12-31,2021-02-09,1.82,2.08,-0.26,-12.5
AIZ,2020-09-30,2020-11-02,1.41,0.99,0.42,42.4242
AIZ,2020-06-30,2020-08-04,2.75,2.12,0.63,29.717
AIZ,2020-03-31,2020-05-05,2.64,2.43,0.21,8.642
AIZ,2019-12-31,2020-02-11,2.25,2.35,-0.1,-4.2553
AKAM,2025-03-31,2025-05-08,1.7,1.57,0.13,8.2803
AKAM,2024-12-31,2025-02-20,1.66,1.52,0.14,9.2105
AKAM,2024-09-30,2024-11-07,1.59,1.59,0,0
AKAM,2024-06-30,2024-08-08,1.58,1.53,0.05,3.268
AKAM,2024-03-31,2024-05-09,1.64,1.6,0.04,2.5
AKAM,2023-12-31,2024-02-13,1.69,1.6,0.09,5.625
AKAM,2023-09-30,2023-11-07,1.63,1.5,0.13,8.6667
AKAM,2023-06-30,2023-08-08,1.49,1.41,0.08,5.6738
AKAM,2023-03-31,2023-05-09,1.4,1.32,0.08,6.0606
AKAM,2022-12-31,2023-02-14,1.37,1.27,0.1,7.874
AKAM,2022-09-30,2022-11-08,1.26,1.22,0.04,3.2787
AKAM,2022-06-30,2022-08-09,1.35,1.31,0.04,3.0534
AKAM,2022-03-31,2022-05-03,1.39,1.42,-0.03,-2.1127
AKAM,2021-12-31,2022-02-15,1.49,1.42,0.07,4.9296
AKAM,2021-09-30,2021-11-02,1.45,1.39,0.06,4.3165
AKAM,2021-06-30,2021-08-03,1.42,1.38,0.04,2.8986
AKAM,2021-03-31,2021-05-04,1.38,1.3,0.08,6.1538
AKAM,2020-12-31,2021-02-09,1.33,1.31,0.02,1.5267
AKAM,2020-09-30,2020-10-27,1.31,1.23,0.08,6.5041
AKAM,2020-06-30,2020-07-28,1.38,1.21,0.17,14.0496
AKAM,2020-03-31,2020-04-28,1.2,1.16,0.04,3.4483
AKAM,2019-12-31,2020-02-11,1.23,1.13,0.1,8.8496
ALB,2025-03-31,2025-04-30,-0.18,-0.68,0.5,73.5294
ALB,2024-12-31,2025-02-12,-1.09,-0.67,-0.42,-62.6866
ALB,2024-09-30,2024-11-06,-1.55,-0.48,-1.07,-222.9167
ALB,2024-06-30,2024-07-31,0.04,0.43,-0.39,-90.6977
ALB,2024-03-31,2024-05-01,0.26,0.24,0.02,8.3333
ALB,2023-12-31,2024-02-14,1.85,1.1,0.75,68.1818
ALB,2023-09-30,2023-11-01,2.74,3.99,-1.25,-31.3283
ALB,2023-06-30,2023-08-02,7.33,4.44,2.89,65.0901
ALB,2023-03-31,2023-05-03,10.32,7.03,3.29,46.7994
ALB,2022-12-31,2023-02-15,8.62,8.28,0.34,4.1063
ALB,2022-09-30,2022-11-02,7.5,6.99,0.51,7.2961
ALB,2022-06-30,2022-08-03,3.45,3.26,0.19,5.8282
ALB,2022-03-31,2022-05-04,2.38,1.63,0.75,46.0123
ALB,2021-12-31,2022-02-16,1.01,0.99,0.02,2.0202
ALB,2021-09-30,2021-11-03,1.05,0.77,0.28,36.3636
ALB,2021-06-30,2021-08-04,0.89,0.84,0.05,5.9524
ALB,2021-03-31,2021-05-05,1.1,0.8,0.3,37.5
ALB,2020-12-31,2021-02-17,1.17,1.1,0.07,6.3636
ALB,2020-09-30,2020-11-04,1.09,0.78,0.31,39.7436
ALB,2020-06-30,2020-08-05,0.86,0.73,0.13,17.8082
ALB,2020-03-31,2020-05-06,1,0.83,0.17,20.4819
ALB,2019-12-31,2020-02-19,1.73,1.74,-0.01,-0.5747
ALGN,2025-03-31,2025-04-30,2.13,1.9894,0.1406,7.0675
ALGN,2024-12-31,2025-02-05,2.44,2.45,-0.01,-0.4082
ALGN,2024-09-30,2024-10-23,2.35,2.31,0.04,1.7316
ALGN,2024-06-30,2024-07-24,2.41,2.3,0.11,4.7826
ALGN,2024-03-31,2024-04-24,2.14,1.97,0.17,8.6294
ALGN,2023-12-31,2024-01-31,2.42,2.18,0.24,11.0092
ALGN,2023-09-30,2023-10-25,2.14,2.26,-0.12,-5.3097
ALGN,2023-06-30,2023-07-26,2.22,2.03,0.19,9.3596
ALGN,2023-03-31,2023-04-26,1.82,1.68,0.14,8.3333
ALGN,2022-12-31,2023-02-01,1.73,1.56,0.17,10.8974
ALGN,2022-09-30,2022-10-26,1.36,2.18,-0.82,-37.6147
ALGN,2022-06-30,2022-07-27,2,2.23,-0.23,-10.3139
ALGN,2022-03-31,2022-04-27,2.13,2.22,-0.09,-4.0541
ALGN,2021-12-31,2022-02-02,2.83,2.71,0.12,4.428
ALGN,2021-09-30,2021-10-27,2.87,2.6,0.27,10.3846
ALGN,2021-06-30,2021-07-28,3.04,2.53,0.51,20.1581
ALGN,2021-03-31,2021-04-28,2.49,2.02,0.47,23.2673
ALGN,2020-12-31,2021-02-03,2.61,2.14,0.47,21.9626
ALGN,2020-09-30,2020-10-21,2.25,0.64,1.61,251.5625
ALGN,2020-06-30,2020-07-22,-0.35,-0.06,-0.29,-483.3333
ALGN,2020-03-31,2020-04-29,0.73,1.79,-1.06,-59.2179
ALGN,2019-12-31,2020-01-29,1.53,1.4,0.13,9.2857
ALK,2025-03-31,2025-04-23,-0.77,-0.77,0,0
ALK,2024-12-31,2025-01-22,0.97,0.47,0.5,106.383
ALK,2024-09-30,2024-10-31,2.25,2.22,0.03,1.3514
ALK,2024-06-30,2024-07-17,2.55,2.38,0.17,7.1429
ALK,2024-03-31,2024-04-18,-0.92,-1.05,0.13,12.381
ALK,2023-12-31,2024-01-25,0.3,0.18,0.12,66.6667
ALK,2023-09-30,2023-10-19,1.83,1.87,-0.04,-2.139
ALK,2023-06-30,2023-07-25,3,2.7,0.3,11.1111
ALK,2023-03-31,2023-04-20,-0.62,-0.48,-0.14,-29.1667
ALK,2022-12-31,2023-01-26,0.92,0.93,-0.01,-1.0753
ALK,2022-09-30,2022-10-20,2.53,2.39,0.14,5.8577
ALK,2022-06-30,2022-07-21,2.19,1.97,0.22,11.1675
ALK,2022-03-31,2022-04-21,-1.33,-1.51,0.18,11.9205
ALK,2021-12-31,2022-01-27,0.24,0.22,0.02,9.0909
ALK,2021-09-30,2021-10-21,1.47,1.33,0.14,10.5263
ALK,2021-06-30,2021-07-22,-0.3,-0.44,0.14,31.8182
ALK,2021-03-31,2021-04-22,-3.51,-3.64,0.13,3.5714
ALK,2020-12-31,2021-01-26,-2.55,-2.93,0.38,12.9693
ALK,2020-09-30,2020-10-22,-3.23,-2.93,-0.3,-10.2389
ALK,2020-06-30,2020-07-23,-3.54,-3.86,0.32,8.2902
ALK,2020-03-31,2020-05-05,-0.82,-1.14,0.32,28.0702
ALK,2019-12-31,2020-01-28,1.46,1.41,0.05,3.5461
ALLE,2025-03-31,2025-04-24,1.86,1.67,0.19,11.3772
ALLE,2024-12-31,2025-02-18,1.86,1.7502,0.1098,6.2736
ALLE,2024-09-30,2024-10-24,2.16,1.98,0.18,9.0909
ALLE,2024-06-30,2024-07-24,1.96,1.84,0.12,6.5217
ALLE,2024-03-31,2024-04-25,1.55,1.45,0.1,6.8966
ALLE,2023-12-31,2024-02-20,1.68,1.59,0.09,5.6604
ALLE,2023-09-30,2023-10-31,1.94,1.73,0.21,12.1387
ALLE,2023-06-30,2023-07-26,1.76,1.71,0.05,2.924
ALLE,2023-03-31,2023-04-26,1.58,1.36,0.22,16.1765
ALLE,2022-12-31,2023-02-22,1.6,1.39,0.21,15.1079
ALLE,2022-09-30,2022-10-27,1.64,1.47,0.17,11.5646
ALLE,2022-06-30,2022-07-28,1.37,1.33,0.04,3.0075
ALLE,2022-03-31,2022-04-26,1.07,0.98,0.09,9.1837
ALLE,2021-12-31,2022-02-15,1.11,1.02,0.09,8.8235
ALLE,2021-09-30,2021-10-21,1.56,1.29,0.27,20.9302
ALLE,2021-06-30,2021-07-22,1.32,1.32,0,0
ALLE,2021-03-31,2021-04-22,1.2,1.02,0.18,17.6471
ALLE,2020-12-31,2021-02-16,1.49,1.19,0.3,25.2101
ALLE,2020-09-30,2020-10-22,1.67,1.22,0.45,36.8852
ALLE,2020-06-30,2020-07-23,0.92,0.84,0.08,9.5238
ALLE,2020-03-31,2020-04-23,1.04,0.89,0.15,16.8539
ALLE,2019-12-31,2020-02-18,1.28,1.29,-0.01,-0.7752
AMAT,2025-04-30,2025-05-15,2.39,2.31,0.08,3.4632
AMAT,2025-01-31,2025-02-13,2.38,2.3,0.08,3.4783
AMAT,2024-10-31,2024-11-14,2.32,2.19,0.13,5.9361
AMAT,2024-07-31,2024-08-15,2.12,2.02,0.1,4.9505
AMAT,2024-04-30,2024-05-16,2.09,1.99,0.1,5.0251
AMAT,2024-01-31,2024-02-15,2.13,1.91,0.22,11.5183
AMAT,2023-10-31,2023-11-16,2.12,2,0.12,6
AMAT,2023-07-31,2023-08-17,1.9,1.74,0.16,9.1954
AMAT,2023-04-30,2023-05-18,2,1.84,0.16,8.6957
AMAT,2023-01-31,2023-02-16,2.03,1.93,0.1,5.1813
AMAT,2022-10-31,2022-11-17,2.03,1.73,0.3,17.341
AMAT,2022-07-31,2022-08-18,1.94,1.79,0.15,8.3799
AMAT,2022-04-30,2022-05-19,1.85,1.9,-0.05,-2.6316
AMAT,2022-01-31,2022-02-16,1.89,1.85,0.04,2.1622
AMAT,2021-10-31,2021-11-18,1.94,1.95,-0.01,-0.5128
AMAT,2021-07-31,2021-08-19,1.9,1.77,0.13,7.3446
AMAT,2021-04-30,2021-05-20,1.63,1.51,0.12,7.947
AMAT,2021-01-31,2021-02-18,1.39,1.28,0.11,8.5937
AMAT,2020-10-31,2020-11-12,1.25,1.17,0.08,6.8376
AMAT,2020-07-31,2020-08-13,1.06,0.95,0.11,11.5789
AMAT,2020-04-30,2020-05-14,0.89,0.94,-0.05,-5.3191
AMAT,2020-01-31,2020-02-12,0.98,0.93,0.05,5.3763
AMD,2025-03-31,2025-05-06,0.96,0.93,0.03,3.2258
AMD,2024-12-31,2025-02-04,1.09,1.09,0,0
AMD,2024-09-30,2024-10-29,0.92,0.92,0,0
AMD,2024-06-30,2024-07-30,0.69,0.68,0.01,1.4706
AMD,2024-03-31,2024-04-30,0.62,0.61,0.01,1.6393
AMD,2023-12-31,2024-01-30,0.77,0.77,0,0
AMD,2023-09-30,2023-10-31,0.7,0.68,0.02,2.9412
AMD,2023-06-30,2023-08-01,0.58,0.57,0.01,1.7544
AMD,2023-03-31,2023-05-02,0.6,0.56,0.04,7.1429
AMD,2022-12-31,2023-01-31,0.69,0.67,0.02,2.9851
AMD,2022-09-30,2022-11-01,0.67,0.7,-0.03,-4.2857
AMD,2022-06-30,2022-08-02,1.05,1.04,0.01,0.9615
AMD,2022-03-31,2022-05-03,1.13,0.92,0.21,22.8261
AMD,2021-12-31,2022-02-01,0.92,0.76,0.16,21.0526
AMD,2021-09-30,2021-10-26,0.73,0.66,0.07,10.6061
AMD,2021-06-30,2021-07-27,0.63,0.54,0.09,16.6667
AMD,2021-03-31,2021-04-27,0.52,0.44,0.08,18.1818
AMD,2020-12-31,2021-01-26,0.52,0.48,0.04,8.3333
AMD,2020-09-30,2020-10-27,0.41,0.36,0.05,13.8889
AMD,2020-06-30,2020-07-28,0.18,0.17,0.01,5.8824
AMD,2020-03-31,2020-04-28,0.18,0.18,0,0
AMD,2019-12-31,2020-01-28,0.32,0.31,0.01,3.2258
AME,2025-03-31,2025-05-01,1.52,1.48,0.04,2.7027
AME,2024-12-31,2025-02-04,1.87,1.85,0.02,1.0811
AME,2024-09-30,2024-10-31,1.66,1.62,0.04,2.4691
AME,2024-06-30,2024-08-01,1.66,1.64,0.02,1.2195
AME,2024-03-31,2024-05-02,1.64,1.59,0.05,3.1447
AME,2023-12-31,2024-02-06,1.68,1.63,0.05,3.0675
AME,2023-09-30,2023-10-31,1.64,1.58,0.06,3.7975
AME,2023-06-30,2023-08-01,1.57,1.51,0.06,3.9735
AME,2023-03-31,2023-05-02,1.49,1.41,0.08,5.6738
AME,2022-12-31,2023-02-02,1.52,1.47,0.05,3.4014
AME,2022-09-30,2022-11-01,1.45,1.37,0.08,5.8394
AME,2022-06-30,2022-08-02,1.38,1.3,0.08,6.1538
AME,2022-03-31,2022-05-03,1.33,1.28,0.05,3.9063
AME,2021-12-31,2022-02-03,1.37,1.3,0.07,5.3846
AME,2021-09-30,2021-11-02,1.26,1.18,0.08,6.7797
AME,2021-06-30,2021-08-03,1.15,1.1,0.05,4.5455
AME,2021-03-31,2021-05-04,1.07,1.01,0.06,5.9406
AME,2020-12-31,2021-02-04,1.08,1.03,0.05,4.8544
AME,2020-09-30,2020-10-29,1.01,0.94,0.07,7.4468
AME,2020-06-30,2020-08-04,0.84,0.73,0.11,15.0685
AME,2020-03-31,2020-05-05,1.02,0.96,0.06,6.25
AME,2019-12-31,2020-02-05,1.08,1.03,0.05,4.8544
AMGN,2025-03-31,2025-05-01,4.9,4.26,0.64,15.0235
AMGN,2024-12-31,2025-02-04,5.31,5.08,0.23,4.5276
AMGN,2024-09-30,2024-10-30,5.58,5.11,0.47,9.1977
AMGN,2024-06-30,2024-08-06,4.97,5.01,-0.04,-0.7984
AMGN,2024-03-31,2024-05-02,3.96,3.87,0.09,2.3256
AMGN,2023-12-31,2024-02-06,4.71,4.61,0.1,2.1692
AMGN,2023-09-30,2023-10-31,4.96,4.67,0.29,6.2099
AMGN,2023-06-30,2023-08-03,5,4.49,0.51,11.3586
AMGN,2023-03-31,2023-04-27,3.98,3.85,0.13,3.3766
AMGN,2022-12-31,2023-01-31,4.09,4.1,-0.01,-0.2439
AMGN,2022-09-30,2022-11-03,4.7,4.44,0.26,5.8559
AMGN,2022-06-30,2022-08-04,4.65,4.4,0.25,5.6818
AMGN,2022-03-31,2022-04-27,4.25,4.09,0.16,3.912
AMGN,2021-12-31,2022-02-07,4.36,4.08,0.28,6.8627
AMGN,2021-09-30,2021-11-02,4.67,4.27,0.4,9.3677
AMGN,2021-06-30,2021-08-03,4.38,4.09,0.29,7.0905
AMGN,2021-03-31,2021-04-27,3.7,4.05,-0.35,-8.642
AMGN,2020-12-31,2021-02-02,3.81,3.39,0.42,12.3894
AMGN,2020-09-30,2020-10-28,4.37,3.81,0.56,14.6982
AMGN,2020-06-30,2020-07-28,4.25,3.82,0.43,11.2565
AMGN,2020-03-31,2020-04-30,4.17,3.76,0.41,10.9043
AMGN,2019-12-31,2020-01-30,3.64,3.47,0.17,4.8991
AMP,2025-03-31,2025-04-24,9.5,9.08,0.42,4.6256
AMP,2024-12-31,2025-01-29,10.58,8.79,1.79,20.3641
AMP,2024-09-30,2024-10-23,8.1,8.92,-0.82,-9.1928
AMP,2024-06-30,2024-07-24,8.53,8.53,0,0
AMP,2024-03-31,2024-04-22,8.39,8.2,0.19,2.3171
AMP,2023-12-31,2024-01-24,7.2,7.7,-0.5,-6.4935
AMP,2023-09-30,2023-10-25,7.68,7.6,0.08,1.0526
AMP,2023-06-30,2023-07-26,7.44,7.39,0.05,0.6766
AMP,2023-03-31,2023-04-24,7.25,7.2,0.05,0.6944
AMP,2022-12-31,2023-01-25,6.94,6.48,0.46,7.0988
AMP,2022-09-30,2022-10-25,5.24,5.85,-0.61,-10.4274
AMP,2022-06-30,2022-07-26,5.81,5.55,0.26,4.6847
AMP,2022-03-31,2022-04-25,5.98,5.9,0.08,1.3559
AMP,2021-12-31,2022-01-26,6.15,5.73,0.42,7.3298
AMP,2021-09-30,2021-10-26,5.86,5.49,0.37,6.7395
AMP,2021-06-30,2021-07-26,5.27,5.2,0.07,1.3462
AMP,2021-03-31,2021-04-26,5.43,4.71,0.72,15.2866
AMP,2020-12-31,2021-01-27,4.53,4.54,-0.01,-0.2203
AMP,2020-09-30,2020-10-28,1.47,1.23,0.24,19.5122
AMP,2020-06-30,2020-07-29,2.64,2.53,0.11,4.3478
AMP,2020-03-31,2020-05-06,5.41,3.93,1.48,37.659
AMP,2019-12-31,2020-01-29,4.2,4.26,-0.06,-1.4085
AMT,2025-03-31,2025-04-29,1.04,1.5651,-0.5251,-33.5506
AMT,2024-12-31,2025-02-25,2.62,1.57,1.05,66.879
AMT,2024-09-30,2024-10-29,0.89,1.57,-0.68,-43.3121
AMT,2024-06-30,2024-07-30,1.92,1.57,0.35,22.293
AMT,2024-03-31,2024-04-30,1.96,1.78,0.18,10.1124
AMT,2023-12-31,2024-02-27,0.18,0.94,-0.76,-80.8511
AMT,2023-09-30,2023-10-26,1.26,1.13,0.13,11.5044
AMT,2023-06-30,2023-07-27,1.02,1.1,-0.08,-7.2727
AMT,2023-03-31,2023-04-26,0.72,1.09,-0.37,-33.945
AMT,2022-12-31,2023-02-23,-1.47,1.04,-2.51,-241.3462
AMT,2022-09-30,2022-10-27,1.8,1.13,0.67,59.292
AMT,2022-06-30,2022-07-28,1.95,0.96,0.99,103.125
AMT,2022-03-31,2022-04-27,1.56,1.12,0.44,39.2857
AMT,2021-12-31,2022-02-24,0.99,1.15,-0.16,-13.913
AMT,2021-09-30,2021-10-28,1.58,1.2,0.38,31.6667
AMT,2021-06-30,2021-07-29,1.65,1.29,0.36,27.907
AMT,2021-03-31,2021-04-29,1.45,1.27,0.18,14.1732
AMT,2020-12-31,2021-02-25,0.82,1.27,-0.45,-35.4331
AMT,2020-09-30,2020-10-29,1.04,1.1,-0.06,-5.4545
AMT,2020-06-30,2020-07-30,1,1.03,-0.03,-2.9126
AMT,2020-03-31,2020-04-29,0.93,1.05,-0.12,-11.4286
AMT,2019-12-31,2020-02-25,1.26,1.03,0.23,22.3301
AMZN,2025-03-31,2025-05-01,1.59,1.36,0.23,16.9118
AMZN,2024-12-31,2025-02-06,1.86,1.4837,0.3763,25.3623
AMZN,2024-09-30,2024-10-31,1.43,1.14,0.29,25.4386
AMZN,2024-06-30,2024-08-01,1.26,1.03,0.23,22.3301
AMZN,2024-03-31,2024-04-30,0.98,0.82,0.16,19.5122
AMZN,2023-12-31,2024-02-01,1,0.8,0.2,25
AMZN,2023-09-30,2023-10-26,0.94,0.58,0.36,62.069
AMZN,2023-06-30,2023-08-03,0.65,0.35,0.3,85.7143
AMZN,2023-03-31,2023-04-27,0.31,0.21,0.1,47.619
AMZN,2022-12-31,2023-02-02,0.25,0.18,0.07,38.8889
AMZN,2022-09-30,2022-10-27,0.17,0.22,-0.05,-22.7273
AMZN,2022-06-30,2022-07-28,0.18,0.14,0.04,28.5714
AMZN,2022-03-31,2022-04-28,0.37,0.42,-0.05,-11.9048
AMZN,2021-12-31,2022-02-03,0.29,0.18,0.11,61.1111
AMZN,2021-09-30,2021-10-28,0.31,0.45,-0.14,-31.1111
AMZN,2021-06-30,2021-07-29,0.76,0.62,0.14,22.5806
AMZN,2021-03-31,2021-04-29,0.79,0.48,0.31,64.5833
AMZN,2020-12-31,2021-02-02,0.7,0.36,0.34,94.4444
AMZN,2020-09-30,2020-10-29,0.62,0.37,0.25,67.5676
AMZN,2020-06-30,2020-07-30,0.52,0.07,0.45,642.8571
AMZN,2020-03-31,2020-04-30,0.25,0.31,-0.06,-19.3548
AMZN,2019-12-31,2020-01-30,0.32,0.2,0.12,60
ANET,2025-03-31,2025-05-06,0.65,0.59,0.06,10.1695
ANET,2024-12-31,2025-02-18,0.65,0.57,0.08,14.0351
ANET,2024-09-30,2024-11-07,0.6,0.52,0.08,15.3846
ANET,2024-06-30,2024-07-29,0.53,0.49,0.04,8.1633
ANET,2024-03-31,2024-05-06,0.5,0.43,0.07,16.2791
ANET,2023-12-31,2024-02-12,0.52,0.43,0.09,20.9302
ANET,2023-09-30,2023-10-30,0.46,0.4,0.06,15
ANET,2023-06-30,2023-07-31,0.4,0.36,0.04,11.1111
ANET,2023-03-31,2023-05-01,1.43,1.34,0.09,6.7164
ANET,2022-12-31,2023-02-13,1.41,1.21,0.2,16.5289
ANET,2022-09-30,2022-10-31,1.25,1.04,0.21,20.1923
ANET,2022-06-30,2022-08-01,1.08,0.91,0.17,18.6813
ANET,2022-03-31,2022-05-02,0.84,0.81,0.03,3.7037
ANET,2021-12-31,2022-02-14,0.82,0.73,0.09,12.3288
ANET,2021-09-30,2021-11-01,0.74,0.68,0.06,8.8235
ANET,2021-06-30,2021-08-02,0.68,0.64,0.04,6.25
ANET,2021-03-31,2021-05-04,0.63,0.6,0.03,5
ANET,2020-12-31,2021-02-18,0.62,0.6,0.02,3.3333
ANET,2020-09-30,2020-11-02,0.61,0.55,0.06,10.9091
ANET,2020-06-30,2020-08-04,0.53,0.49,0.04,8.1633
ANET,2020-03-31,2020-05-05,0.51,0.45,0.06,13.3333
ANET,2019-12-31,2020-02-13,0.57,0.52,0.05,9.6154
AOS,2025-03-31,2025-04-29,0.95,0.91,0.04,4.3956
AOS,2024-12-31,2025-01-30,0.85,0.89,-0.04,-4.4944
AOS,2024-09-30,2024-10-22,0.82,0.82,0,0
AOS,2024-06-30,2024-07-23,1.06,1.06,0,0
AOS,2024-03-31,2024-04-25,1,0.99,0.01,1.0101
AOS,2023-12-31,2024-01-30,0.97,0.96,0.01,1.0417
AOS,2023-09-30,2023-10-26,0.9,0.79,0.11,13.9241
AOS,2023-06-30,2023-07-27,1.01,0.9,0.11,12.2222
AOS,2023-03-31,2023-04-27,0.94,0.78,0.16,20.5128
AOS,2022-12-31,2023-01-31,0.86,0.79,0.07,8.8608
AOS,2022-09-30,2022-10-27,0.69,0.69,0,0
AOS,2022-06-30,2022-07-28,0.82,0.81,0.01,1.2346
AOS,2022-03-31,2022-04-28,0.77,0.75,0.02,2.6667
AOS,2021-12-31,2022-01-27,0.87,0.77,0.1,12.987
AOS,2021-09-30,2021-10-28,0.82,0.68,0.14,20.5882
AOS,2021-06-30,2021-07-29,0.73,0.65,0.08,12.3077
AOS,2021-03-31,2021-04-29,0.6,0.57,0.03,5.2632
AOS,2020-12-31,2021-01-28,0.74,0.58,0.16,27.5862
AOS,2020-09-30,2020-10-29,0.66,0.52,0.14,26.9231
AOS,2020-06-30,2020-07-30,0.45,0.42,0.03,7.1429
AOS,2020-03-31,2020-05-05,0.32,0.35,-0.03,-8.5714
AOS,2019-12-31,2020-01-28,0.56,0.59,-0.03,-5.0847
APD,2025-03-31,2025-05-01,2.69,2.83,-0.14,-4.947
APD,2024-12-31,2025-02-06,2.86,2.85,0.01,0.3509
APD,2024-09-30,2024-11-07,3.56,3.47,0.09,2.5937
APD,2024-06-30,2024-08-01,3.2,3.04,0.16,5.2632
APD,2024-03-31,2024-04-30,2.85,2.7,0.15,5.5556
APD,2023-12-31,2024-02-05,2.82,3,-0.18,-6
APD,2023-09-30,2023-11-07,3.15,3.11,0.04,1.2862
APD,2023-06-30,2023-08-03,2.98,2.91,0.07,2.4055
APD,2023-03-31,2023-05-09,2.74,2.66,0.08,3.0075
APD,2022-12-31,2023-02-02,2.64,2.7,-0.06,-2.2222
APD,2022-09-30,2022-11-03,2.89,2.76,0.13,4.7101
APD,2022-06-30,2022-08-04,2.62,2.61,0.01,0.3831
APD,2022-03-31,2022-05-05,2.38,2.37,0.01,0.4219
APD,2021-12-31,2022-02-04,2.52,2.5,0.02,0.8
APD,2021-09-30,2021-11-04,2.51,2.49,0.02,0.8032
APD,2021-06-30,2021-08-09,2.31,2.38,-0.07,-2.9412
APD,2021-03-31,2021-05-10,2.08,2.11,-0.03,-1.4218
APD,2020-12-31,2021-02-04,2.12,2.2,-0.08,-3.6364
APD,2020-09-30,2020-11-11,2.19,2.21,-0.02,-0.905
APD,2020-06-30,2020-07-23,2.01,1.98,0.03,1.5152
APD,2020-03-31,2020-04-23,2.04,2.06,-0.02,-0.9709
APD,2019-12-31,2020-01-24,2.14,2.08,0.06,2.8846
APH,2025-03-31,2025-04-23,0.63,0.52,0.11,21.1538
APH,2024-12-31,2025-01-22,0.55,0.5,0.05,10
APH,2024-09-30,2024-10-23,0.5,0.45,0.05,11.1111
APH,2024-06-30,2024-07-24,0.44,0.41,0.03,7.3171
APH,2024-03-31,2024-04-24,0.8,0.73,0.07,9.589
APH,2023-12-31,2024-01-24,0.82,0.77,0.05,6.4935
APH,2023-09-30,2023-10-25,0.78,0.74,0.04,5.4054
APH,2023-06-30,2023-07-26,0.72,0.68,0.04,5.8824
APH,2023-03-31,2023-04-26,0.69,0.67,0.02,2.9851
APH,2022-12-31,2023-01-25,0.78,0.75,0.03,4
APH,2022-09-30,2022-10-26,0.8,0.75,0.05,6.6667
APH,2022-06-30,2022-07-27,0.75,0.68,0.07,10.2941
APH,2022-03-31,2022-04-27,0.67,0.61,0.06,9.8361
APH,2021-12-31,2022-01-26,0.7,0.63,0.07,11.1111
APH,2021-09-30,2021-10-27,0.65,0.63,0.02,3.1746
APH,2021-06-30,2021-07-28,0.61,0.55,0.06,10.9091
APH,2021-03-31,2021-04-28,0.52,0.47,0.05,10.6383
APH,2020-12-31,2021-01-27,0.56,0.51,0.05,9.8039
APH,2020-09-30,2020-10-21,0.55,0.44,0.11,25
APH,2020-06-30,2020-07-22,0.41,0.31,0.1,32.2581
APH,2020-03-31,2020-04-22,0.36,0.37,-0.01,-2.7027
APH,2019-12-31,2020-01-22,0.49,0.45,0.04,8.8889
APTV,2025-03-31,2025-05-01,1.69,1.53,0.16,10.4575
APTV,2024-12-31,2025-02-06,1.75,1.65,0.1,6.0606
APTV,2024-09-30,2024-10-31,1.83,1.66,0.17,10.241
APTV,2024-06-30,2024-08-01,1.58,1.42,0.16,11.2676
APTV,2024-03-31,2024-05-02,1.16,1,0.16,16
APTV,2023-12-31,2024-01-31,1.4,1.33,0.07,5.2632
APTV,2023-09-30,2023-11-02,1.3,1.23,0.07,5.6911
APTV,2023-06-30,2023-08-03,1.25,1.02,0.23,22.549
APTV,2023-03-31,2023-05-04,0.91,0.91,0,0
APTV,2022-12-31,2023-02-02,1.27,1.18,0.09,7.6271
APTV,2022-09-30,2022-11-03,1.28,1,0.28,28
APTV,2022-06-30,2022-08-04,0.22,0.61,-0.39,-63.9344
APTV,2022-03-31,2022-05-05,0.63,0.62,0.01,1.6129
APTV,2021-12-31,2022-02-03,0.56,0.56,0,0
APTV,2021-09-30,2021-11-04,0.38,0.32,0.06,18.75
APTV,2021-06-30,2021-08-05,0.6,0.64,-0.04,-6.25
APTV,2021-03-31,2021-05-06,1.06,0.78,0.28,35.8974
APTV,2020-12-31,2021-02-03,1.13,1.01,0.12,11.8812
APTV,2020-09-30,2020-10-29,1.13,0.83,0.3,36.1446
APTV,2020-06-30,2020-07-30,-1.1,-1.34,0.24,17.9104
APTV,2020-03-31,2020-05-05,0.68,0.35,0.33,94.2857
APTV,2019-12-31,2020-01-30,1.15,1.02,0.13,12.7451
ARE,2025-03-31,2025-04-28,0.51,0.6,-0.09,-15
ARE,2024-12-31,2025-01-27,0.69,0.9,-0.21,-23.3333
ARE,2024-09-30,2024-10-21,0.87,0.92,-0.05,-5.4348
ARE,2024-06-30,2024-07-22,0.88,0.61,0.27,44.2623
ARE,2024-03-31,2024-04-22,0.89,0.63,0.26,41.2698
ARE,2023-12-31,2024-01-29,0.82,0.8,0.02,2.5
ARE,2023-09-30,2023-10-23,0.87,0.88,-0.01,-1.1364
ARE,2023-06-30,2023-07-24,0.51,0.39,0.12,30.7692
ARE,2023-03-31,2023-04-24,0.83,0.79,0.04,5.0633
ARE,2022-12-31,2023-01-30,0.31,0.74,-0.43,-58.1081
ARE,2022-09-30,2022-10-24,0.35,0.76,-0.41,-53.9474
ARE,2022-06-30,2022-07-25,0.78,0.67,0.11,16.4179
ARE,2022-03-31,2022-04-25,0.71,0.88,-0.17,-19.3182
ARE,2021-12-31,2022-01-31,0.58,0.56,0.02,3.5714
ARE,2021-09-30,2021-10-25,0.7,0.75,-0.05,-6.6667
ARE,2021-06-30,2021-07-26,0.73,0.61,0.12,19.6721
ARE,2021-03-31,2021-04-26,0.72,0.58,0.14,24.1379
ARE,2020-12-31,2021-02-01,0.62,0.65,-0.03,-4.6154
ARE,2020-09-30,2020-10-26,0.56,0.84,-0.28,-33.3333
ARE,2020-06-30,2020-07-27,0.59,0.54,0.05,9.2593
ARE,2020-03-31,2020-04-27,0.46,0.74,-0.28,-37.8378
ARE,2019-12-31,2020-02-03,0.64,0.61,0.03,4.918
ATO,2025-03-31,2025-05-07,3.03,2.88,0.15,5.2083
ATO,2024-12-31,2025-02-04,2.23,2.21,0.02,0.905
ATO,2024-09-30,2024-11-06,0.83,0.81,0.02,2.4691
ATO,2024-06-30,2024-08-07,1.08,1.05,0.03,2.8571
ATO,2024-03-31,2024-05-08,2.85,2.61,0.24,9.1954
ATO,2023-12-31,2024-02-06,2.08,2.05,0.03,1.4634
ATO,2023-09-30,2023-11-08,0.8,0.72,0.08,11.1111
ATO,2023-06-30,2023-08-02,0.94,0.99,-0.05,-5.0505
ATO,2023-03-31,2023-05-03,2.48,2.46,0.02,0.813
ATO,2022-12-31,2023-02-07,1.91,1.92,-0.01,-0.5208
ATO,2022-09-30,2022-11-09,0.51,0.43,0.08,18.6047
ATO,2022-06-30,2022-08-03,0.92,0.86,0.06,6.9767
ATO,2022-03-31,2022-05-04,2.37,2.34,0.03,1.2821
ATO,2021-12-31,2022-02-08,1.86,1.85,0.01,0.5405
ATO,2021-09-30,2021-11-10,0.37,0.38,-0.01,-2.6316
ATO,2021-06-30,2021-08-04,0.78,0.74,0.04,5.4054
ATO,2021-03-31,2021-05-05,2.3,2.05,0.25,12.1951
ATO,2020-12-31,2021-02-02,1.71,1.53,0.18,11.7647
ATO,2020-09-30,2020-11-11,0.53,0.51,0.02,3.9216
ATO,2020-06-30,2020-08-05,0.79,0.77,0.02,2.5974
ATO,2020-03-31,2020-05-06,1.95,1.92,0.03,1.5625
ATO,2019-12-31,2020-02-04,1.47,1.46,0.01,0.6849
AVB,2025-03-31,2025-04-30,1.26,1.36,-0.1,-7.3529
AVB,2024-12-31,2025-02-05,2.15,1.27,0.88,69.2913
AVB,2024-09-30,2024-11-04,2.47,1.47,1,68.0272
AVB,2024-06-30,2024-07-31,1.78,1.26,0.52,41.2698
AVB,2024-03-31,2024-04-25,1.22,1.17,0.05,4.2735
AVB,2023-12-31,2024-01-31,1.7,1.34,0.36,26.8657
AVB,2023-09-30,2023-10-25,1.21,1.27,-0.06,-4.7244
AVB,2023-06-30,2023-07-31,1.28,1.33,-0.05,-3.7594
AVB,2023-03-31,2023-04-26,1.05,1.13,-0.08,-7.0796
AVB,2022-12-31,2023-02-08,1.72,1.52,0.2,13.1579
AVB,2022-09-30,2022-11-03,3.53,1.26,2.27,180.1587
AVB,2022-06-30,2022-07-27,0.99,0.92,0.07,7.6087
AVB,2022-03-31,2022-04-27,0.82,0.87,-0.05,-5.7471
AVB,2021-12-31,2022-02-02,2.4,1,1.4,140
AVB,2021-09-30,2021-10-27,0.56,0.77,-0.21,-27.2727
AVB,2021-06-30,2021-07-28,0.71,0.66,0.05,7.5758
AVB,2021-03-31,2021-04-28,1.02,0.73,0.29,39.726
AVB,2020-12-31,2021-02-03,2.44,0.86,1.58,183.7209
AVB,2020-09-30,2020-10-28,1.05,0.96,0.09,9.375
AVB,2020-06-30,2020-07-29,1.21,1.03,0.18,17.4757
AVB,2020-03-31,2020-05-06,1.19,1.19,0,0
AVB,2019-12-31,2020-02-05,1.2,1.22,-0.02,-1.6393
AVGO,2025-04-30,2025-06-05,1.58,1.57,0.01,0.6369
AVGO,2025-01-31,2025-03-06,1.6,1.51,0.09,5.9603
AVGO,2024-10-31,2024-12-12,1.42,1.39,0.03,2.1583
AVGO,2024-07-31,2024-09-05,1.24,1.2,0.04,3.3333
AVGO,2024-04-30,2024-06-12,1.096,1.084,0.012,1.107
AVGO,2024-01-31,2024-03-07,1.099,1.029,0.07,6.8027
AVGO,2023-10-31,2023-12-07,1.106,1.098,0.008,0.7286
AVGO,2023-07-31,2023-08-31,1.054,1.042,0.012,1.1516
AVGO,2023-04-30,2023-06-01,1.032,1.008,0.024,2.381
AVGO,2023-01-31,2023-03-02,1.033,1.01,0.023,2.2772
AVGO,2022-10-31,2022-12-08,1.045,1.028,0.017,1.6537
AVGO,2022-07-31,2022-09-01,0.973,0.956,0.017,1.7782
AVGO,2022-04-30,2022-05-26,0.907,0.871,0.036,4.1332
AVGO,2022-01-31,2022-03-03,0.839,0.808,0.031,3.8366
AVGO,2021-10-31,2021-12-09,0.781,0.774,0.007,0.9044
AVGO,2021-07-31,2021-09-02,0.696,0.688,0.008,1.1628
AVGO,2021-04-30,2021-06-03,0.662,0.643,0.019,2.9549
AVGO,2021-01-31,2021-03-04,0.661,0.656,0.005,0.7622
AVGO,2020-10-31,2020-12-10,0.635,0.625,0.01,1.6
AVGO,2020-07-31,2020-09-03,0.54,0.524,0.016,3.0534
AVGO,2020-04-30,2020-06-04,0.514,0.514,0,0
AVGO,2020-01-31,2020-03-12,0.525,0.533,-0.008,-1.5009
AVY,2025-03-31,2025-04-23,2.3,2.31,-0.01,-0.4329
AVY,2024-12-31,2025-01-30,2.16,2.32,-0.16,-6.8966
AVY,2024-09-30,2024-10-23,2.33,2.34,-0.01,-0.4274
AVY,2024-06-30,2024-07-23,2.42,2.26,0.16,7.0796
AVY,2024-03-31,2024-04-24,2.29,2.15,0.14,6.5116
AVY,2023-12-31,2024-01-31,2.16,2.16,0,0
AVY,2023-09-30,2023-10-25,2.1,2.1,0,0
AVY,2023-06-30,2023-07-25,1.92,2.08,-0.16,-7.6923
AVY,2023-03-31,2023-04-26,1.7,1.65,0.05,3.0303
AVY,2022-12-31,2023-02-02,1.65,2.02,-0.37,-18.3168
AVY,2022-09-30,2022-10-26,2.46,2.47,-0.01,-0.4049
AVY,2022-06-30,2022-07-27,2.64,2.37,0.27,11.3924
AVY,2022-03-31,2022-04-26,2.4,2.17,0.23,10.5991
AVY,2021-12-31,2022-02-02,2.13,2.12,0.01,0.4717
AVY,2021-09-30,2021-10-27,2.14,2.03,0.11,5.4187
AVY,2021-06-30,2021-07-28,2.25,2.04,0.21,10.2941
AVY,2021-03-31,2021-04-28,2.4,2.02,0.38,18.8119
AVY,2020-12-31,2021-02-03,2.27,2.11,0.16,7.5829
AVY,2020-09-30,2020-10-21,1.91,1.5,0.41,27.3333
AVY,2020-06-30,2020-07-27,1.27,1.14,0.13,11.4035
AVY,2020-03-31,2020-04-29,1.66,1.5,0.16,10.6667
AVY,2019-12-31,2020-01-29,1.73,1.69,0.04,2.3669
AWK,2025-03-31,2025-04-30,1.05,1.066,-0.016,-1.5009
AWK,2024-12-31,2025-02-19,1.22,1.06,0.16,15.0943
AWK,2024-09-30,2024-10-30,1.77,1.84,-0.07,-3.8043
AWK,2024-06-30,2024-07-31,1.4,1.46,-0.06,-4.1096
AWK,2024-03-31,2024-05-01,0.93,0.98,-0.05,-5.102
AWK,2023-12-31,2024-02-14,0.92,0.83,0.09,10.8434
AWK,2023-09-30,2023-11-01,1.7,1.65,0.05,3.0303
AWK,2023-06-30,2023-07-26,1.47,1.31,0.16,12.2137
AWK,2023-03-31,2023-04-26,0.91,0.92,-0.01,-1.087
AWK,2022-12-31,2023-02-15,0.73,0.78,-0.05,-6.4103
AWK,2022-09-30,2022-10-31,1.63,1.51,0.12,7.947
AWK,2022-06-30,2022-07-27,1.2,1.16,0.04,3.4483
AWK,2022-03-31,2022-04-27,0.87,0.77,0.1,12.987
AWK,2021-12-31,2022-02-16,0.59,0.85,-0.26,-30.5882
AWK,2021-09-30,2021-11-02,1.53,1.53,0,0
AWK,2021-06-30,2021-08-02,1.14,1.08,0.06,5.5556
AWK,2021-03-31,2021-05-03,0.73,0.73,0,0
AWK,2020-12-31,2021-02-24,0.8,0.8,0,0
AWK,2020-09-30,2020-11-04,1.46,1.38,0.08,5.7971
AWK,2020-06-30,2020-08-05,0.97,0.96,0.01,1.0417
AWK,2020-03-31,2020-05-06,0.67,0.65,0.02,3.0769
AWK,2019-12-31,2020-02-18,0.73,0.73,0,0
AXON,2025-03-31,2025-05-07,1.41,1.2421,0.1679,13.5174
AXON,2024-12-31,2025-02-25,2.08,1.4034,0.6766,48.2115
AXON,2024-09-30,2024-11-07,1.45,1.19,0.26,21.8487
AXON,2024-06-30,2024-08-06,1.2,1.02,0.18,17.6471
AXON,2024-03-31,2024-05-06,1.15,0.94,0.21,22.3404
AXON,2023-12-31,2024-02-27,1.12,0.85,0.27,31.7647
AXON,2023-09-30,2023-11-07,1.02,0.76,0.26,34.2105
AXON,2023-06-30,2023-08-08,1.11,0.62,0.49,79.0323
AXON,2023-03-31,2023-05-09,0.88,0.54,0.34,62.963
AXON,2022-12-31,2023-02-28,0.7,0.51,0.19,37.2549
AXON,2022-09-30,2022-11-08,0.6,0.49,0.11,22.449
AXON,2022-06-30,2022-08-09,0.44,0.39,0.05,12.8205
AXON,2022-03-31,2022-05-10,0.45,0.3,0.15,50
AXON,2021-12-31,2022-02-24,0.46,0.17,0.29,170.5882
AXON,2021-09-30,2021-11-15,1.17,0.26,0.91,350
AXON,2021-06-30,2021-08-05,0.38,0.23,0.15,65.2174
AXON,2021-03-31,2021-05-06,0.31,0.21,0.1,47.619
AXON,2020-12-31,2021-02-25,1,0.36,0.64,177.7778
AXON,2020-09-30,2020-11-05,0.4,0.2,0.2,100
AXON,2020-06-30,2020-08-06,-0.01,0.16,-0.17,-106.25
AXON,2020-03-31,2020-05-07,0.4,0.18,0.22,122.2222
AXON,2019-12-31,2020-02-27,0.41,0.38,0.03,7.8947
AZO,2025-05-31,2025-06-13,35.36,37.11,-1.75,-4.7157
AZO,2025-02-28,2025-03-04,35.36,37.01,-1.65,-4.4583
AZO,2024-11-30,2024-12-10,32.52,33.59,-1.07,-3.1855
AZO,2024-08-31,2024-09-24,48.11,53.61,-5.5,-10.2593
AZO,2024-05-31,2024-05-21,36.69,36.69,0,0
AZO,2024-02-29,2024-05-21,28.89,26.3,2.59,9.8479
AZO,2023-11-30,2023-12-05,32.55,31.56,0.99,3.1369
AZO,2023-08-31,2023-09-19,46.46,45.22,1.24,2.7421
AZO,2023-05-31,2023-05-23,34.12,31.41,2.71,8.6278
AZO,2023-02-28,2023-05-23,24.64,21.83,2.81,12.8722
AZO,2022-11-30,2022-12-06,27.45,25.26,2.19,8.6698
AZO,2022-08-31,2022-09-19,40.51,40.51,0,0
AZO,2022-05-31,2022-05-24,29.03,29.03,0,0
AZO,2022-02-28,2022-03-01,22.3,22.3,0,0
AZO,2021-11-30,2021-12-07,25.69,25.69,0,0
AZO,2021-08-31,2021-09-21,35.72,35.72,0,0
AZO,2021-05-31,2021-05-25,26.48,26.48,0,0
AZO,2021-02-28,2021-03-02,14.93,14.93,0,0
AZO,2020-11-30,2020-12-08,18.61,18.61,0,0
AZO,2020-08-31,2020-09-22,30.93,30.93,0,0
AZO,2020-05-31,2020-05-26,14.39,14.39,0,0
AZO,2020-02-29,2020-03-03,12.39,12.39,0,0
B,2025-03-31,2025-05-07,0.35,0.3,0.05,16.6667
B,2024-12-31,2025-02-21,0.46,0.41,0.05,12.1951
B,2024-09-30,2024-10-25,0.3,0.32,-0.02,-6.25
B,2024-06-30,2024-07-26,0.32,0.2741,0.0459,16.7457
B,2024-03-31,2024-04-26,0.168,None,0,None
B,2023-12-31,2024-02-16,0.2728,None,0,None
B,2023-09-30,2023-10-27,0.2097,None,0,None
B,2023-06-30,2023-07-28,0.1738,None,0,None
B,2023-03-31,2023-04-27,0.0684,None,0,None
B,2022-12-31,2023-02-17,-0.4179,None,0,None
B,2022-09-30,2022-10-28,0.1363,None,0,None
B,2022-06-30,2022-07-29,0.2746,None,0,None
B,2022-03-31,2022-04-29,0.2462,None,0,None
B,2021-12-31,2022-02-18,0.408,None,0,None
B,2021-09-30,2021-10-29,0.1951,None,0,None
B,2021-06-30,2021-07-30,0.231,None,0,None
B,2021-03-31,2021-04-30,0.3026,None,0,None
B,2020-12-31,2021-02-19,0.3852,None,0,None
B,2020-09-30,2020-10-23,0.4961,None,0,None
B,2020-06-30,2020-07-28,0.2008,None,0,None
B,2020-03-31,2020-04-24,0.225,None,0,None
B,2019-12-31,2020-02-21,0.7801,None,0,None
BA,2025-03-31,2025-04-23,-0.49,-1.3,0.81,62.3077
BA,2024-12-31,2025-01-28,-5.9,-3.78,-2.12,-56.0847
BA,2024-09-30,2024-10-23,-10.44,-8.72,-1.72,-19.7248
BA,2024-06-30,2024-07-31,-2.9,-2.01,-0.89,-44.2786
BA,2024-03-31,2024-04-24,-1.13,-1.76,0.63,35.7955
BA,2023-12-31,2024-01-31,-0.47,-0.79,0.32,40.5063
BA,2023-09-30,2023-10-25,-3.26,-2.61,-0.65,-24.9042
BA,2023-06-30,2023-07-26,-0.82,-0.89,0.07,7.8652
BA,2023-03-31,2023-04-26,-1.27,-1.05,-0.22,-20.9524
BA,2022-12-31,2023-01-25,-1.75,0.2,-1.95,-975
BA,2022-09-30,2022-10-26,-6.18,0.09,-6.27,-6966.6667
BA,2022-06-30,2022-07-27,-0.37,-0.11,-0.26,-236.3636
BA,2022-03-31,2022-04-27,-2.75,-0.25,-2.5,-1000
BA,2021-12-31,2022-01-26,-7.69,-0.16,-7.53,-4706.25
BA,2021-09-30,2021-10-27,-0.6,-0.15,-0.45,-300
BA,2021-06-30,2021-07-28,0.4,-0.73,1.13,154.7945
BA,2021-03-31,2021-04-28,-1.53,-1.09,-0.44,-40.367
BA,2020-12-31,2021-01-27,-15.25,-1.65,-13.6,-824.2424
BA,2020-09-30,2020-10-28,-1.39,-2.21,0.82,37.1041
BA,2020-06-30,2020-07-29,-4.79,-2.53,-2.26,-89.3281
BA,2020-03-31,2020-04-29,-1.7,-1.49,-0.21,-14.094
BA,2019-12-31,2020-01-29,-2.33,-1.18,-1.15,-97.4576
BAC,2025-03-31,2025-04-15,0.9,0.82,0.08,9.7561
BAC,2024-12-31,2025-01-16,0.82,0.77,0.05,6.4935
BAC,2024-09-30,2024-10-15,0.81,0.76,0.05,6.5789
BAC,2024-06-30,2024-07-16,0.83,0.8,0.03,3.75
BAC,2024-03-31,2024-04-16,0.77,0.7,0.07,10
BAC,2023-12-31,2024-01-12,0.32,0.63,-0.31,-49.2063
BAC,2023-09-30,2023-10-17,0.9,0.82,0.08,9.7561
BAC,2023-06-30,2023-07-18,0.88,0.84,0.04,4.7619
BAC,2023-03-31,2023-04-18,0.94,0.82,0.12,14.6341
BAC,2022-12-31,2023-01-13,0.85,0.77,0.08,10.3896
BAC,2022-09-30,2022-10-17,0.81,0.77,0.04,5.1948
BAC,2022-06-30,2022-07-18,0.78,0.75,0.03,4
BAC,2022-03-31,2022-04-18,0.8,0.75,0.05,6.6667
BAC,2021-12-31,2022-01-19,0.82,0.76,0.06,7.8947
BAC,2021-09-30,2021-10-14,0.85,0.71,0.14,19.7183
BAC,2021-06-30,2021-07-14,0.8,0.77,0.03,3.8961
BAC,2021-03-31,2021-04-15,0.86,0.66,0.2,30.303
BAC,2020-12-31,2021-01-19,0.59,0.55,0.04,7.2727
BAC,2020-09-30,2020-10-14,0.51,0.49,0.02,4.0816
BAC,2020-06-30,2020-07-16,0.37,0.27,0.1,37.037
BAC,2020-03-31,2020-04-15,0.37,0.46,-0.09,-19.5652
BAC,2019-12-31,2020-01-15,0.75,0.68,0.07,10.2941
BBY,2025-04-30,2025-05-29,1.15,1.1,0.05,4.5455
BBY,2025-01-31,2025-03-04,2.58,2.4066,0.1734,7.2052
BBY,2024-10-31,2024-11-26,1.26,1.29,-0.03,-2.3256
BBY,2024-07-31,2024-08-29,1.34,1.16,0.18,15.5172
BBY,2024-04-30,2024-05-30,1.2,1.08,0.12,11.1111
BBY,2024-01-31,2024-02-29,2.72,2.52,0.2,7.9365
BBY,2023-10-31,2023-11-21,1.29,1.18,0.11,9.322
BBY,2023-07-31,2023-08-29,1.22,1.07,0.15,14.0187
BBY,2023-04-30,2023-05-25,1.15,1.11,0.04,3.6036
BBY,2023-01-31,2023-03-02,2.61,2.1,0.51,24.2857
BBY,2022-10-31,2022-11-22,1.38,1.03,0.35,33.9806
BBY,2022-07-31,2022-08-30,1.54,1.54,0,0
BBY,2022-04-30,2022-05-24,1.57,1.61,-0.04,-2.4845
BBY,2022-01-31,2022-03-03,2.73,2.73,0,0
BBY,2021-10-31,2021-11-23,2.08,1.91,0.17,8.9005
BBY,2021-07-31,2021-08-24,2.98,1.85,1.13,61.0811
BBY,2021-04-30,2021-05-27,2.23,1.39,0.84,60.4317
BBY,2021-01-31,2021-02-25,3.48,3.45,0.03,0.8696
BBY,2020-10-31,2020-11-24,2.06,1.7,0.36,21.1765
BBY,2020-07-31,2020-08-25,1.71,1.08,0.63,58.3333
BBY,2020-04-30,2020-05-21,0.67,0.5,0.17,34
BBY,2020-01-31,2020-02-27,2.9,2.75,0.15,5.4545
BDX,2025-03-31,2025-05-01,3.35,3.28,0.07,2.1341
BDX,2024-12-31,2025-02-05,3.43,2.99,0.44,14.7157
BDX,2024-09-30,2024-11-07,3.81,3.77,0.04,1.061
BDX,2024-06-30,2024-08-01,3.5,3.31,0.19,5.7402
BDX,2024-03-31,2024-05-02,3.17,2.97,0.2,6.734
BDX,2023-12-31,2024-02-01,2.68,2.4,0.28,11.6667
BDX,2023-09-30,2023-11-09,3.42,3.43,-0.01,-0.2915
BDX,2023-06-30,2023-08-03,2.96,2.91,0.05,1.7182
BDX,2023-03-31,2023-05-04,2.86,2.74,0.12,4.3796
BDX,2022-12-31,2023-02-02,2.98,2.68,0.3,11.194
BDX,2022-09-30,2022-11-10,2.75,2.74,0.01,0.365
BDX,2022-06-30,2022-08-04,2.66,2.5,0.16,6.4
BDX,2022-03-31,2022-05-05,3.18,2.99,0.19,6.3545
BDX,2021-12-31,2022-02-03,3.64,2.85,0.79,27.7193
BDX,2021-09-30,2021-11-04,2.59,2.46,0.13,5.2846
BDX,2021-06-30,2021-08-05,2.74,2.44,0.3,12.2951
BDX,2021-03-31,2021-05-06,3.19,3.04,0.15,4.9342
BDX,2020-12-31,2021-02-04,4.55,3.11,1.44,46.3023
BDX,2020-09-30,2020-11-05,2.79,2.52,0.27,10.7143
BDX,2020-06-30,2020-08-06,2.2,2.04,0.16,7.8431
BDX,2020-03-31,2020-05-07,2.55,2.32,0.23,9.9138
BDX,2019-12-31,2020-02-06,2.65,2.63,0.02,0.7605
BIIB,2025-03-31,2025-05-01,3.02,2.95,0.07,2.3729
BIIB,2024-12-31,2025-02-12,3.44,3.36,0.08,2.381
BIIB,2024-09-30,2024-10-30,4.08,3.79,0.29,7.6517
BIIB,2024-06-30,2024-08-01,5.28,4.03,1.25,31.0174
BIIB,2024-03-31,2024-04-24,3.67,3.45,0.22,6.3768
BIIB,2023-12-31,2024-02-13,3.3,3.18,0.12,3.7736
BIIB,2023-09-30,2023-11-08,4.36,3.97,0.39,9.8237
BIIB,2023-06-30,2023-07-25,4.02,3.77,0.25,6.6313
BIIB,2023-03-31,2023-04-25,3.4,3.28,0.12,3.6585
BIIB,2022-12-31,2023-02-15,4.05,3.48,0.57,16.3793
BIIB,2022-09-30,2022-10-25,4.77,4.14,0.63,15.2174
BIIB,2022-06-30,2022-07-20,5.25,4.06,1.19,29.3103
BIIB,2022-03-31,2022-05-03,4.38,4.38,0,0
BIIB,2021-12-31,2022-02-03,3.39,3.38,0.01,0.2959
BIIB,2021-09-30,2021-10-20,4.77,4.09,0.68,16.6259
BIIB,2021-06-30,2021-07-22,5.68,4.54,1.14,25.1101
BIIB,2021-03-31,2021-04-22,5.34,5.04,0.3,5.9524
BIIB,2020-12-31,2021-02-03,4.58,4.87,-0.29,-5.9548
BIIB,2020-09-30,2020-10-21,8.84,8.04,0.8,9.9502
BIIB,2020-06-30,2020-07-22,10.26,8.03,2.23,27.7709
BIIB,2020-03-31,2020-04-22,9.14,7.73,1.41,18.2406
BIIB,2019-12-31,2020-01-30,8.34,8.02,0.32,3.99
BK,2025-03-31,2025-04-11,1.58,1.49,0.09,6.0403
BK,2024-12-31,2025-01-15,1.72,1.57,0.15,9.5541
BK,2024-09-30,2024-10-11,1.52,1.42,0.1,7.0423
BK,2024-06-30,2024-07-12,1.51,1.43,0.08,5.5944
BK,2024-03-31,2024-04-16,1.29,1.19,0.1,8.4034
BK,2023-12-31,2024-01-12,1.28,1.12,0.16,14.2857
BK,2023-09-30,2023-10-17,1.27,1.14,0.13,11.4035
BK,2023-06-30,2023-07-18,1.38,1.22,0.16,13.1148
BK,2023-03-31,2023-04-18,1.13,1.11,0.02,1.8018
BK,2022-12-31,2023-01-13,1.3,1.24,0.06,4.8387
BK,2022-09-30,2022-10-17,1.21,1.08,0.13,12.037
BK,2022-06-30,2022-07-15,1.15,1.11,0.04,3.6036
BK,2022-03-31,2022-04-18,0.94,0.86,0.08,9.3023
BK,2021-12-31,2022-01-18,1.04,1.01,0.03,2.9703
BK,2021-09-30,2021-10-19,1.04,1,0.04,4
BK,2021-06-30,2021-07-15,1.13,1,0.13,13
BK,2021-03-31,2021-04-16,0.97,0.86,0.11,12.7907
BK,2020-12-31,2021-01-20,0.96,0.91,0.05,5.4945
BK,2020-09-30,2020-10-16,0.98,0.94,0.04,4.2553
BK,2020-06-30,2020-07-15,1.01,0.92,0.09,9.7826
BK,2020-03-31,2020-04-16,1.05,0.91,0.14,15.3846
BK,2019-12-31,2020-01-16,1.01,1,0.01,1
BKNG,2025-03-31,2025-04-29,24.81,20.65,4.16,20.1453
BKNG,2024-12-31,2025-02-20,41.55,36.0537,5.4963,15.2448
BKNG,2024-09-30,2024-10-30,83.89,77.52,6.37,8.2172
BKNG,2024-06-30,2024-08-01,41.9,38.37,3.53,9.1999
BKNG,2024-03-31,2024-05-02,20.39,14.09,6.3,44.7126
BKNG,2023-12-31,2024-02-22,32,29.86,2.14,7.1668
BKNG,2023-09-30,2023-11-02,72.32,67.61,4.71,6.9664
BKNG,2023-06-30,2023-08-03,37.62,28.9,8.72,30.173
BKNG,2023-03-31,2023-05-04,11.6,10.61,0.99,9.3308
BKNG,2022-12-31,2023-02-23,24.74,22.23,2.51,11.291
BKNG,2022-09-30,2022-11-02,53.03,49.92,3.11,6.23
BKNG,2022-06-30,2022-08-03,19.08,17.48,1.6,9.1533
BKNG,2022-03-31,2022-05-04,3.9,0.9,3,333.3333
BKNG,2021-12-31,2022-02-23,15.83,13.68,2.15,15.7164
BKNG,2021-09-30,2021-11-03,37.7,32.9,4.8,14.5897
BKNG,2021-06-30,2021-08-04,-2.55,-2.04,-0.51,-25
BKNG,2021-03-31,2021-05-05,-5.26,-5.87,0.61,10.3918
BKNG,2020-12-31,2021-02-24,-0.57,-4.28,3.71,86.6822
BKNG,2020-09-30,2020-11-05,12.27,14.13,-1.86,-13.1635
BKNG,2020-06-30,2020-08-06,-10.81,-10.29,-0.52,-5.0534
BKNG,2020-03-31,2020-05-07,3.77,5.64,-1.87,-33.156
BKNG,2019-12-31,2020-02-26,23.3,22.04,1.26,5.7169
BKR,2025-03-31,2025-04-22,0.51,0.47,0.04,8.5106
BKR,2024-12-31,2025-01-30,0.7,0.63,0.07,11.1111
BKR,2024-09-30,2024-10-22,0.67,0.61,0.06,9.8361
BKR,2024-06-30,2024-07-25,0.57,0.49,0.08,16.3265
BKR,2024-03-31,2024-04-23,0.43,0.4,0.03,7.5
BKR,2023-12-31,2024-01-23,0.51,0.48,0.03,6.25
BKR,2023-09-30,2023-10-25,0.42,0.4,0.02,5
BKR,2023-06-30,2023-07-19,0.39,0.33,0.06,18.1818
BKR,2023-03-31,2023-04-19,0.28,0.26,0.02,7.6923
BKR,2022-12-31,2023-01-23,0.38,0.4,-0.02,-5
BKR,2022-09-30,2022-10-19,0.26,0.25,0.01,4
BKR,2022-06-30,2022-07-20,0.11,0.22,-0.11,-50
BKR,2022-03-31,2022-04-20,0.15,0.2,-0.05,-25
BKR,2021-12-31,2022-01-20,0.25,0.29,-0.04,-13.7931
BKR,2021-09-30,2021-10-20,0.16,0.21,-0.05,-23.8095
BKR,2021-06-30,2021-07-21,0.1,0.16,-0.06,-37.5
BKR,2021-03-31,2021-04-21,0.12,0.12,0,0
BKR,2020-12-31,2021-01-21,-0.07,0.16,-0.23,-143.75
BKR,2020-09-30,2020-10-21,0.04,0.04,0,0
BKR,2020-06-30,2020-07-22,-0.05,-0.01,-0.04,-400
BKR,2020-03-31,2020-04-22,0.11,0.11,0,0
BKR,2019-12-31,2020-01-22,0.27,0.31,-0.04,-12.9032
BLK,2025-03-31,2025-04-11,9.64,9.77,-0.13,-1.3306
BLK,2024-12-31,2025-01-15,11.93,11.45,0.48,4.1921
BLK,2024-09-30,2024-10-11,11.46,10.31,1.15,11.1542
BLK,2024-06-30,2024-07-15,10.36,9.96,0.4,4.0161
BLK,2024-03-31,2024-04-12,9.81,9.39,0.42,4.4728
BLK,2023-12-31,2024-01-12,9.15,8.77,0.38,4.333
BLK,2023-09-30,2023-10-13,10.66,8.3,2.36,28.4337
BLK,2023-06-30,2023-07-14,9.28,8.47,0.81,9.5632
BLK,2023-03-31,2023-04-14,7.64,7.61,0.03,0.3942
BLK,2022-12-31,2023-01-13,8.29,8.06,0.23,2.8536
BLK,2022-09-30,2022-10-13,9.55,7.06,2.49,35.2691
BLK,2022-06-30,2022-07-15,7.36,8.02,-0.66,-8.2294
BLK,2022-03-31,2022-04-13,9.52,8.75,0.77,8.8
BLK,2021-12-31,2022-01-14,10.42,10.16,0.26,2.5591
BLK,2021-09-30,2021-10-13,10.95,9.35,1.6,17.1123
BLK,2021-06-30,2021-07-14,10.03,9.46,0.57,6.0254
BLK,2021-03-31,2021-04-15,7.77,7.64,0.13,1.7016
BLK,2020-12-31,2021-01-14,10.18,9.14,1.04,11.3786
BLK,2020-09-30,2020-10-13,9.22,7.8,1.42,18.2051
BLK,2020-06-30,2020-07-17,7.85,6.99,0.86,12.3033
BLK,2020-03-31,2020-04-16,6.6,6.36,0.24,3.7736
BLK,2019-12-31,2020-01-15,8.34,7.69,0.65,8.4525
BMY,2025-03-31,2025-04-24,1.8,1.5,0.3,20
BMY,2024-12-31,2025-02-06,1.67,1.47,0.2,13.6054
BMY,2024-09-30,2024-10-31,1.8,1.5,0.3,20
BMY,2024-06-30,2024-07-26,2.07,1.63,0.44,26.9939
BMY,2024-03-31,2024-04-25,-4.4,-4.14,-0.26,-6.2802
BMY,2023-12-31,2024-02-02,1.59,1.43,0.16,11.1888
BMY,2023-09-30,2023-10-26,2,1.76,0.24,13.6364
BMY,2023-06-30,2023-07-27,1.75,1.98,-0.23,-11.6162
BMY,2023-03-31,2023-04-27,2.05,1.97,0.08,4.0609
BMY,2022-12-31,2023-02-02,1.82,1.72,0.1,5.814
BMY,2022-09-30,2022-10-25,1.99,1.83,0.16,8.7432
BMY,2022-06-30,2022-07-27,1.93,1.79,0.14,7.8212
BMY,2022-03-31,2022-04-29,2.06,1.91,0.15,7.8534
BMY,2021-12-31,2022-02-04,1.83,1.8,0.03,1.6667
BMY,2021-09-30,2021-10-27,2,1.92,0.08,4.1667
BMY,2021-06-30,2021-07-28,1.93,1.89,0.04,2.1164
BMY,2021-03-31,2021-04-29,1.74,1.82,-0.08,-4.3956
BMY,2020-12-31,2021-02-04,1.46,1.42,0.04,2.8169
BMY,2020-09-30,2020-11-05,1.63,1.49,0.14,9.396
BMY,2020-06-30,2020-08-06,1.63,1.48,0.15,10.1351
BMY,2020-03-31,2020-05-07,1.72,1.49,0.23,15.4362
BMY,2019-12-31,2020-02-06,1.22,0.88,0.34,38.6364
BR,2025-03-31,2025-05-01,2.44,2.41,0.03,1.2448
BR,2024-12-31,2025-01-31,1.56,1.49,0.07,4.698
BR,2024-09-30,2024-11-05,1,0.97,0.03,3.0928
BR,2024-06-30,2024-08-06,3.5,3.49,0.01,0.2865
BR,2024-03-31,2024-05-08,2.23,2.24,-0.01,-0.4464
BR,2023-12-31,2024-02-01,0.92,0.89,0.03,3.3708
BR,2023-09-30,2023-11-02,1.09,0.97,0.12,12.3711
BR,2023-06-30,2023-08-08,3.21,3.1,0.11,3.5484
BR,2023-03-31,2023-05-02,2.05,2.03,0.02,0.9852
BR,2022-12-31,2023-02-02,0.91,0.9,0.01,1.1111
BR,2022-09-30,2022-11-02,0.84,0.88,-0.04,-4.5455
BR,2022-06-30,2022-08-12,2.65,2.62,0.03,1.145
BR,2022-03-31,2022-05-03,1.93,1.78,0.15,8.427
BR,2021-12-31,2022-02-01,0.82,0.82,0,0
BR,2021-09-30,2021-11-03,1.07,0.97,0.1,10.3093
BR,2021-06-30,2021-08-12,2.19,2.19,0,0
BR,2021-03-31,2021-05-04,1.76,1.68,0.08,4.7619
BR,2020-12-31,2021-02-02,0.73,0.69,0.04,5.7971
BR,2020-09-30,2020-10-30,0.98,0.63,0.35,55.5556
BR,2020-06-30,2020-08-11,2.15,2.09,0.06,2.8708
BR,2020-03-31,2020-05-08,1.67,1.7,-0.03,-1.7647
BR,2019-12-31,2020-01-31,0.53,0.71,-0.18,-25.3521
BRO,2025-03-31,2025-04-28,1.29,1.3,-0.01,-0.7692
BRO,2024-12-31,2025-01-27,0.86,0.77,0.09,11.6883
BRO,2024-09-30,2024-10-28,0.91,0.88,0.03,3.4091
BRO,2024-06-30,2024-07-22,0.93,0.88,0.05,5.6818
BRO,2024-03-31,2024-04-22,1.14,1.05,0.09,8.5714
BRO,2023-12-31,2024-01-22,0.58,0.53,0.05,9.434
BRO,2023-09-30,2023-10-23,0.71,0.62,0.09,14.5161
BRO,2023-06-30,2023-07-24,0.68,0.59,0.09,15.2542
BRO,2023-03-31,2023-04-24,0.84,0.82,0.02,2.439
BRO,2022-12-31,2023-01-23,0.5,0.46,0.04,8.6957
BRO,2022-09-30,2022-10-24,0.5,0.61,-0.11,-18.0328
BRO,2022-06-30,2022-07-25,0.51,0.49,0.02,4.0816
BRO,2022-03-31,2022-04-25,0.78,0.75,0.03,4
BRO,2021-12-31,2022-01-24,0.42,0.39,0.03,7.6923
BRO,2021-09-30,2021-10-25,0.58,0.53,0.05,9.434
BRO,2021-06-30,2021-07-26,0.49,0.4,0.09,22.5
BRO,2021-03-31,2021-04-26,0.7,0.58,0.12,20.6897
BRO,2020-12-31,2021-01-25,0.32,0.29,0.03,10.3448
BRO,2020-09-30,2020-10-26,0.52,0.43,0.09,20.9302
BRO,2020-06-30,2020-07-27,0.34,0.28,0.06,21.4286
BRO,2020-03-31,2020-04-27,0.51,0.46,0.05,10.8696
BRO,2019-12-31,2020-01-27,0.28,0.27,0.01,3.7037
BSX,2025-03-31,2025-04-23,0.75,0.67,0.08,11.9403
BSX,2024-12-31,2025-02-05,0.7,0.66,0.04,6.0606
BSX,2024-09-30,2024-10-23,0.63,0.59,0.04,6.7797
BSX,2024-06-30,2024-07-24,0.62,0.58,0.04,6.8966
BSX,2024-03-31,2024-04-24,0.56,0.51,0.05,9.8039
BSX,2023-12-31,2024-01-31,0.55,0.51,0.04,7.8431
BSX,2023-09-30,2023-10-26,0.5,0.48,0.02,4.1667
BSX,2023-06-30,2023-07-27,0.53,0.49,0.04,8.1633
BSX,2023-03-31,2023-04-26,0.47,0.44,0.03,6.8182
BSX,2022-12-31,2023-02-01,0.49,0.47,0.02,4.2553
BSX,2022-09-30,2022-10-26,0.43,0.44,-0.01,-2.2727
BSX,2022-06-30,2022-07-27,0.44,0.42,0.02,4.7619
BSX,2022-03-31,2022-04-27,0.39,0.39,0,0
BSX,2021-12-31,2022-02-02,0.45,0.44,0.01,2.2727
BSX,2021-09-30,2021-10-27,0.41,0.4,0.01,2.5
BSX,2021-06-30,2021-07-27,0.4,0.37,0.03,8.1081
BSX,2021-03-31,2021-04-28,0.37,0.31,0.06,19.3548
BSX,2020-12-31,2021-02-03,0.23,0.31,-0.08,-25.8065
BSX,2020-09-30,2020-10-28,0.37,0.25,0.12,48
BSX,2020-06-30,2020-07-29,0.08,-0.02,0.1,500
BSX,2020-03-31,2020-04-29,0.28,0.31,-0.03,-9.6774
BSX,2019-12-31,2020-02-05,0.46,0.44,0.02,4.5455
BWA,2025-03-31,2025-05-07,1.11,0.97,0.14,14.433
BWA,2024-12-31,2025-02-06,-1.85,0.84,-2.69,-320.2381
BWA,2024-09-30,2024-10-31,1.09,0.93,0.16,17.2043
BWA,2024-06-30,2024-07-31,1.19,1.01,0.18,17.8218
BWA,2024-03-31,2024-05-02,1.03,0.87,0.16,18.3908
BWA,2023-12-31,2024-02-08,0.9,0.94,-0.04,-4.2553
BWA,2023-09-30,2023-11-02,0.98,0.94,0.04,4.2553
BWA,2023-06-30,2023-08-02,1.35,1.08,0.27,25
BWA,2023-03-31,2023-05-04,1.09,1.11,-0.02,-1.8018
BWA,2022-12-31,2023-02-09,1.26,1.08,0.18,16.6667
BWA,2022-09-30,2022-10-27,1.24,1.04,0.2,19.2308
BWA,2022-06-30,2022-08-03,1.05,0.85,0.2,23.5294
BWA,2022-03-31,2022-05-04,1.05,0.87,0.18,20.6897
BWA,2021-12-31,2022-02-15,1.06,0.75,0.31,41.3333
BWA,2021-09-30,2021-11-03,0.8,0.72,0.08,11.1111
BWA,2021-06-30,2021-08-04,1.08,0.81,0.27,33.3333
BWA,2021-03-31,2021-05-05,1.21,0.92,0.29,31.5217
BWA,2020-12-31,2021-02-11,1.18,0.93,0.25,26.8817
BWA,2020-09-30,2020-10-29,0.88,0.75,0.13,17.3333
BWA,2020-06-30,2020-08-05,-0.14,-0.45,0.31,68.8889
BWA,2020-03-31,2020-05-06,0.77,0.5,0.27,54
BWA,2019-12-31,2020-02-13,1.17,1.03,0.14,13.5922
BXP,2025-03-31,2025-04-29,0.4,0.33,0.07,21.2121
BXP,2024-12-31,2025-01-28,0.71,0.44,0.27,61.3636
BXP,2024-09-30,2024-10-29,0.51,0.48,0.03,6.25
BXP,2024-06-30,2024-07-30,0.5,0.45,0.05,11.1111
BXP,2024-03-31,2024-04-30,0.44,0.47,-0.03,-6.383
BXP,2023-12-31,2024-01-30,0.57,0.62,-0.05,-8.0645
BXP,2023-09-30,2023-11-01,-0.71,0.63,-1.34,-212.6984
BXP,2023-06-30,2023-08-01,0.65,0.59,0.06,10.1695
BXP,2023-03-31,2023-04-25,0.48,0.48,0,0
BXP,2022-12-31,2023-01-31,0.34,0.64,-0.3,-46.875
BXP,2022-09-30,2022-10-25,0.64,0.73,-0.09,-12.3288
BXP,2022-06-30,2022-07-26,0.84,0.78,0.06,7.6923
BXP,2022-03-31,2022-05-02,0.78,0.65,0.13,20
BXP,2021-12-31,2022-01-25,0.72,0.5,0.22,44
BXP,2021-09-30,2021-10-26,0.69,0.62,0.07,11.2903
BXP,2021-06-30,2021-07-27,0.71,0.58,0.13,22.4138
BXP,2021-03-31,2021-04-27,0.59,0.56,0.03,5.3571
BXP,2020-12-31,2021-01-26,0.62,0.58,0.04,6.8966
BXP,2020-09-30,2020-10-27,0.58,0.53,0.05,9.434
BXP,2020-06-30,2020-07-28,0.74,0.52,0.22,42.3077
BXP,2020-03-31,2020-04-28,0.83,0.81,0.02,2.4691
BXP,2019-12-31,2020-01-28,0.92,0.9,0.02,2.2222
C,2025-03-31,2025-04-15,1.96,1.85,0.11,5.9459
C,2024-12-31,2025-01-15,1.34,1.22,0.12,9.8361
C,2024-09-30,2024-10-15,1.51,1.31,0.2,15.2672
C,2024-06-30,2024-07-12,1.52,1.41,0.11,7.8014
C,2024-03-31,2024-04-12,1.58,1.17,0.41,35.0427
C,2023-12-31,2024-01-12,-1.16,0.6,-1.76,-293.3333
C,2023-09-30,2023-10-13,1.63,1.25,0.38,30.4
C,2023-06-30,2023-07-14,1.33,1.33,0,0
C,2023-03-31,2023-04-14,2.19,1.68,0.51,30.3571
C,2022-12-31,2023-01-13,1.16,1.2,-0.04,-3.3333
C,2022-09-30,2022-10-14,1.63,1.43,0.2,13.986
C,2022-06-30,2022-07-15,2.19,1.68,0.51,30.3571
C,2022-03-31,2022-04-14,2.02,1.46,0.56,38.3562
C,2021-12-31,2022-01-14,1.46,1.44,0.02,1.3889
C,2021-09-30,2021-10-14,2.15,1.76,0.39,22.1591
C,2021-06-30,2021-07-14,2.85,1.96,0.89,45.4082
C,2021-03-31,2021-04-15,3.62,2.59,1.03,39.7683
C,2020-12-31,2021-01-15,2.08,1.36,0.72,52.9412
C,2020-09-30,2020-10-13,1.4,0.91,0.49,53.8462
C,2020-06-30,2020-07-14,0.5,0.4,0.1,25
C,2020-03-31,2020-04-15,1.05,1.47,-0.42,-28.5714
C,2019-12-31,2020-01-14,2.15,1.81,0.34,18.7845
CAG,2025-02-28,2025-04-03,0.51,0.53,-0.02,-3.7736
CAG,2024-11-30,2024-12-19,0.7,0.67,0.03,4.4776
CAG,2024-08-31,2024-10-02,0.53,0.6,-0.07,-11.6667
CAG,2024-05-31,2024-07-11,0.61,0.57,0.04,7.0175
CAG,2024-02-29,2024-04-04,0.69,0.65,0.04,6.1538
CAG,2023-11-30,2024-01-04,0.71,0.68,0.03,4.4118
CAG,2023-08-31,2023-10-05,0.66,0.6,0.06,10
CAG,2023-05-31,2023-07-13,0.62,0.59,0.03,5.0847
CAG,2023-02-28,2023-04-05,0.76,0.64,0.12,18.75
CAG,2022-11-30,2023-01-05,0.81,0.66,0.15,22.7273
CAG,2022-08-31,2022-10-06,0.57,0.52,0.05,9.6154
CAG,2022-05-31,2022-07-14,0.65,0.63,0.02,3.1746
CAG,2022-02-28,2022-04-07,0.58,0.58,0,0
CAG,2021-11-30,2022-01-06,0.64,0.68,-0.04,-5.8824
CAG,2021-08-31,2021-10-07,0.5,0.48,0.02,4.1667
CAG,2021-05-31,2021-07-13,0.54,0.52,0.02,3.8462
CAG,2021-02-28,2021-04-08,0.59,0.58,0.01,1.7241
CAG,2020-11-30,2021-01-07,0.81,0.74,0.07,9.4595
CAG,2020-08-31,2020-10-01,0.7,0.57,0.13,22.807
CAG,2020-05-31,2020-06-30,0.75,0.67,0.08,11.9403
CAG,2020-02-29,2020-03-31,0.47,0.49,-0.02,-4.0816
CAT,2025-03-31,2025-04-30,4.25,4.34,-0.09,-2.0737
CAT,2024-12-31,2025-01-30,5.14,5.03,0.11,2.1869
CAT,2024-09-30,2024-10-30,5.17,5.35,-0.18,-3.3645
CAT,2024-06-30,2024-08-06,5.99,5.54,0.45,8.1227
CAT,2024-03-31,2024-04-25,5.6,5.14,0.46,8.9494
CAT,2023-12-31,2024-02-05,5.23,4.75,0.48,10.1053
CAT,2023-09-30,2023-10-31,5.52,4.79,0.73,15.2401
CAT,2023-06-30,2023-08-01,5.55,4.58,0.97,21.179
CAT,2023-03-31,2023-04-27,4.91,3.79,1.12,29.5515
CAT,2022-12-31,2023-01-31,3.86,4.03,-0.17,-4.2184
CAT,2022-09-30,2022-10-27,3.95,3.17,0.78,24.6057
CAT,2022-06-30,2022-08-02,3.18,3.02,0.16,5.298
CAT,2022-03-31,2022-04-28,2.88,2.6,0.28,10.7692
CAT,2021-12-31,2022-01-28,2.69,2.26,0.43,19.0265
CAT,2021-09-30,2021-10-28,2.66,2.2,0.46,20.9091
CAT,2021-06-30,2021-07-30,2.6,2.41,0.19,7.8838
CAT,2021-03-31,2021-04-29,2.87,1.94,0.93,47.9381
CAT,2020-12-31,2021-01-29,2.12,1.49,0.63,42.2819
CAT,2020-09-30,2020-10-27,1.34,1.18,0.16,13.5593
CAT,2020-06-30,2020-07-31,1.03,0.72,0.31,43.0556
CAT,2020-03-31,2020-04-28,1.6,1.67,-0.07,-4.1916
CAT,2019-12-31,2020-01-31,2.63,2.38,0.25,10.5042
CB,2025-03-31,2025-04-22,3.68,3.23,0.45,13.9319
CB,2024-12-31,2025-01-28,6.02,5.45,0.57,10.4587
CB,2024-09-30,2024-10-29,5.72,4.99,0.73,14.6293
CB,2024-06-30,2024-07-23,5.38,5.15,0.23,4.466
CB,2024-03-31,2024-04-23,5.41,5.31,0.1,1.8832
CB,2023-12-31,2024-01-30,5.54,5.12,0.42,8.2031
CB,2023-09-30,2023-10-24,4.95,4.44,0.51,11.4865
CB,2023-06-30,2023-07-25,4.92,4.41,0.51,11.5646
CB,2023-03-31,2023-04-25,4.41,4.45,-0.04,-0.8989
CB,2022-12-31,2023-01-31,4.05,4.25,-0.2,-4.7059
CB,2022-09-30,2022-10-25,3.17,2.59,0.58,22.3938
CB,2022-06-30,2022-07-26,4.2,3.62,0.58,16.0221
CB,2022-03-31,2022-04-26,3.82,3.48,0.34,9.7701
CB,2021-12-31,2022-02-01,3.81,3.29,0.52,15.8055
CB,2021-09-30,2021-10-26,2.64,2.16,0.48,22.2222
CB,2021-06-30,2021-07-27,3.62,3.01,0.61,20.2658
CB,2021-03-31,2021-04-27,2.52,2.49,0.03,1.2048
CB,2020-12-31,2021-02-02,3.18,2.82,0.36,12.766
CB,2020-09-30,2020-10-27,2,2.19,-0.19,-8.6758
CB,2020-06-30,2020-07-28,-0.56,-0.66,0.1,15.1515
CB,2020-03-31,2020-04-21,2.68,2.57,0.11,4.2802
CB,2019-12-31,2020-02-04,2.28,2.12,0.16,7.5472
CBOE,2025-03-31,2025-05-02,2.5,2.36,0.14,5.9322
CBOE,2024-12-31,2025-02-07,2.1,2.12,-0.02,-0.9434
CBOE,2024-09-30,2024-11-01,2.22,2.19,0.03,1.3699
CBOE,2024-06-30,2024-08-02,2.15,2.1,0.05,2.381
CBOE,2024-03-31,2024-05-03,2.15,2.04,0.11,5.3922
CBOE,2023-12-31,2024-02-02,2.06,2.03,0.03,1.4778
CBOE,2023-09-30,2023-11-03,2.06,1.86,0.2,10.7527
CBOE,2023-06-30,2023-08-04,1.78,1.77,0.01,0.565
CBOE,2023-03-31,2023-05-05,1.9,1.87,0.03,1.6043
CBOE,2022-12-31,2023-02-03,1.8,1.76,0.04,2.2727
CBOE,2022-09-30,2022-11-04,1.74,1.65,0.09,5.4545
CBOE,2022-06-30,2022-07-29,1.67,1.69,-0.02,-1.1834
CBOE,2022-03-31,2022-04-29,1.73,1.68,0.05,2.9762
CBOE,2021-12-31,2022-02-04,1.7,1.54,0.16,10.3896
CBOE,2021-09-30,2021-10-29,1.45,1.44,0.01,0.6944
CBOE,2021-06-30,2021-07-30,1.38,1.36,0.02,1.4706
CBOE,2021-03-31,2021-04-30,1.53,1.4,0.13,9.2857
CBOE,2020-12-31,2021-02-05,1.21,1.23,-0.02,-1.626
CBOE,2020-09-30,2020-10-30,1.11,1.07,0.04,3.7383
CBOE,2020-06-30,2020-07-31,1.31,1.24,0.07,5.6452
CBOE,2020-03-31,2020-05-01,1.65,1.54,0.11,7.1429
CBOE,2019-12-31,2020-02-07,1.21,1.13,0.08,7.0796
CBRE,2025-03-31,2025-04-24,0.86,0.7631,0.0969,12.6982
CBRE,2024-12-31,2025-02-13,2.32,2.2337,0.0863,3.8635
CBRE,2024-09-30,2024-10-24,1.2,1.06,0.14,13.2075
CBRE,2024-06-30,2024-07-25,0.81,0.76,0.05,6.5789
CBRE,2024-03-31,2024-05-03,0.78,0.68,0.1,14.7059
CBRE,2023-12-31,2024-02-15,1.38,1.18,0.2,16.9492
CBRE,2023-09-30,2023-10-27,0.72,0.67,0.05,7.4627
CBRE,2023-06-30,2023-07-27,0.82,0.76,0.06,7.8947
CBRE,2023-03-31,2023-04-27,0.92,0.86,0.06,6.9767
CBRE,2022-12-31,2023-02-23,1.33,1.18,0.15,12.7119
CBRE,2022-09-30,2022-10-27,1.13,1.26,-0.13,-10.3175
CBRE,2022-06-30,2022-08-04,1.83,1.4,0.43,30.7143
CBRE,2022-03-31,2022-05-05,1.39,1.08,0.31,28.7037
CBRE,2021-12-31,2022-02-24,1.8,1.78,0.02,1.1236
CBRE,2021-09-30,2021-10-28,1.39,1.19,0.2,16.8067
CBRE,2021-06-30,2021-07-29,1.36,0.77,0.59,76.6234
CBRE,2021-03-31,2021-04-29,0.86,0.67,0.19,28.3582
CBRE,2020-12-31,2021-02-23,1.45,0.94,0.51,54.2553
CBRE,2020-09-30,2020-10-29,0.73,0.42,0.31,73.8095
CBRE,2020-06-30,2020-07-31,0.35,0.42,-0.07,-16.6667
CBRE,2020-03-31,2020-05-07,0.75,0.72,0.03,4.1667
CBRE,2019-12-31,2020-02-27,1.32,1.35,-0.03,-2.2222
CCI,2025-03-31,2025-04-30,-1.0597,-0.0115,-1.0482,-9114.7826
CCI,2024-12-31,2025-03-13,-10.97,0.4488,-11.4188,-2544.2959
CCI,2024-09-30,2024-10-16,0.7,0.67,0.03,4.4776
CCI,2024-06-30,2024-07-17,0.58,0.54,0.04,7.4074
CCI,2024-03-31,2024-04-17,0.71,0.71,0,0
CCI,2023-12-31,2024-01-24,0.83,0.75,0.08,10.6667
CCI,2023-09-30,2023-10-18,0.61,0.78,-0.17,-21.7949
CCI,2023-06-30,2023-07-19,1.05,1.05,0,0
CCI,2023-03-31,2023-04-19,0.97,0.91,0.06,6.5934
CCI,2022-12-31,2023-01-25,0.95,0.98,-0.03,-3.0612
CCI,2022-09-30,2022-10-19,0.97,0.97,0,0
CCI,2022-06-30,2022-07-20,0.97,0.96,0.01,1.0417
CCI,2022-03-31,2022-04-20,0.97,0.94,0.03,3.1915
CCI,2021-12-31,2022-01-26,0.81,0.78,0.03,3.8462
CCI,2021-09-30,2021-10-20,0.81,0.76,0.05,6.5789
CCI,2021-06-30,2021-07-21,0.77,0.69,0.08,11.5942
CCI,2021-03-31,2021-04-21,0.28,0.53,-0.25,-47.1698
CCI,2020-12-31,2021-01-27,0.34,0.63,-0.29,-46.0317
CCI,2020-09-30,2020-10-21,0.59,0.5,0.09,18
CCI,2020-06-30,2020-07-29,0.41,0.5,-0.09,-18
CCI,2020-03-31,2020-04-29,0.38,0.49,-0.11,-22.449
CCI,2019-12-31,2020-02-26,0.43,0.48,-0.05,-10.4167
CCL,2025-05-31,2025-06-24,0.35,0.24,0.11,45.8333
CCL,2025-02-28,2025-03-21,0.13,0.02,0.11,550
CCL,2024-11-30,2024-12-20,0.14,0.07,0.07,100
CCL,2024-08-31,2024-09-30,1.27,1.15,0.12,10.4348
CCL,2024-05-31,2024-06-25,0.11,-0.02,0.13,650
CCL,2024-02-29,2024-03-27,-0.14,-0.18,0.04,22.2222
CCL,2023-11-30,2023-12-21,-0.07,-0.13,0.06,46.1538
CCL,2023-08-31,2023-09-29,0.86,0.75,0.11,14.6667
CCL,2023-05-31,2023-06-26,-0.31,-0.34,0.03,8.8235
CCL,2023-02-28,2023-03-27,-0.55,-0.6,0.05,8.3333
CCL,2022-11-30,2022-12-21,-0.85,-0.87,0.02,2.2989
CCL,2022-08-31,2022-09-30,-0.58,-0.15,-0.43,-286.6667
CCL,2022-05-31,2022-06-24,-1.64,-1.17,-0.47,-40.1709
CCL,2022-02-28,2022-03-22,-1.66,-1.26,-0.4,-31.746
CCL,2021-11-30,2021-12-20,-1.72,-1.43,-0.29,-20.2797
CCL,2021-08-31,2021-09-30,-1.75,-1.48,-0.27,-18.2432
CCL,2021-05-31,2021-06-28,-1.8,-1.6,-0.2,-12.5
CCL,2021-02-28,2021-04-07,-1.79,-1.54,-0.25,-16.2338
CCL,2020-11-30,2021-01-26,-2.02,-1.94,-0.08,-4.1237
CCL,2020-08-31,2020-10-08,-2.19,-2.2,0.01,0.4545
CCL,2020-05-31,2020-07-10,-3.3,-2.26,-1.04,-46.0177
CCL,2020-02-29,2020-04-03,0.22,0.27,-0.05,-18.5185
CDNS,2025-03-31,2025-04-28,1.57,1.4988,0.0712,4.7505
CDNS,2024-12-31,2025-02-18,1.88,1.8223,0.0577,3.1663
CDNS,2024-09-30,2024-10-28,1.64,1.44,0.2,13.8889
CDNS,2024-06-30,2024-07-22,1.28,1.22,0.06,4.918
CDNS,2024-03-31,2024-04-22,1.17,1.13,0.04,3.5398
CDNS,2023-12-31,2024-02-12,1.38,1.33,0.05,3.7594
CDNS,2023-09-30,2023-10-23,1.26,1.2,0.06,5
CDNS,2023-06-30,2023-07-24,1.22,1.18,0.04,3.3898
CDNS,2023-03-31,2023-04-24,1.29,1.26,0.03,2.381
CDNS,2022-12-31,2023-02-13,0.96,0.92,0.04,4.3478
CDNS,2022-09-30,2022-10-24,1.06,0.97,0.09,9.2784
CDNS,2022-06-30,2022-07-25,1.08,0.96,0.12,12.5
CDNS,2022-03-31,2022-04-25,1.17,1.02,0.15,14.7059
CDNS,2021-12-31,2022-02-22,0.82,0.76,0.06,7.8947
CDNS,2021-09-30,2021-10-25,0.8,0.75,0.05,6.6667
CDNS,2021-06-30,2021-07-26,0.86,0.76,0.1,13.1579
CDNS,2021-03-31,2021-04-26,0.83,0.75,0.08,10.6667
CDNS,2020-12-31,2021-02-22,0.83,0.74,0.09,12.1622
CDNS,2020-09-30,2020-10-19,0.7,0.61,0.09,14.7541
CDNS,2020-06-30,2020-07-20,0.66,0.52,0.14,26.9231
CDNS,2020-03-31,2020-04-20,0.6,0.54,0.06,11.1111
CDNS,2019-12-31,2020-02-12,0.54,0.53,0.01,1.8868
CDW,2025-03-31,2025-05-07,1.69,1.6,0.09,5.625
CDW,2024-12-31,2025-02-05,2.48,2.32,0.16,6.8966
CDW,2024-09-30,2024-10-30,2.63,2.85,-0.22,-7.7193
CDW,2024-06-30,2024-07-31,2.5,2.53,-0.03,-1.1858
CDW,2024-03-31,2024-05-01,1.92,2.15,-0.23,-10.6977
CDW,2023-12-31,2024-02-07,2.57,2.56,0.01,0.3906
CDW,2023-09-30,2023-11-01,2.72,2.59,0.13,5.0193
CDW,2023-06-30,2023-08-02,2.56,2.33,0.23,9.8712
CDW,2023-03-31,2023-05-03,2.03,2.03,0,0
CDW,2022-12-31,2023-02-08,2.5,2.48,0.02,0.8065
CDW,2022-09-30,2022-11-02,2.6,2.52,0.08,3.1746
CDW,2022-06-30,2022-08-03,2.49,2.42,0.07,2.8926
CDW,2022-03-31,2022-05-04,2.2,2.02,0.18,8.9109
CDW,2021-12-31,2022-02-09,2.08,1.93,0.15,7.772
CDW,2021-09-30,2021-11-03,2.13,2.05,0.08,3.9024
CDW,2021-06-30,2021-08-04,2.02,1.8,0.22,12.2222
CDW,2021-03-31,2021-05-05,1.74,1.53,0.21,13.7255
CDW,2020-12-31,2021-02-10,1.82,1.51,0.31,20.5298
CDW,2020-09-30,2020-11-02,1.83,1.51,0.32,21.1921
CDW,2020-06-30,2020-08-05,1.56,1.38,0.18,13.0435
CDW,2020-03-31,2020-05-06,1.38,1.38,0,0
CDW,2019-12-31,2020-02-06,1.57,1.48,0.09,6.0811
CE,2025-03-31,2025-05-05,0.57,0.7272,-0.1572,-21.6172
CE,2024-12-31,2025-02-18,1.45,1.2015,0.2485,20.6825
CE,2024-09-30,2024-11-04,2.44,2.85,-0.41,-14.386
CE,2024-06-30,2024-08-01,2.38,2.71,-0.33,-12.1771
CE,2024-03-31,2024-05-08,2.08,1.91,0.17,8.9005
CE,2023-12-31,2024-02-20,2.24,2.31,-0.07,-3.0303
CE,2023-09-30,2023-11-06,2.5,2.23,0.27,12.1076
CE,2023-06-30,2023-08-07,2.17,2.48,-0.31,-12.5
CE,2023-03-31,2023-05-09,2.01,1.64,0.37,22.561
CE,2022-12-31,2023-02-23,1.44,1.66,-0.22,-13.253
CE,2022-09-30,2022-11-03,3.94,3.98,-0.04,-1.005
CE,2022-06-30,2022-07-28,4.99,4.56,0.43,9.4298
CE,2022-03-31,2022-04-28,5.54,4.52,1.02,22.5664
CE,2021-12-31,2022-01-27,4.91,5.07,-0.16,-3.1558
CE,2021-09-30,2021-10-21,4.82,4.75,0.07,1.4737
CE,2021-06-30,2021-07-22,5.02,4.45,0.57,12.809
CE,2021-03-31,2021-04-22,3.46,2.96,0.5,16.8919
CE,2020-12-31,2021-01-28,2.09,1.71,0.38,22.2222
CE,2020-09-30,2020-10-25,1.95,1.71,0.24,14.0351
CE,2020-06-30,2020-07-28,1.3,1.05,0.25,23.8095
CE,2020-03-31,2020-04-27,2.29,2.24,0.05,2.2321
CE,2019-12-31,2020-01-30,1.99,2.13,-0.14,-6.5728
CF,2025-03-31,2025-05-07,1.85,1.51,0.34,22.5166
CF,2024-12-31,2025-02-19,1.89,1.52,0.37,24.3421
CF,2024-09-30,2024-10-30,1.55,1.11,0.44,39.6396
CF,2024-06-30,2024-08-07,2.3,1.83,0.47,25.6831
CF,2024-03-31,2024-05-01,0.9,1.52,-0.62,-40.7895
CF,2023-12-31,2024-02-14,1.58,1.57,0.01,0.6369
CF,2023-09-30,2023-11-01,1.14,1.03,0.11,10.6796
CF,2023-06-30,2023-08-02,2.71,2.25,0.46,20.4444
CF,2023-03-31,2023-05-01,2.9,2.52,0.38,15.0794
CF,2022-12-31,2023-02-15,4.28,4.3,-0.02,-0.4651
CF,2022-09-30,2022-11-02,2.27,3.33,-1.06,-31.8318
CF,2022-06-30,2022-08-01,6.19,6.03,0.16,2.6534
CF,2022-03-31,2022-05-04,4.21,4.35,-0.14,-3.2184
CF,2021-12-31,2022-02-15,3.27,3.55,-0.28,-7.8873
CF,2021-09-30,2021-11-03,-0.86,0.99,-1.85,-186.8687
CF,2021-06-30,2021-08-09,1.15,1.57,-0.42,-26.7516
CF,2021-03-31,2021-05-05,0.73,0.6,0.13,21.6667
CF,2020-12-31,2021-02-17,0.4,0.11,0.29,263.6364
CF,2020-09-30,2020-11-04,-0.09,0.07,-0.16,-228.5714
CF,2020-06-30,2020-08-05,0.89,0.65,0.24,36.9231
CF,2020-03-31,2020-05-06,0.31,0.25,0.06,24
CF,2019-12-31,2020-02-12,0.33,0.26,0.07,26.9231
CFG,2025-03-31,2025-04-16,0.77,0.75,0.02,2.6667
CFG,2024-12-31,2025-01-17,0.85,0.83,0.02,2.4096
CFG,2024-09-30,2024-10-16,0.79,0.79,0,0
CFG,2024-06-30,2024-07-17,0.82,0.79,0.03,3.7975
CFG,2024-03-31,2024-04-17,0.79,0.76,0.03,3.9474
CFG,2023-12-31,2024-01-17,0.85,0.84,0.01,1.1905
CFG,2023-09-30,2023-10-18,0.89,0.91,-0.02,-2.1978
CFG,2023-06-30,2023-07-19,1.04,1,0.04,4
CFG,2023-03-31,2023-04-19,1.1,1.13,-0.03,-2.6549
CFG,2022-12-31,2023-01-17,1.32,1.32,0,0
CFG,2022-09-30,2022-10-19,1.3,1.27,0.03,2.3622
CFG,2022-06-30,2022-07-19,1.14,1.02,0.12,11.7647
CFG,2022-03-31,2022-04-19,1.07,0.91,0.16,17.5824
CFG,2021-12-31,2022-01-19,1.26,1.13,0.13,11.5044
CFG,2021-09-30,2021-10-20,1.22,1.15,0.07,6.087
CFG,2021-06-30,2021-07-20,1.46,1.14,0.32,28.0702
CFG,2021-03-31,2021-04-16,1.41,0.98,0.43,43.8776
CFG,2020-12-31,2021-01-20,1.04,0.88,0.16,18.1818
CFG,2020-09-30,2020-10-16,0.73,0.75,-0.02,-2.6667
CFG,2020-06-30,2020-07-17,0.55,0.15,0.4,266.6667
CFG,2020-03-31,2020-04-17,0.94,0.67,0.27,40.2985
CFG,2019-12-31,2020-01-17,0.99,0.95,0.04,4.2105
CHRW,2025-03-31,2025-04-30,1.17,1.05,0.12,11.4286
CHRW,2024-12-31,2025-01-29,1.21,1.11,0.1,9.009
CHRW,2024-09-30,2024-10-30,1.28,1.15,0.13,11.3043
CHRW,2024-06-30,2024-07-31,1.15,0.96,0.19,19.7917
CHRW,2024-03-31,2024-05-01,0.86,0.63,0.23,36.5079
CHRW,2023-12-31,2024-01-31,0.5,0.81,-0.31,-38.2716
CHRW,2023-09-30,2023-11-01,0.84,0.8,0.04,5
CHRW,2023-06-30,2023-08-02,0.9,0.91,-0.01,-1.0989
CHRW,2023-03-31,2023-04-26,0.98,0.98,0,0
CHRW,2022-12-31,2023-02-01,1.03,1.34,-0.31,-23.1343
CHRW,2022-09-30,2022-11-02,1.78,2.17,-0.39,-17.9724
CHRW,2022-06-30,2022-07-27,2.67,1.99,0.68,34.1709
CHRW,2022-03-31,2022-04-27,2.05,1.55,0.5,32.2581
CHRW,2021-12-31,2022-02-02,1.74,1.86,-0.12,-6.4516
CHRW,2021-09-30,2021-10-26,1.85,1.42,0.43,30.2817
CHRW,2021-06-30,2021-07-27,1.44,1.34,0.1,7.4627
CHRW,2021-03-31,2021-04-27,1.28,0.99,0.29,29.2929
CHRW,2020-12-31,2021-01-26,1.08,0.98,0.1,10.2041
CHRW,2020-09-30,2020-10-27,1,0.98,0.02,2.0408
CHRW,2020-06-30,2020-07-28,1.06,0.61,0.45,73.7705
CHRW,2020-03-31,2020-04-28,0.57,0.69,-0.12,-17.3913
CHRW,2019-12-31,2020-01-28,0.7,0.96,-0.26,-27.0833
CHTR,2025-03-31,2025-04-25,8.42,8.37,0.05,0.5974
CHTR,2024-12-31,2025-01-31,10.1,9.22,0.88,9.5445
CHTR,2024-09-30,2024-11-01,8.82,8.49,0.33,3.8869
CHTR,2024-06-30,2024-07-26,8.49,7.98,0.51,6.391
CHTR,2024-03-31,2024-04-26,7.55,7.92,-0.37,-4.6717
CHTR,2023-12-31,2024-02-02,7.07,8.73,-1.66,-19.0149
CHTR,2023-09-30,2023-10-27,8.25,7.94,0.31,3.9043
CHTR,2023-06-30,2023-07-28,8.05,7.96,0.09,1.1307
CHTR,2023-03-31,2023-04-28,6.65,7.48,-0.83,-11.0963
CHTR,2022-12-31,2023-01-27,7.69,8.79,-1.1,-12.5142
CHTR,2022-09-30,2022-10-28,7.38,8.23,-0.85,-10.3281
CHTR,2022-06-30,2022-07-29,8.8,6.89,1.91,27.7213
CHTR,2022-03-31,2022-04-29,6.9,6.47,0.43,6.6461
CHTR,2021-12-31,2022-01-28,8.93,6.89,2.04,29.6081
CHTR,2021-09-30,2021-10-29,6.5,5.71,0.79,13.8354
CHTR,2021-06-30,2021-07-30,5.29,4.78,0.51,10.6695
CHTR,2021-03-31,2021-04-30,4.11,4.26,-0.15,-3.5211
CHTR,2020-12-31,2021-01-29,6.05,4.89,1.16,23.7219
CHTR,2020-09-30,2020-10-30,3.9,3.03,0.87,28.7129
CHTR,2020-06-30,2020-07-31,3.63,2.44,1.19,48.7705
CHTR,2020-03-31,2020-05-01,1.86,2.73,-0.87,-31.8681
CHTR,2019-12-31,2020-01-31,3.28,2.49,0.79,31.7269
CI,2025-03-31,2025-05-02,6.74,6.35,0.39,6.1417
CI,2024-12-31,2025-01-30,6.64,7.82,-1.18,-15.0895
CI,2024-09-30,2024-10-31,7.51,7.25,0.26,3.5862
CI,2024-06-30,2024-08-01,6.72,6.41,0.31,4.8362
CI,2024-03-31,2024-05-02,6.47,6.22,0.25,4.0193
CI,2023-12-31,2024-02-02,6.79,6.54,0.25,3.8226
CI,2023-09-30,2023-11-02,6.77,6.67,0.1,1.4993
CI,2023-06-30,2023-08-03,6.13,6.02,0.11,1.8272
CI,2023-03-31,2023-05-05,5.41,5.22,0.19,3.6398
CI,2022-12-31,2023-02-03,4.96,4.86,0.1,2.0576
CI,2022-09-30,2022-11-03,6.04,5.71,0.33,5.7793
CI,2022-06-30,2022-08-04,6.22,5.48,0.74,13.5036
CI,2022-03-31,2022-05-06,6.01,5.18,0.83,16.0232
CI,2021-12-31,2022-02-03,4.77,4.71,0.06,1.2739
CI,2021-09-30,2021-11-04,5.73,5.23,0.5,9.5602
CI,2021-06-30,2021-08-05,5.24,4.96,0.28,5.6452
CI,2021-03-31,2021-05-07,4.73,4.38,0.35,7.9909
CI,2020-12-31,2021-02-04,3.51,3.68,-0.17,-4.6196
CI,2020-09-30,2020-11-05,4.41,4.24,0.17,4.0094
CI,2020-06-30,2020-07-30,5.81,5.15,0.66,12.8155
CI,2020-03-31,2020-04-30,4.69,4.35,0.34,7.8161
CI,2019-12-31,2020-02-06,4.31,4.2,0.11,2.619
CL,2025-03-31,2025-04-25,0.91,0.86,0.05,5.814
CL,2024-12-31,2025-01-31,0.91,0.89,0.02,2.2472
CL,2024-09-30,2024-10-25,0.91,0.88,0.03,3.4091
CL,2024-06-30,2024-07-26,0.91,0.87,0.04,4.5977
CL,2024-03-31,2024-04-26,0.86,0.81,0.05,6.1728
CL,2023-12-31,2024-01-26,0.87,0.85,0.02,2.3529
CL,2023-09-30,2023-10-27,0.86,0.8,0.06,7.5
CL,2023-06-30,2023-07-28,0.77,0.75,0.02,2.6667
CL,2023-03-31,2023-04-28,0.73,0.7,0.03,4.2857
CL,2022-12-31,2023-01-27,0.77,0.76,0.01,1.3158
CL,2022-09-30,2022-10-28,0.74,0.73,0.01,1.3699
CL,2022-06-30,2022-07-29,0.72,0.71,0.01,1.4085
CL,2022-03-31,2022-04-29,0.74,0.74,0,0
CL,2021-12-31,2022-01-28,0.79,0.79,0,0
CL,2021-09-30,2021-10-29,0.81,0.79,0.02,2.5316
CL,2021-06-30,2021-07-30,0.8,0.8,0,0
CL,2021-03-31,2021-04-30,0.8,0.79,0.01,1.2658
CL,2020-12-31,2021-01-29,0.77,0.76,0.01,1.3158
CL,2020-09-30,2020-10-30,0.79,0.7,0.09,12.8571
CL,2020-06-30,2020-07-31,0.74,0.7,0.04,5.7143
CL,2020-03-31,2020-05-01,0.75,0.74,0.01,1.3514
CL,2019-12-31,2020-01-31,0.73,0.73,0,0
CMA,2025-03-31,2025-04-21,1.25,1.13,0.12,10.6195
CMA,2024-12-31,2025-01-22,1.2,1.26,-0.06,-4.7619
CMA,2024-09-30,2024-10-18,1.37,1.16,0.21,18.1034
CMA,2024-06-30,2024-07-19,1.49,1.19,0.3,25.2101
CMA,2024-03-31,2024-04-18,1.29,1.14,0.15,13.1579
CMA,2023-12-31,2024-01-19,1.46,1.39,0.07,5.036
CMA,2023-09-30,2023-10-20,1.84,1.7,0.14,8.2353
CMA,2023-06-30,2023-07-21,2.01,1.86,0.15,8.0645
CMA,2023-03-31,2023-04-20,2.39,2.27,0.12,5.2863
CMA,2022-12-31,2023-01-19,2.58,2.56,0.02,0.7813
CMA,2022-09-30,2022-10-19,2.6,2.57,0.03,1.1673
CMA,2022-06-30,2022-07-20,1.92,1.77,0.15,8.4746
CMA,2022-03-31,2022-04-20,1.37,1.37,0,0
CMA,2021-12-31,2022-01-19,1.66,1.58,0.08,5.0633
CMA,2021-09-30,2021-10-20,1.9,1.64,0.26,15.8537
CMA,2021-06-30,2021-07-21,2.32,1.6,0.72,45
CMA,2021-03-31,2021-04-20,2.43,1.36,1.07,78.6765
CMA,2020-12-31,2021-01-19,1.49,1.19,0.3,25.2101
CMA,2020-09-30,2020-10-20,1.44,0.84,0.6,71.4286
CMA,2020-06-30,2020-07-21,0.8,0.22,0.58,263.6364
CMA,2020-03-31,2020-04-21,-0.46,0.9,-1.36,-151.1111
CMA,2019-12-31,2020-01-21,1.85,1.75,0.1,5.7143
CMCSA,2025-03-31,2025-04-24,1.09,0.99,0.1,10.101
CMCSA,2024-12-31,2025-01-30,0.96,0.86,0.1,11.6279
CMCSA,2024-09-30,2024-10-31,1.12,1.06,0.06,5.6604
CMCSA,2024-06-30,2024-07-23,1.21,1.12,0.09,8.0357
CMCSA,2024-03-31,2024-04-25,1.04,0.99,0.05,5.0505
CMCSA,2023-12-31,2024-01-25,0.84,0.79,0.05,6.3291
CMCSA,2023-09-30,2023-10-26,1.08,0.95,0.13,13.6842
CMCSA,2023-06-30,2023-07-27,1.13,0.97,0.16,16.4948
CMCSA,2023-03-31,2023-04-27,0.92,0.82,0.1,12.1951
CMCSA,2022-12-31,2023-01-26,0.82,0.77,0.05,6.4935
CMCSA,2022-09-30,2022-10-27,0.96,0.9,0.06,6.6667
CMCSA,2022-06-30,2022-07-28,1.01,0.92,0.09,9.7826
CMCSA,2022-03-31,2022-04-28,0.86,0.8,0.06,7.5
CMCSA,2021-12-31,2022-01-27,0.77,0.73,0.04,5.4795
CMCSA,2021-09-30,2021-10-28,0.87,0.75,0.12,16
CMCSA,2021-06-30,2021-07-29,0.84,0.67,0.17,25.3731
CMCSA,2021-03-31,2021-04-29,0.76,0.59,0.17,28.8136
CMCSA,2020-12-31,2021-01-28,0.56,0.48,0.08,16.6667
CMCSA,2020-09-30,2020-10-29,0.65,0.52,0.13,25
CMCSA,2020-06-30,2020-07-30,0.69,0.55,0.14,25.4545
CMCSA,2020-03-31,2020-04-30,0.71,0.68,0.03,4.4118
CMCSA,2019-12-31,2020-01-23,0.79,0.76,0.03,3.9474
CME,2025-03-31,2025-04-23,2.8,2.8087,-0.0087,-0.3098
CME,2024-12-31,2025-02-12,2.52,2.4454,0.0746,3.0506
CME,2024-09-30,2024-10-23,2.68,2.66,0.02,0.7519
CME,2024-06-30,2024-07-24,2.56,2.53,0.03,1.1858
CME,2024-03-31,2024-04-24,2.5,2.45,0.05,2.0408
CME,2023-12-31,2024-02-14,2.37,2.28,0.09,3.9474
CME,2023-09-30,2023-10-25,2.25,2.22,0.03,1.3514
CME,2023-06-30,2023-07-26,2.3,2.2,0.1,4.5455
CME,2023-03-31,2023-04-26,2.42,2.38,0.04,1.6807
CME,2022-12-31,2023-02-08,1.92,1.88,0.04,2.1277
CME,2022-09-30,2022-10-26,1.98,1.94,0.04,2.0619
CME,2022-06-30,2022-07-27,1.97,1.93,0.04,2.0725
CME,2022-03-31,2022-04-27,2.11,2,0.11,5.5
CME,2021-12-31,2022-02-09,1.66,1.64,0.02,1.2195
CME,2021-09-30,2021-10-27,1.6,1.56,0.04,2.5641
CME,2021-06-30,2021-07-28,1.64,1.61,0.03,1.8634
CME,2021-03-31,2021-04-28,1.79,1.75,0.04,2.2857
CME,2020-12-31,2021-02-10,1.39,1.37,0.02,1.4599
CME,2020-09-30,2020-10-28,1.38,1.41,-0.03,-2.1277
CME,2020-06-30,2020-07-29,1.63,1.62,0.01,0.6173
CME,2020-03-31,2020-04-29,2.33,2.23,0.1,4.4843
CME,2019-12-31,2020-02-12,1.52,1.54,-0.02,-1.2987
CMG,2025-03-31,2025-04-23,0.29,0.28,0.01,3.5714
CMG,2024-12-31,2025-02-04,0.25,0.25,0,0
CMG,2024-09-30,2024-10-29,0.27,0.25,0.02,8
CMG,2024-06-30,2024-07-24,0.34,0.32,0.02,6.25
CMG,2024-03-31,2024-04-24,0.2674,0.2336,0.0338,14.4692
CMG,2023-12-31,2024-02-06,0.2072,0.195,0.0122,6.2564
CMG,2023-09-30,2023-10-26,0.2272,0.211,0.0162,7.6777
CMG,2023-06-30,2023-07-26,0.253,0.2462,0.0068,2.762
CMG,2023-03-31,2023-04-25,0.21,0.1784,0.0316,17.713
CMG,2022-12-31,2023-02-07,0.1658,0.178,-0.0122,-6.8539
CMG,2022-09-30,2022-10-25,0.1902,0.1842,0.006,3.2573
CMG,2022-06-30,2022-07-26,0.186,0.1808,0.0052,2.8761
CMG,2022-03-31,2022-04-26,0.114,0.1128,0.0012,1.0638
CMG,2021-12-31,2022-02-08,0.1116,0.1052,0.0064,6.0837
CMG,2021-09-30,2021-10-21,0.1404,0.1264,0.014,11.0759
CMG,2021-06-30,2021-07-20,0.1492,0.1304,0.0188,14.4172
CMG,2021-03-31,2021-04-21,0.1072,0.0978,0.0094,9.6115
CMG,2020-12-31,2021-02-02,0.0696,0.0746,-0.005,-6.7024
CMG,2020-09-30,2020-10-21,0.0752,0.0694,0.0058,8.3573
CMG,2020-06-30,2020-07-22,0.008,0.007,0.001,14.2857
CMG,2020-03-31,2020-04-21,0.0616,0.0582,0.0034,5.8419
CMG,2019-12-31,2020-02-04,0.0572,0.055,0.0022,4
CMI,2025-03-31,2025-05-05,5.96,4.92,1.04,21.1382
CMI,2024-12-31,2025-02-04,4.54,4.69,-0.15,-3.1983
CMI,2024-09-30,2024-11-05,5.86,4.81,1.05,21.8295
CMI,2024-06-30,2024-08-01,5.26,4.81,0.45,9.3555
CMI,2024-03-31,2024-05-02,5.1,5.13,-0.03,-0.5848
CMI,2023-12-31,2024-02-06,3.97,4.48,-0.51,-11.3839
CMI,2023-09-30,2023-11-02,4.59,4.68,-0.09,-1.9231
CMI,2023-06-30,2023-08-03,5.05,5.29,-0.24,-4.5369
CMI,2023-03-31,2023-05-02,5.55,4.75,0.8,16.8421
CMI,2022-12-31,2023-02-06,4.43,4.5,-0.07,-1.5556
CMI,2022-09-30,2022-11-03,2.82,4.85,-2.03,-41.8557
CMI,2022-06-30,2022-08-02,4.94,4.35,0.59,13.5632
CMI,2022-03-31,2022-05-03,4.04,3.56,0.48,13.4831
CMI,2021-12-31,2022-02-03,2.73,3.15,-0.42,-13.3333
CMI,2021-09-30,2021-11-02,3.69,3.91,-0.22,-5.6266
CMI,2021-06-30,2021-08-03,4.1,4.05,0.05,1.2346
CMI,2021-03-31,2021-05-04,4.04,3.47,0.57,16.4265
CMI,2020-12-31,2021-02-04,3.36,2.8,0.56,20
CMI,2020-09-30,2020-10-27,3.57,2.43,1.14,46.9136
CMI,2020-06-30,2020-07-28,1.95,0.93,1.02,109.6774
CMI,2020-03-31,2020-04-28,3.18,2.17,1.01,46.5438
CMI,2019-12-31,2020-02-04,2.56,2.42,0.14,5.7851
CMS,2025-03-31,2025-04-24,1.02,1.01,0.01,0.9901
CMS,2024-12-31,2025-02-06,0.87,0.87,0,0
CMS,2024-09-30,2024-10-31,0.84,0.78,0.06,7.6923
CMS,2024-06-30,2024-07-25,0.66,0.63,0.03,4.7619
CMS,2024-03-31,2024-04-25,0.97,0.94,0.03,3.1915
CMS,2023-12-31,2024-02-01,1.05,1.05,0,0
CMS,2023-09-30,2023-10-26,0.61,0.61,0,0
CMS,2023-06-30,2023-07-27,0.75,0.7,0.05,7.1429
CMS,2023-03-31,2023-04-27,0.7,0.76,-0.06,-7.8947
CMS,2022-12-31,2023-02-02,0.6,0.39,0.21,53.8462
CMS,2022-09-30,2022-10-27,0.56,0.55,0.01,1.8182
CMS,2022-06-30,2022-07-28,0.53,0.5,0.03,6
CMS,2022-03-31,2022-05-03,1.2,1.12,0.08,7.1429
CMS,2021-12-31,2022-02-03,0.47,0.44,0.03,6.8182
CMS,2021-09-30,2021-10-28,0.54,0.54,0,0
CMS,2021-06-30,2021-07-29,0.62,0.46,0.16,34.7826
CMS,2021-03-31,2021-04-29,1.21,1.14,0.07,6.1404
CMS,2020-12-31,2021-02-04,0.56,0.55,0.01,1.8182
CMS,2020-09-30,2020-10-29,0.77,0.72,0.05,6.9444
CMS,2020-06-30,2020-08-03,0.49,0.42,0.07,16.6667
CMS,2020-03-31,2020-04-27,0.86,0.79,0.07,8.8608
CMS,2019-12-31,2020-01-30,0.68,0.69,-0.01,-1.4493
CNC,2025-03-31,2025-04-25,2.9,2.52,0.38,15.0794
CNC,2024-12-31,2025-02-04,0.8,0.49,0.31,63.2653
CNC,2024-09-30,2024-10-25,1.62,1.41,0.21,14.8936
CNC,2024-06-30,2024-07-26,2.42,2.07,0.35,16.9082
CNC,2024-03-31,2024-04-26,2.26,2.08,0.18,8.6538
CNC,2023-12-31,2024-02-06,0.45,0.44,0.01,2.2727
CNC,2023-09-30,2023-10-24,2,1.57,0.43,27.3885
CNC,2023-06-30,2023-07-28,2.1,2.03,0.07,3.4483
CNC,2023-03-31,2023-04-25,2.11,2.09,0.02,0.9569
CNC,2022-12-31,2023-02-07,0.86,0.85,0.01,1.1765
CNC,2022-09-30,2022-10-25,1.3,1.24,0.06,4.8387
CNC,2022-06-30,2022-07-26,1.77,1.59,0.18,11.3208
CNC,2022-03-31,2022-04-26,1.83,1.68,0.15,8.9286
CNC,2021-12-31,2022-02-08,1.01,0.99,0.02,2.0202
CNC,2021-09-30,2021-10-26,1.26,1.25,0.01,0.8
CNC,2021-06-30,2021-07-27,1.25,1.39,-0.14,-10.0719
CNC,2021-03-31,2021-04-27,1.63,1.59,0.04,2.5157
CNC,2020-12-31,2021-02-09,0.46,0.47,-0.01,-2.1277
CNC,2020-09-30,2020-10-27,1.26,0.97,0.29,29.8969
CNC,2020-06-30,2020-07-28,2.4,2.38,0.02,0.8403
CNC,2020-03-31,2020-04-28,0.86,0.99,-0.13,-13.1313
CNC,2019-12-31,2020-02-04,0.73,0.73,0,0
CNP,2025-03-31,2025-04-24,0.53,0.5471,-0.0171,-3.1256
CNP,2024-12-31,2025-02-20,0.4,0.4013,-0.0013,-0.3239
CNP,2024-09-30,2024-10-28,0.31,0.32,-0.01,-3.125
CNP,2024-06-30,2024-07-30,0.36,0.32,0.04,12.5
CNP,2024-03-31,2024-04-30,0.55,0.53,0.02,3.7736
CNP,2023-12-31,2024-02-20,0.32,0.32,0,0
CNP,2023-09-30,2023-10-26,0.4,0.35,0.05,14.2857
CNP,2023-06-30,2023-07-27,0.28,0.27,0.01,3.7037
CNP,2023-03-31,2023-04-27,0.5,0.47,0.03,6.383
CNP,2022-12-31,2023-02-17,0.28,0.29,-0.01,-3.4483
CNP,2022-09-30,2022-11-01,0.32,0.3,0.02,6.6667
CNP,2022-06-30,2022-08-02,0.31,0.27,0.04,14.8148
CNP,2022-03-31,2022-05-03,0.47,0.48,-0.01,-2.0833
CNP,2021-12-31,2022-02-22,0.36,0.28,0.08,28.5714
CNP,2021-09-30,2021-11-04,0.33,0.28,0.05,17.8571
CNP,2021-06-30,2021-08-05,0.36,0.25,0.11,44
CNP,2021-03-31,2021-05-06,0.59,0.53,0.06,11.3208
CNP,2020-12-31,2021-02-25,0.29,0.2,0.09,45
CNP,2020-09-30,2020-11-05,0.34,0.3,0.04,13.3333
CNP,2020-06-30,2020-08-06,0.21,0.21,0,0
CNP,2020-03-31,2020-05-07,0.65,0.44,0.21,47.7273
CNP,2019-12-31,2020-02-27,0.45,0.36,0.09,25
COO,2025-04-30,2025-05-29,0.96,0.93,0.03,3.2258
COO,2025-01-31,2025-03-06,0.92,0.91,0.01,1.0989
COO,2024-10-31,2024-12-05,1.04,1,0.04,4
COO,2024-07-31,2024-08-28,0.96,0.91,0.05,5.4945
COO,2024-04-30,2024-05-30,0.85,0.83,0.02,2.4096
COO,2024-01-31,2024-02-29,0.85,0.78,0.07,8.9744
COO,2023-10-31,2023-12-07,3.47,3.48,-0.01,-0.2874
COO,2023-07-31,2023-08-30,3.35,3.34,0.01,0.2994
COO,2023-04-30,2023-06-01,3.08,3.03,0.05,1.6502
COO,2023-01-31,2023-03-02,2.9,2.7,0.2,7.4074
COO,2022-10-31,2022-12-08,2.75,3.11,-0.36,-11.5756
COO,2022-07-31,2022-08-31,3.19,3.22,-0.03,-0.9317
COO,2022-04-30,2022-06-02,3.24,3.43,-0.19,-5.5394
COO,2022-01-31,2022-03-03,3.24,3.11,0.13,4.1801
COO,2021-10-31,2021-12-02,3.28,3.37,-0.09,-2.6706
COO,2021-07-31,2021-09-02,3.41,3.29,0.12,3.6474
COO,2021-04-30,2021-06-03,3.38,3.09,0.29,9.3851
COO,2021-01-31,2021-03-04,3.17,2.78,0.39,14.0288
COO,2020-10-31,2020-12-03,3.16,3.09,0.07,2.2654
COO,2020-07-31,2020-09-03,2.28,1.52,0.76,50
COO,2020-04-30,2020-06-04,1.51,2.36,-0.85,-36.0169
COO,2020-01-31,2020-03-05,2.69,2.71,-0.02,-0.738
COP,2025-03-31,2025-05-08,2.09,2.05,0.04,1.9512
COP,2024-12-31,2025-02-06,1.98,1.83,0.15,8.1967
COP,2024-09-30,2024-10-31,1.78,1.64,0.14,8.5366
COP,2024-06-30,2024-08-01,1.98,1.95,0.03,1.5385
COP,2024-03-31,2024-05-02,2.03,2.04,-0.01,-0.4902
COP,2023-12-31,2024-02-08,2.4,2.17,0.23,10.5991
COP,2023-09-30,2023-11-02,2.16,2.09,0.07,3.3493
COP,2023-06-30,2023-08-03,1.84,1.96,-0.12,-6.1224
COP,2023-03-31,2023-05-04,2.38,2.07,0.31,14.9758
COP,2022-12-31,2023-02-02,2.71,2.88,-0.17,-5.9028
COP,2022-09-30,2022-11-03,3.6,3.44,0.16,4.6512
COP,2022-06-30,2022-08-04,3.91,3.85,0.06,1.5584
COP,2022-03-31,2022-05-05,3.27,3.17,0.1,3.1546
COP,2021-12-31,2022-02-03,2.27,2.19,0.08,3.653
COP,2021-09-30,2021-11-02,1.77,1.52,0.25,16.4474
COP,2021-06-30,2021-08-03,1.27,1.13,0.14,12.3894
COP,2021-03-31,2021-05-04,0.69,0.54,0.15,27.7778
COP,2020-12-31,2021-02-02,-0.19,-0.25,0.06,24
COP,2020-09-30,2020-10-29,-0.31,-0.31,0,0
COP,2020-06-30,2020-07-30,-0.92,-0.58,-0.34,-58.6207
COP,2020-03-31,2020-04-30,0.45,0.17,0.28,164.7059
COP,2019-12-31,2020-02-04,0.76,0.81,-0.05,-6.1728
COST,2025-05-31,2025-06-05,4.28,4.24,0.04,0.9434
COST,2025-02-28,2025-03-06,4.28,4.23,0.05,1.182
COST,2024-11-30,2024-12-12,4.04,3.8,0.24,6.3158
COST,2024-08-31,2024-09-26,5.29,5.08,0.21,4.1339
COST,2024-05-31,2024-05-30,3.78,3.7,0.08,2.1622
COST,2024-02-29,2024-03-07,3.71,3.6,0.11,3.0556
COST,2023-11-30,2023-12-14,3.58,3.42,0.16,4.6784
COST,2023-08-31,2023-09-26,4.86,4.79,0.07,1.4614
COST,2023-02-28,2023-03-02,2.93,3.29,-0.36,-10.9422
COST,2022-11-30,2022-12-08,3.1,3.11,-0.01,-0.3215
COST,2022-08-31,2022-09-22,4.2,4.17,0.03,0.7194
COST,2022-02-28,2022-03-03,3.17,3.03,0.14,4.6205
COST,2021-11-30,2021-12-09,2.98,2.64,0.34,12.8788
COST,2021-08-31,2021-09-23,3.9,3.57,0.33,9.2437
COST,2021-02-28,2021-03-04,2.75,2.34,0.41,17.5214
COST,2020-11-30,2020-12-10,2.3,2.05,0.25,12.1951
COST,2020-08-31,2020-09-24,3.04,2.84,0.2,7.0423
COST,2020-02-29,2020-03-05,1.89,1.95,-0.06,-3.0769
CPB,2025-04-30,2025-06-02,0.73,0.66,0.07,10.6061
CPB,2025-01-31,2025-03-05,0.74,0.7235,0.0165,2.2806
CPB,2024-10-31,2024-12-03,0.89,0.87,0.02,2.2989
CPB,2024-07-31,2024-08-29,0.63,0.62,0.01,1.6129
CPB,2024-04-30,2024-06-05,0.75,0.7,0.05,7.1429
CPB,2024-01-31,2024-03-06,0.8,0.77,0.03,3.8961
CPB,2023-10-31,2023-12-06,0.91,0.88,0.03,3.4091
CPB,2023-07-31,2023-08-31,0.5,0.5,0,0
CPB,2023-04-30,2023-06-07,0.68,0.64,0.04,6.25
CPB,2023-01-31,2023-03-08,0.8,0.74,0.06,8.1081
CPB,2022-10-31,2022-12-07,1.02,0.88,0.14,15.9091
CPB,2022-07-31,2022-09-01,0.56,0.56,0,0
CPB,2022-04-30,2022-06-08,0.7,0.61,0.09,14.7541
CPB,2022-01-31,2022-03-09,0.69,0.69,0,0
CPB,2021-10-31,2021-12-08,0.89,0.81,0.08,9.8765
CPB,2021-07-31,2021-09-01,0.55,0.48,0.07,14.5833
CPB,2021-04-30,2021-06-09,0.57,0.66,-0.09,-13.6364
CPB,2021-01-31,2021-03-10,0.84,0.84,0,0
CPB,2020-10-31,2020-12-09,1.02,0.91,0.11,12.0879
CPB,2020-07-31,2020-09-03,0.63,0.6,0.03,5
CPB,2020-04-30,2020-06-03,0.83,0.75,0.08,10.6667
CPB,2020-01-31,2020-03-04,0.72,0.66,0.06,9.0909
CRL,2025-03-31,2025-05-07,2.34,2.07,0.27,13.0435
CRL,2024-12-31,2025-02-19,2.66,2.53,0.13,5.1383
CRL,2024-09-30,2024-11-06,2.59,2.42,0.17,7.0248
CRL,2024-06-30,2024-08-07,2.8,2.39,0.41,17.1548
CRL,2024-03-31,2024-05-09,2.27,2.07,0.2,9.6618
CRL,2023-12-31,2024-02-14,2.46,2.4,0.06,2.5
CRL,2023-09-30,2023-11-08,2.72,2.37,0.35,14.7679
CRL,2023-06-30,2023-08-09,2.69,2.64,0.05,1.8939
CRL,2023-03-31,2023-05-11,2.78,2.59,0.19,7.3359
CRL,2022-12-31,2023-02-22,2.98,2.75,0.23,8.3636
CRL,2022-09-30,2022-11-02,2.63,2.5,0.13,5.2
CRL,2022-06-30,2022-08-03,2.77,2.73,0.04,1.4652
CRL,2022-03-31,2022-05-04,2.75,2.72,0.03,1.1029
CRL,2021-12-31,2022-02-16,2.49,2.43,0.06,2.4691
CRL,2021-09-30,2021-11-03,2.7,2.58,0.12,4.6512
CRL,2021-06-30,2021-08-04,2.61,2.38,0.23,9.6639
CRL,2021-03-31,2021-05-04,2.53,2.19,0.34,15.5251
CRL,2020-12-31,2021-02-17,2.39,2.11,0.28,13.2701
CRL,2020-09-30,2020-10-29,2.33,1.8,0.53,29.4444
CRL,2020-06-30,2020-08-05,1.58,1.26,0.32,25.3968
CRL,2020-03-31,2020-05-07,1.84,1.48,0.36,24.3243
CRL,2019-12-31,2020-02-11,2.01,1.83,0.18,9.8361
CRM,2025-04-30,2025-05-28,2.58,2.55,0.03,1.1765
CRM,2025-01-31,2025-02-26,2.78,2.61,0.17,6.5134
CRM,2024-10-31,2024-12-03,2.41,2.45,-0.04,-1.6327
CRM,2024-07-31,2024-08-28,2.56,2.36,0.2,8.4746
CRM,2024-04-30,2024-05-29,2.44,2.37,0.07,2.9536
CRM,2024-01-31,2024-02-28,2.29,2.27,0.02,0.8811
CRM,2023-10-31,2023-11-29,2.11,2.06,0.05,2.4272
CRM,2023-07-31,2023-08-30,2.12,1.9,0.22,11.5789
CRM,2023-04-30,2023-05-31,1.69,1.61,0.08,4.9689
CRM,2023-01-31,2023-03-01,1.68,1.36,0.32,23.5294
CRM,2022-10-31,2022-11-30,1.4,1.22,0.18,14.7541
CRM,2022-07-31,2022-08-24,1.19,1.03,0.16,15.534
CRM,2022-04-30,2022-05-31,0.98,0.94,0.04,4.2553
CRM,2022-01-31,2022-03-01,0.84,0.75,0.09,12
CRM,2021-10-31,2021-11-30,1.27,0.92,0.35,38.0435
CRM,2021-07-31,2021-08-25,1.48,0.93,0.55,59.1398
CRM,2021-04-30,2021-05-27,1.21,0.88,0.33,37.5
CRM,2021-01-31,2021-02-25,1.04,0.75,0.29,38.6667
CRM,2020-10-31,2020-12-01,1.74,0.75,0.99,132
CRM,2020-07-31,2020-08-25,1.44,0.67,0.77,114.9254
CRM,2020-04-30,2020-05-28,0.7,0.69,0.01,1.4493
CRM,2020-01-31,2020-02-25,0.66,0.56,0.1,17.8571
CSCO,2025-04-30,2025-05-14,0.96,0.92,0.04,4.3478
CSCO,2025-01-31,2025-02-12,0.94,0.91,0.03,3.2967
CSCO,2024-10-31,2024-11-13,0.91,0.87,0.04,4.5977
CSCO,2024-07-31,2024-08-14,0.87,0.85,0.02,2.3529
CSCO,2024-04-30,2024-05-15,0.88,0.82,0.06,7.3171
CSCO,2024-01-31,2024-02-14,0.87,0.84,0.03,3.5714
CSCO,2023-10-31,2023-11-15,1.11,1.03,0.08,7.767
CSCO,2023-07-31,2023-08-16,1.14,1.06,0.08,7.5472
CSCO,2023-04-30,2023-05-17,1,0.97,0.03,3.0928
CSCO,2023-01-31,2023-02-15,0.88,0.86,0.02,2.3256
CSCO,2022-10-31,2022-11-16,0.86,0.84,0.02,2.381
CSCO,2022-07-31,2022-08-17,0.83,0.82,0.01,1.2195
CSCO,2022-04-30,2022-05-18,0.87,0.86,0.01,1.1628
CSCO,2022-01-31,2022-02-16,0.84,0.81,0.03,3.7037
CSCO,2021-10-31,2021-11-17,0.82,0.8,0.02,2.5
CSCO,2021-07-31,2021-08-18,0.84,0.82,0.02,2.439
CSCO,2021-04-30,2021-05-19,0.83,0.82,0.01,1.2195
CSCO,2021-01-31,2021-02-09,0.79,0.76,0.03,3.9474
CSCO,2020-10-31,2020-11-12,0.76,0.7,0.06,8.5714
CSCO,2020-07-31,2020-08-12,0.8,0.74,0.06,8.1081
CSCO,2020-04-30,2020-05-13,0.79,0.69,0.1,14.4928
CSCO,2020-01-31,2020-02-12,0.77,0.76,0.01,1.3158
CSX,2025-03-31,2025-04-16,0.34,0.37,-0.03,-8.1081
CSX,2024-12-31,2025-01-23,0.38,0.42,-0.04,-9.5238
CSX,2024-09-30,2024-10-16,0.46,0.48,-0.02,-4.1667
CSX,2024-06-30,2024-08-05,0.49,0.48,0.01,2.0833
CSX,2024-03-31,2024-04-17,0.46,0.45,0.01,2.2222
CSX,2023-12-31,2024-01-24,0.45,0.44,0.01,2.2727
CSX,2023-09-30,2023-10-19,0.42,0.43,-0.01,-2.3256
CSX,2023-06-30,2023-07-20,0.49,0.49,0,0
CSX,2023-03-31,2023-04-20,0.48,0.43,0.05,11.6279
CSX,2022-12-31,2023-01-25,0.47,0.46,0.01,2.1739
CSX,2022-09-30,2022-10-20,0.51,0.49,0.02,4.0816
CSX,2022-06-30,2022-07-20,0.54,0.47,0.07,14.8936
CSX,2022-03-31,2022-04-20,0.39,0.37,0.02,5.4054
CSX,2021-12-31,2022-01-20,0.42,0.41,0.01,2.439
CSX,2021-09-30,2021-10-20,0.43,0.38,0.05,13.1579
CSX,2021-06-30,2021-07-21,0.39,0.37,0.02,5.4054
CSX,2021-03-31,2021-04-20,0.31,0.32,-0.01,-3.125
CSX,2020-12-31,2021-01-21,0.35,0.34,0.01,2.9412
CSX,2020-09-30,2020-10-21,0.32,0.31,0.01,3.2258
CSX,2020-06-30,2020-07-22,0.22,0.21,0.01,4.7619
CSX,2020-03-31,2020-04-22,0.33,0.31,0.02,6.4516
CSX,2019-12-31,2020-01-16,0.33,0.32,0.01,3.125
CTAS,2025-02-28,2025-03-26,1.13,1.0553,0.0747,7.0786
CTAS,2024-11-30,2024-12-19,1.09,1.01,0.08,7.9208
CTAS,2024-08-31,2024-09-25,1.1,0.95,0.15,15.7895
CTAS,2024-05-31,2024-07-18,3.99,3.79,0.2,5.277
CTAS,2024-02-29,2024-03-27,3.84,3.58,0.26,7.2626
CTAS,2023-11-30,2023-12-21,3.61,3.49,0.12,3.4384
CTAS,2023-08-31,2023-09-26,3.7,3.67,0.03,0.8174
CTAS,2023-05-31,2023-07-13,3.33,3.19,0.14,4.3887
CTAS,2023-02-28,2023-03-29,3.14,3.04,0.1,3.2895
CTAS,2022-11-30,2022-12-21,3.12,3.03,0.09,2.9703
CTAS,2022-08-31,2022-09-28,3.39,3.13,0.26,8.3067
CTAS,2022-05-31,2022-07-14,2.81,2.67,0.14,5.2434
CTAS,2022-02-28,2022-03-23,2.69,2.43,0.26,10.6996
CTAS,2021-11-30,2021-12-22,2.76,2.65,0.11,4.1509
CTAS,2021-08-31,2021-09-29,3.11,2.75,0.36,13.0909
CTAS,2021-05-31,2021-07-15,2.47,2.3,0.17,7.3913
CTAS,2021-02-28,2021-03-17,2.37,2.22,0.15,6.7568
CTAS,2020-11-30,2020-12-22,2.62,2.18,0.44,20.1835
CTAS,2020-08-31,2020-09-23,2.78,2.13,0.65,30.5164
CTAS,2020-05-31,2020-07-23,1.35,1.21,0.14,11.5702
CTAS,2020-02-29,2020-03-19,2.16,2.02,0.14,6.9307
CTRA,2025-03-31,2025-05-05,0.8,0.7956,0.0044,0.553
CTRA,2024-12-31,2025-02-24,0.49,0.4287,0.0613,14.299
CTRA,2024-09-30,2024-10-31,0.32,0.34,-0.02,-5.8824
CTRA,2024-06-30,2024-08-01,0.37,0.39,-0.02,-5.1282
CTRA,2024-03-31,2024-05-02,0.51,0.41,0.1,24.3902
CTRA,2023-12-31,2024-02-22,0.52,0.55,-0.03,-5.4545
CTRA,2023-09-30,2023-11-06,0.5,0.44,0.06,13.6364
CTRA,2023-06-30,2023-08-07,0.39,0.34,0.05,14.7059
CTRA,2023-03-31,2023-05-04,0.87,0.7,0.17,24.2857
CTRA,2022-12-31,2023-02-22,1.16,1.1,0.06,5.4545
CTRA,2022-09-30,2022-11-03,1.42,1.37,0.05,3.6496
CTRA,2022-06-30,2022-08-02,1.35,1.23,0.12,9.7561
CTRA,2022-03-31,2022-05-02,1.01,0.83,0.18,21.6867
CTRA,2021-12-31,2022-02-23,0.83,1.02,-0.19,-18.6275
CTRA,2021-09-30,2021-11-03,0.52,0.79,-0.27,-34.1772
CTRA,2021-06-30,2021-07-30,0.26,0.28,-0.02,-7.1429
CTRA,2021-03-31,2021-04-29,0.38,0.36,0.02,5.5556
CTRA,2020-12-31,2021-02-23,0.26,0.21,0.05,23.8095
CTRA,2020-09-30,2020-10-29,0.09,0.06,0.03,50
CTRA,2020-06-30,2020-07-30,0.05,0.02,0.03,150
CTRA,2020-03-31,2020-04-30,0.14,0.13,0.01,7.6923
CTRA,2019-12-31,2020-02-20,0.3,0.3,0,0
CTSH,2025-03-31,2025-04-30,1.23,1.2,0.03,2.5
CTSH,2024-12-31,2025-02-05,1.21,1.13,0.08,7.0796
CTSH,2024-09-30,2024-10-30,1.25,1.15,0.1,8.6957
CTSH,2024-06-30,2024-07-31,1.17,1.12,0.05,4.4643
CTSH,2024-03-31,2024-05-01,1.12,1.11,0.01,0.9009
CTSH,2023-12-31,2024-02-06,1.18,1.04,0.14,13.4615
CTSH,2023-09-30,2023-11-01,1.16,1.09,0.07,6.422
CTSH,2023-06-30,2023-08-02,1.1,0.99,0.11,11.1111
CTSH,2023-03-31,2023-05-03,1.11,1.04,0.07,6.7308
CTSH,2022-12-31,2023-02-02,1.01,1.02,-0.01,-0.9804
CTSH,2022-09-30,2022-11-02,1.17,1.16,0.01,0.8621
CTSH,2022-06-30,2022-07-27,1.14,1.08,0.06,5.5556
CTSH,2022-03-31,2022-05-04,1.08,1.04,0.04,3.8462
CTSH,2021-12-31,2022-02-02,1.1,1.04,0.06,5.7692
CTSH,2021-09-30,2021-10-27,1.06,1.05,0.01,0.9524
CTSH,2021-06-30,2021-07-28,0.99,0.96,0.03,3.125
CTSH,2021-03-31,2021-05-05,0.97,0.94,0.03,3.1915
CTSH,2020-12-31,2021-02-03,0.67,0.9,-0.23,-25.5556
CTSH,2020-09-30,2020-10-28,0.97,0.91,0.06,6.5934
CTSH,2020-06-30,2020-07-29,0.82,0.69,0.13,18.8406
CTSH,2020-03-31,2020-05-07,0.96,0.92,0.04,4.3478
CTSH,2019-12-31,2020-02-05,1.07,1.04,0.03,2.8846
CTVA,2025-03-31,2025-05-07,1.13,0.88,0.25,28.4091
CTVA,2024-12-31,2025-02-05,-0.06,0.2,-0.26,-130
CTVA,2024-09-30,2024-11-06,-0.76,-0.45,-0.31,-68.8889
CTVA,2024-06-30,2024-07-31,1.83,1.73,0.1,5.7803
CTVA,2024-03-31,2024-05-01,0.89,0.84,0.05,5.9524
CTVA,2023-12-31,2024-01-31,0.15,0.06,0.09,150
CTVA,2023-09-30,2023-11-08,-0.23,-0.23,0,0
CTVA,2023-06-30,2023-08-03,1.6,1.58,0.02,1.2658
CTVA,2023-03-31,2023-05-03,1.16,0.93,0.23,24.7312
CTVA,2022-12-31,2023-02-01,0.16,0.05,0.11,220
CTVA,2022-09-30,2022-11-03,-0.12,-0.23,0.11,47.8261
CTVA,2022-06-30,2022-08-04,1.64,1.46,0.18,12.3288
CTVA,2022-03-31,2022-05-04,0.97,0.82,0.15,18.2927
CTVA,2021-12-31,2022-02-02,0.08,0.09,-0.01,-11.1111
CTVA,2021-09-30,2021-11-03,-0.14,-0.31,0.17,54.8387
CTVA,2021-06-30,2021-08-05,1.4,1.26,0.14,11.1111
CTVA,2021-03-31,2021-05-04,0.79,0.65,0.14,21.5385
CTVA,2020-12-31,2021-02-03,0.04,-0.05,0.09,180
CTVA,2020-09-30,2020-11-04,-0.39,-0.42,0.03,7.1429
CTVA,2020-06-30,2020-08-05,1.26,1.24,0.02,1.6129
CTVA,2020-03-31,2020-05-06,0.59,0.4,0.19,47.5
CTVA,2019-12-31,2020-01-30,0.07,-0.12,0.19,158.3333
CVS,2025-03-31,2025-05-01,2.25,1.67,0.58,34.7305
CVS,2024-12-31,2025-02-12,1.19,0.92,0.27,29.3478
CVS,2024-09-30,2024-11-06,1.09,1.46,-0.37,-25.3425
CVS,2024-06-30,2024-08-07,1.83,1.73,0.1,5.7803
CVS,2024-03-31,2024-05-01,1.31,1.7,-0.39,-22.9412
CVS,2023-12-31,2024-02-07,2.12,1.99,0.13,6.5327
CVS,2023-09-30,2023-11-01,2.21,2.13,0.08,3.7559
CVS,2023-06-30,2023-08-02,2.21,2.11,0.1,4.7393
CVS,2023-03-31,2023-05-03,2.2,2.09,0.11,5.2632
CVS,2022-12-31,2023-02-08,1.99,1.92,0.07,3.6458
CVS,2022-09-30,2022-11-02,2.09,1.99,0.1,5.0251
CVS,2022-06-30,2022-08-03,2.4,2.17,0.23,10.5991
CVS,2022-03-31,2022-05-04,2.22,2.15,0.07,3.2558
CVS,2021-12-31,2022-02-09,1.98,1.93,0.05,2.5907
CVS,2021-09-30,2021-11-03,1.97,1.78,0.19,10.6742
CVS,2021-06-30,2021-08-04,2.42,2.06,0.36,17.4757
CVS,2021-03-31,2021-05-04,2.04,1.72,0.32,18.6047
CVS,2020-12-31,2021-02-16,1.3,1.24,0.06,4.8387
CVS,2020-09-30,2020-11-06,1.66,1.33,0.33,24.812
CVS,2020-06-30,2020-08-05,2.64,1.93,0.71,36.7876
CVS,2020-03-31,2020-05-06,1.91,1.63,0.28,17.1779
CVS,2019-12-31,2020-02-12,1.73,1.68,0.05,2.9762
CVX,2025-03-31,2025-05-02,2.18,2.15,0.03,1.3953
CVX,2024-12-31,2025-01-31,2.06,2.11,-0.05,-2.3697
CVX,2024-09-30,2024-11-01,2.51,2.42,0.09,3.719
CVX,2024-06-30,2024-08-02,2.55,3,-0.45,-15
CVX,2024-03-31,2024-04-26,2.93,2.91,0.02,0.6873
CVX,2023-12-31,2024-02-02,3.45,3.22,0.23,7.1429
CVX,2023-09-30,2023-10-27,3.05,3.68,-0.63,-17.1196
CVX,2023-06-30,2023-07-28,3.08,2.98,0.1,3.3557
CVX,2023-03-31,2023-04-28,3.55,3.38,0.17,5.0296
CVX,2022-12-31,2023-01-27,4.09,4.3,-0.21,-4.8837
CVX,2022-09-30,2022-10-28,5.56,4.92,0.64,13.0081
CVX,2022-06-30,2022-07-29,5.82,5.03,0.79,15.7058
CVX,2022-03-31,2022-04-29,3.36,3.45,-0.09,-2.6087
CVX,2021-12-31,2022-01-28,2.56,3.12,-0.56,-17.9487
CVX,2021-09-30,2021-10-29,2.96,2.19,0.77,35.1598
CVX,2021-06-30,2021-07-30,1.71,1.6,0.11,6.875
CVX,2021-03-31,2021-04-30,0.9,0.94,-0.04,-4.2553
CVX,2020-12-31,2021-01-29,-0.01,0.09,-0.1,-111.1111
CVX,2020-09-30,2020-10-30,0.11,-0.27,0.38,140.7407
CVX,2020-06-30,2020-07-31,-1.59,-0.92,-0.67,-72.8261
CVX,2020-03-31,2020-05-01,1.29,0.67,0.62,92.5373
CVX,2019-12-31,2020-01-31,1.49,1.46,0.03,2.0548
CZR,2025-03-31,2025-04-29,-0.4811,-0.18,-0.3011,-167.2778
CZR,2024-12-31,2025-02-25,-0.4698,0.071,-0.5408,-761.6901
CZR,2024-09-30,2024-10-29,-0.04,0.12,-0.16,-133.3333
CZR,2024-06-30,2024-07-30,-0.02,0.12,-0.14,-116.6667
CZR,2024-03-31,2024-04-30,-0.73,-0.07,-0.66,-942.8571
CZR,2023-12-31,2024-02-20,-0.34,-0.04,-0.3,-750
CZR,2023-09-30,2023-10-31,0.34,0.29,0.05,17.2414
CZR,2023-06-30,2023-08-01,-0.09,0.33,-0.42,-127.2727
CZR,2023-03-31,2023-05-02,-0.63,-0.01,-0.62,-6200
CZR,2022-12-31,2023-02-21,-0.7,-0.17,-0.53,-311.7647
CZR,2022-09-30,2022-11-01,0.24,0.14,0.1,71.4286
CZR,2022-06-30,2022-08-02,-0.57,0.17,-0.74,-435.2941
CZR,2022-03-31,2022-05-03,-3.18,-2.21,-0.97,-43.8914
CZR,2021-12-31,2022-02-22,-2.03,-0.92,-1.11,-120.6522
CZR,2021-09-30,2021-11-02,-1.1,0.18,-1.28,-711.1111
CZR,2021-06-30,2021-08-03,0.57,-0.18,0.75,416.6667
CZR,2021-03-31,2021-05-04,-2.03,-1.8,-0.23,-12.7778
CZR,2020-12-31,2021-02-25,-2.67,-1.97,-0.7,-35.533
CZR,2020-09-30,2020-11-05,-6.09,-2.18,-3.91,-179.3578
CZR,2020-06-30,2020-08-06,-1.25,-3.34,2.09,62.5749
CZR,2020-03-31,2020-05-11,-2.25,0.16,-2.41,-1506.25
CZR,2019-12-31,2020-02-26,-0.17,0.31,-0.48,-154.8387
D,2025-03-31,2025-05-01,0.93,0.76,0.17,22.3684
D,2024-12-31,2025-02-12,0.58,0.5545,0.0255,4.5987
D,2024-09-30,2024-11-01,0.98,0.93,0.05,5.3763
D,2024-06-30,2024-08-01,0.65,0.56,0.09,16.0714
D,2024-03-31,2024-05-02,0.55,0.55,0,0
D,2023-12-31,2024-02-22,0.29,0.38,-0.09,-23.6842
D,2023-09-30,2023-11-03,0.77,0.76,0.01,1.3158
D,2023-06-30,2023-08-04,0.53,0.47,0.06,12.766
D,2023-03-31,2023-05-05,0.99,0.97,0.02,2.0619
D,2022-12-31,2023-02-08,1.06,1.04,0.02,1.9231
D,2022-09-30,2022-11-04,1.11,1.08,0.03,2.7778
D,2022-06-30,2022-08-08,0.77,0.76,0.01,1.3158
D,2022-03-31,2022-05-05,1.18,1.17,0.01,0.8547
D,2021-12-31,2022-02-11,0.9,0.91,-0.01,-1.0989
D,2021-09-30,2021-11-05,1.11,1.06,0.05,4.717
D,2021-06-30,2021-08-06,0.76,0.77,-0.01,-1.2987
D,2021-03-31,2021-05-04,1.09,1.08,0.01,0.9259
D,2020-12-31,2021-02-12,0.81,0.8,0.01,1.25
D,2020-09-30,2020-11-05,1.08,0.99,0.09,9.0909
D,2020-06-30,2020-07-31,0.82,0.76,0.06,7.8947
D,2020-03-31,2020-05-05,1.09,1.09,0,0
D,2019-12-31,2020-02-11,1.18,1.16,0.02,1.7241
DAL,2025-03-31,2025-04-09,0.46,0.39,0.07,17.9487
DAL,2024-12-31,2025-01-10,1.85,1.74,0.11,6.3218
DAL,2024-09-30,2024-10-10,1.5,1.52,-0.02,-1.3158
DAL,2024-06-30,2024-07-11,2.36,2.38,-0.02,-0.8403
DAL,2024-03-31,2024-04-10,0.45,0.36,0.09,25
DAL,2023-12-31,2024-01-12,1.28,1.16,0.12,10.3448
DAL,2023-09-30,2023-10-12,2.03,1.95,0.08,4.1026
DAL,2023-06-30,2023-07-13,2.68,2.4,0.28,11.6667
DAL,2023-03-31,2023-04-13,0.25,0.29,-0.04,-13.7931
DAL,2022-12-31,2023-01-13,1.48,1.32,0.16,12.1212
DAL,2022-09-30,2022-10-13,1.51,1.53,-0.02,-1.3072
DAL,2022-06-30,2022-07-13,1.44,1.72,-0.28,-16.2791
DAL,2022-03-31,2022-04-13,-1.23,-1.27,0.04,3.1496
DAL,2021-12-31,2022-01-13,0.22,0.15,0.07,46.6667
DAL,2021-09-30,2021-10-13,0.3,0.15,0.15,100
DAL,2021-06-30,2021-07-14,-1.07,-1.39,0.32,23.0216
DAL,2021-03-31,2021-04-15,-3.55,-3.17,-0.38,-11.9874
DAL,2020-12-31,2021-01-14,-2.53,-2.45,-0.08,-3.2653
DAL,2020-09-30,2020-10-13,-3.3,-2.96,-0.34,-11.4865
DAL,2020-06-30,2020-07-14,-4.43,-4.16,-0.27,-6.4904
DAL,2020-03-31,2020-04-22,-0.51,-0.82,0.31,37.8049
DAL,2019-12-31,2020-01-14,1.7,1.39,0.31,22.3022
DD,2025-03-31,2025-05-02,1.03,0.95,0.08,8.4211
DD,2024-12-31,2025-02-11,1.13,0.98,0.15,15.3061
DD,2024-09-30,2024-11-05,1.18,1.03,0.15,14.5631
DD,2024-06-30,2024-07-31,0.97,0.85,0.12,14.1176
DD,2024-03-31,2024-05-01,0.79,0.65,0.14,21.5385
DD,2023-12-31,2024-02-06,0.87,0.85,0.02,2.3529
DD,2023-09-30,2023-11-01,0.92,0.9498,-0.0298,-3.1375
DD,2023-06-30,2023-08-02,0.85,0.8908,-0.0408,-4.5802
DD,2023-03-31,2023-05-02,0.84,0.9001,-0.0601,-6.677
DD,2022-12-31,2023-02-07,0.89,0.8186,0.0714,8.7222
DD,2022-09-30,2022-11-08,0.82,0.8012,0.0188,2.3465
DD,2022-06-30,2022-08-02,0.88,0.7513,0.1287,17.1303
DD,2022-03-31,2022-05-03,0.82,0.82,0,0
DD,2021-12-31,2022-02-08,1.08,1.08,0,0
DD,2021-09-30,2021-11-02,1.15,1.12,0.03,2.6786
DD,2021-06-30,2021-08-03,1.13,0.944,0.186,19.7034
DD,2021-03-31,2021-05-04,0.91,0.7497,0.1603,21.3819
DD,2020-12-31,2021-02-09,0.95,0.8535,0.0965,11.3064
DD,2020-09-30,2020-10-29,0.88,0.7452,0.1348,18.0891
DD,2020-06-30,2020-07-30,0.7,0.6,0.1,16.6667
DD,2020-03-31,2020-05-05,0.84,0.73,0.11,15.0685
DD,2019-12-31,2020-01-30,0.95,0.95,0,0
DG,2025-04-30,2025-06-03,1.78,1.48,0.3,20.2703
DG,2025-01-31,2025-03-13,1.68,1.5,0.18,12
DG,2024-10-31,2024-12-05,0.89,0.94,-0.05,-5.3191
DG,2024-07-31,2024-08-29,1.7,1.79,-0.09,-5.0279
DG,2024-04-30,2024-05-30,1.65,1.57,0.08,5.0955
DG,2024-01-31,2024-03-14,1.83,1.75,0.08,4.5714
DG,2023-10-31,2023-12-07,1.26,1.19,0.07,5.8824
DG,2023-07-31,2023-08-31,2.13,2.46,-0.33,-13.4146
DG,2023-04-30,2023-06-01,2.34,2.38,-0.04,-1.6807
DG,2023-01-31,2023-03-16,2.96,2.97,-0.01,-0.3367
DG,2022-10-31,2022-12-01,2.33,2.54,-0.21,-8.2677
DG,2022-07-31,2022-08-25,2.98,2.93,0.05,1.7065
DG,2022-04-30,2022-05-26,2.41,2.31,0.1,4.329
DG,2022-01-31,2022-03-17,2.57,2.57,0,0
DG,2021-10-31,2021-12-02,2.08,2.01,0.07,3.4826
DG,2021-07-31,2021-08-26,2.69,2.59,0.1,3.861
DG,2021-04-30,2021-05-27,2.82,2.19,0.63,28.7671
DG,2021-01-31,2021-03-18,2.62,2.72,-0.1,-3.6765
DG,2020-10-31,2020-12-03,2.31,2,0.31,15.5
DG,2020-07-31,2020-08-27,3.12,2.44,0.68,27.8689
DG,2020-04-30,2020-05-28,2.56,1.74,0.82,47.1264
DG,2020-01-31,2020-03-12,2.1,2.01,0.09,4.4776
DGX,2025-03-31,2025-04-22,2.21,2.15,0.06,2.7907
DGX,2024-12-31,2025-01-30,2.23,2.18,0.05,2.2936
DGX,2024-09-30,2024-10-22,2.3,2.26,0.04,1.7699
DGX,2024-06-30,2024-07-23,2.35,2.34,0.01,0.4274
DGX,2024-03-31,2024-04-23,2.04,1.86,0.18,9.6774
DGX,2023-12-31,2024-02-01,2.15,2.11,0.04,1.8957
DGX,2023-09-30,2023-10-24,2.22,2.19,0.03,1.3699
DGX,2023-06-30,2023-07-26,2.3,2.27,0.03,1.3216
DGX,2023-03-31,2023-04-27,2.04,1.97,0.07,3.5533
DGX,2022-12-31,2023-02-02,1.98,1.91,0.07,3.6649
DGX,2022-09-30,2022-10-20,2.36,2.19,0.17,7.7626
DGX,2022-06-30,2022-07-21,2.36,2.29,0.07,3.0568
DGX,2022-03-31,2022-04-21,3.22,2.97,0.25,8.4175
DGX,2021-12-31,2022-02-03,3.33,3.18,0.15,4.717
DGX,2021-09-30,2021-10-21,3.96,2.88,1.08,37.5
DGX,2021-06-30,2021-07-22,3.18,2.87,0.31,10.8014
DGX,2021-03-31,2021-04-22,3.76,3.71,0.05,1.3477
DGX,2020-12-31,2021-02-04,4.48,4.24,0.24,5.6604
DGX,2020-09-30,2020-10-22,4.31,3.73,0.58,15.5496
DGX,2020-06-30,2020-07-23,1.42,1.41,0.01,0.7092
DGX,2020-03-31,2020-04-22,0.94,0.89,0.05,5.618
DGX,2019-12-31,2020-01-30,1.67,1.6,0.07,4.375
DHI,2025-03-31,2025-04-17,2.58,2.65,-0.07,-2.6415
DHI,2024-12-31,2025-01-21,2.61,2.37,0.24,10.1266
DHI,2024-09-30,2024-10-29,3.92,4.16,-0.24,-5.7692
DHI,2024-06-30,2024-07-18,4.1,3.75,0.35,9.3333
DHI,2024-03-31,2024-04-18,3.52,3.06,0.46,15.0327
DHI,2023-12-31,2024-01-23,2.82,2.88,-0.06,-2.0833
DHI,2023-09-30,2023-11-07,4.45,3.93,0.52,13.2316
DHI,2023-06-30,2023-07-20,3.9,2.79,1.11,39.7849
DHI,2023-03-31,2023-04-20,2.73,1.93,0.8,41.4508
DHI,2022-12-31,2023-01-24,2.76,2.26,0.5,22.1239
DHI,2022-09-30,2022-11-09,4.67,5.09,-0.42,-8.2515
DHI,2022-06-30,2022-07-21,4.67,4.49,0.18,4.0089
DHI,2022-03-31,2022-04-26,4.03,3.37,0.66,19.5846
DHI,2021-12-31,2022-02-02,3.17,2.79,0.38,13.6201
DHI,2021-09-30,2021-11-09,3.7,3.4,0.3,8.8235
DHI,2021-06-30,2021-07-22,3.11,2.81,0.3,10.6762
DHI,2021-03-31,2021-04-22,2.53,2.15,0.38,17.6744
DHI,2020-12-31,2021-01-26,2.14,1.69,0.45,26.6272
DHI,2020-09-30,2020-11-10,2.24,1.76,0.48,27.2727
DHI,2020-06-30,2020-07-28,1.72,1.3,0.42,32.3077
DHI,2020-03-31,2020-04-28,1.3,1.12,0.18,16.0714
DHI,2019-12-31,2020-01-27,1.07,0.92,0.15,16.3043
DHR,2025-03-31,2025-04-22,1.88,1.64,0.24,14.6341
DHR,2024-12-31,2025-01-29,2.14,2.16,-0.02,-0.9259
DHR,2024-09-30,2024-10-22,1.71,1.57,0.14,8.9172
DHR,2024-06-30,2024-07-23,1.72,1.57,0.15,9.5541
DHR,2024-03-31,2024-04-23,1.92,1.71,0.21,12.2807
DHR,2023-12-31,2024-01-30,2.09,1.91,0.18,9.4241
DHR,2023-09-30,2023-10-24,2.02,1.88,0.14,7.4468
DHR,2023-06-30,2023-07-25,2.05,2.02,0.03,1.4851
DHR,2023-03-31,2023-04-25,2.36,2.26,0.1,4.4248
DHR,2022-12-31,2023-01-24,2.87,2.55,0.32,12.549
DHR,2022-09-30,2022-10-20,2.56,2.25,0.31,13.7778
DHR,2022-06-30,2022-07-21,2.76,2.34,0.42,17.9487
DHR,2022-03-31,2022-04-21,2.76,2.66,0.1,3.7594
DHR,2021-12-31,2022-01-27,2.69,2.54,0.15,5.9055
DHR,2021-09-30,2021-10-21,2.39,2.15,0.24,11.1628
DHR,2021-06-30,2021-07-22,2.46,2.05,0.41,20
DHR,2021-03-31,2021-04-22,2.52,1.77,0.75,42.3729
DHR,2020-12-31,2021-01-28,2.08,1.88,0.2,10.6383
DHR,2020-09-30,2020-10-22,1.72,1.36,0.36,26.4706
DHR,2020-06-30,2020-07-23,1.44,1.09,0.35,32.1101
DHR,2020-03-31,2020-05-06,1.05,1.02,0.03,2.9412
DHR,2019-12-31,2020-01-30,1.28,1.25,0.03,2.4
DIS,2025-03-31,2025-05-07,1.45,1.21,0.24,19.8347
DIS,2024-12-31,2025-02-05,1.76,1.43,0.33,23.0769
DIS,2024-09-30,2024-11-14,1.14,1.11,0.03,2.7027
DIS,2024-06-30,2024-08-07,1.39,1.19,0.2,16.8067
DIS,2024-03-31,2024-05-07,1.21,1.1,0.11,10
DIS,2023-12-31,2024-02-07,1.22,0.99,0.23,23.2323
DIS,2023-09-30,2023-11-08,0.82,0.7,0.12,17.1429
DIS,2023-06-30,2023-08-09,1.03,0.95,0.08,8.4211
DIS,2023-03-31,2023-05-10,0.93,0.93,0,0
DIS,2022-12-31,2023-02-08,0.99,0.78,0.21,26.9231
DIS,2022-09-30,2022-11-08,0.3,0.55,-0.25,-45.4545
DIS,2022-06-30,2022-08-10,1.09,0.96,0.13,13.5417
DIS,2022-03-31,2022-05-11,1.08,1.19,-0.11,-9.2437
DIS,2021-12-31,2022-02-09,1.06,0.63,0.43,68.254
DIS,2021-09-30,2021-11-10,0.37,0.51,-0.14,-27.451
DIS,2021-06-30,2021-08-12,0.8,0.55,0.25,45.4545
DIS,2021-03-31,2021-05-13,0.79,0.27,0.52,192.5926
DIS,2020-12-31,2021-02-11,0.32,-0.41,0.73,178.0488
DIS,2020-09-30,2020-11-12,-0.2,-0.7,0.5,71.4286
DIS,2020-06-30,2020-08-04,0.08,-0.64,0.72,112.5
DIS,2020-03-31,2020-05-05,0.6,0.89,-0.29,-32.5843
DIS,2019-12-31,2020-02-04,1.53,1.44,0.09,6.25
DLTR,2025-04-30,2025-06-04,1.26,1.21,0.05,4.1322
DLTR,2025-01-31,2025-03-26,2.11,2.19,-0.08,-3.653
DLTR,2024-10-31,2024-12-04,1.12,1.07,0.05,4.6729
DLTR,2024-07-31,2024-09-04,0.67,1.04,-0.37,-35.5769
DLTR,2024-04-30,2024-06-05,1.43,1.42,0.01,0.7042
DLTR,2024-01-31,2024-03-13,2.55,2.65,-0.1,-3.7736
DLTR,2023-10-31,2023-11-29,1.02,1.01,0.01,0.9901
DLTR,2023-07-31,2023-08-24,0.91,0.87,0.04,4.5977
DLTR,2023-04-30,2023-05-25,1.47,1.52,-0.05,-3.2895
DLTR,2023-01-31,2023-03-01,2.04,2.02,0.02,0.9901
DLTR,2022-10-31,2022-11-22,1.2,1.18,0.02,1.6949
DLTR,2022-07-31,2022-08-25,1.6,1.59,0.01,0.6289
DLTR,2022-04-30,2022-05-26,2.37,2,0.37,18.5
DLTR,2022-01-31,2022-03-02,2.01,1.77,0.24,13.5593
DLTR,2021-10-31,2021-11-23,0.96,0.96,0,0
DLTR,2021-07-31,2021-08-26,1.23,1,0.23,23
DLTR,2021-04-30,2021-05-27,1.6,1.4,0.2,14.2857
DLTR,2021-01-31,2021-03-03,2.13,2.11,0.02,0.9479
DLTR,2020-10-31,2020-11-24,1.39,1.15,0.24,20.8696
DLTR,2020-07-31,2020-08-27,1.1,0.92,0.18,19.5652
DLTR,2020-04-30,2020-05-28,1.04,0.85,0.19,22.3529
DLTR,2020-01-31,2020-03-04,1.79,1.75,0.04,2.2857
DOV,2025-03-31,2025-04-24,2.05,1.98,0.07,3.5354
DOV,2024-12-31,2025-01-30,2.2,2.08,0.12,5.7692
DOV,2024-09-30,2024-10-24,2.27,2.18,0.09,4.1284
DOV,2024-06-30,2024-07-25,2.36,2.21,0.15,6.7873
DOV,2024-03-31,2024-04-25,1.95,1.88,0.07,3.7234
DOV,2023-12-31,2024-02-01,2.45,2.43,0.02,0.823
DOV,2023-09-30,2023-10-24,2.35,2.33,0.02,0.8584
DOV,2023-06-30,2023-07-25,2.05,2.21,-0.16,-7.2398
DOV,2023-03-31,2023-04-26,1.94,1.93,0.01,0.5181
DOV,2022-12-31,2023-01-31,2.16,2.15,0.01,0.4651
DOV,2022-09-30,2022-10-20,2.26,2.19,0.07,3.1963
DOV,2022-06-30,2022-07-21,2.14,2.07,0.07,3.3816
DOV,2022-03-31,2022-04-21,1.9,1.83,0.07,3.8251
DOV,2021-12-31,2022-01-27,1.78,1.67,0.11,6.5868
DOV,2021-09-30,2021-10-19,1.98,1.85,0.13,7.027
DOV,2021-06-30,2021-07-20,2.06,1.84,0.22,11.9565
DOV,2021-03-31,2021-04-20,1.81,1.47,0.34,23.1293
DOV,2020-12-31,2021-01-28,1.55,1.38,0.17,12.3188
DOV,2020-09-30,2020-10-20,1.6,1.32,0.28,21.2121
DOV,2020-06-30,2020-07-22,1.13,0.92,0.21,22.8261
DOV,2020-03-31,2020-04-21,1.39,1.18,0.21,17.7966
DOV,2019-12-31,2020-01-30,1.54,1.45,0.09,6.2069
DOW,2025-03-31,2025-04-24,0.02,-0.01,0.03,300
DOW,2024-12-31,2025-01-30,-0.0752,0.24,-0.3152,-131.3333
DOW,2024-09-30,2024-10-24,0.47,0.47,0,0
DOW,2024-06-30,2024-07-25,0.68,0.72,-0.04,-5.5556
DOW,2024-03-31,2024-04-25,0.56,0.45,0.11,24.4444
DOW,2023-12-31,2024-01-25,0.43,0.4,0.03,7.5
DOW,2023-09-30,2023-10-24,0.48,0.45,0.03,6.6667
DOW,2023-06-30,2023-07-25,0.75,0.71,0.04,5.6338
DOW,2023-03-31,2023-04-25,0.58,0.37,0.21,56.7568
DOW,2022-12-31,2023-01-26,0.46,0.57,-0.11,-19.2982
DOW,2022-09-30,2022-10-20,1.11,1.15,-0.04,-3.4783
DOW,2022-06-30,2022-07-21,2.31,2.14,0.17,7.9439
DOW,2022-03-31,2022-04-21,2.34,2.05,0.29,14.1463
DOW,2021-12-31,2022-01-27,2.15,2.03,0.12,5.9113
DOW,2021-09-30,2021-10-21,2.75,2.56,0.19,7.4219
DOW,2021-06-30,2021-07-22,2.72,2.44,0.28,11.4754
DOW,2021-03-31,2021-04-22,1.36,1.15,0.21,18.2609
DOW,2020-12-31,2021-01-28,0.81,0.68,0.13,19.1176
DOW,2020-09-30,2020-10-22,0.5,0.31,0.19,61.2903
DOW,2020-06-30,2020-07-23,-0.26,-0.25,-0.01,-4
DOW,2020-03-31,2020-04-30,0.59,0.58,0.01,1.7241
DOW,2019-12-31,2020-01-29,0.78,0.72,0.06,8.3333
DPZ,2025-03-31,2025-04-28,4.33,4.0737,0.2563,6.2916
DPZ,2024-12-31,2025-02-24,4.89,4.8951,-0.0051,-0.1042
DPZ,2024-09-30,2024-10-10,4.19,3.65,0.54,14.7945
DPZ,2024-06-30,2024-07-18,4.03,3.68,0.35,9.5109
DPZ,2024-03-31,2024-04-29,3.58,3.39,0.19,5.6047
DPZ,2023-12-31,2024-02-26,4.48,4.38,0.1,2.2831
DPZ,2023-09-30,2023-10-12,4.18,3.3,0.88,26.6667
DPZ,2023-06-30,2023-07-24,3.08,3.05,0.03,0.9836
DPZ,2023-03-31,2023-04-27,2.93,2.73,0.2,7.326
DPZ,2022-12-31,2023-02-23,3.97,3.94,0.03,0.7614
DPZ,2022-09-30,2022-10-13,2.79,2.97,-0.18,-6.0606
DPZ,2022-06-30,2022-07-21,2.82,2.91,-0.09,-3.0928
DPZ,2022-03-31,2022-04-28,2.5,3.06,-0.56,-18.3007
DPZ,2021-12-31,2022-03-01,4.25,4.28,-0.03,-0.7009
DPZ,2021-09-30,2021-10-14,3.24,3.11,0.13,4.1801
DPZ,2021-06-30,2021-07-22,3.12,2.87,0.25,8.7108
DPZ,2021-03-31,2021-04-29,3,2.94,0.06,2.0408
DPZ,2020-12-31,2021-02-25,3.85,3.89,-0.04,-1.0283
DPZ,2020-09-30,2020-10-08,2.49,2.79,-0.3,-10.7527
DPZ,2020-06-30,2020-07-16,2.99,2.24,0.75,33.4821
DPZ,2020-03-31,2020-04-23,3.07,2.32,0.75,32.3276
DPZ,2019-12-31,2020-02-20,3.13,2.98,0.15,5.0336
DTE,2025-03-31,2025-05-01,2.1,1.9876,0.1124,5.6551
DTE,2024-12-31,2025-02-13,1.51,1.4391,0.0709,4.9267
DTE,2024-09-30,2024-10-24,2.22,1.88,0.34,18.0851
DTE,2024-06-30,2024-07-25,1.43,1.22,0.21,17.2131
DTE,2024-03-31,2024-04-25,1.67,1.71,-0.04,-2.3392
DTE,2023-12-31,2024-02-08,1.97,1.96,0.01,0.5102
DTE,2023-09-30,2023-11-01,1.44,1.63,-0.19,-11.6564
DTE,2023-06-30,2023-07-27,0.99,0.93,0.06,6.4516
DTE,2023-03-31,2023-04-27,1.33,1.25,0.08,6.4
DTE,2022-12-31,2023-02-23,1.31,1.24,0.07,5.6452
DTE,2022-09-30,2022-10-27,1.6,1.58,0.02,1.2658
DTE,2022-06-30,2022-07-28,0.88,1.02,-0.14,-13.7255
DTE,2022-03-31,2022-04-28,2.31,2.05,0.26,12.6829
DTE,2021-12-31,2022-02-10,1.05,0.84,0.21,25
DTE,2021-09-30,2021-10-27,1.72,1.82,-0.1,-5.4945
DTE,2021-06-30,2021-07-27,1.7,1.3,0.4,30.7692
DTE,2021-03-31,2021-04-27,2.44,2.17,0.27,12.4424
DTE,2020-12-31,2021-02-19,1.39,1.24,0.15,12.0968
DTE,2020-09-30,2020-10-27,2.61,2.07,0.54,26.087
DTE,2020-06-30,2020-07-28,1.53,1.28,0.25,19.5313
DTE,2020-03-31,2020-04-28,1.66,1.74,-0.08,-4.5977
DTE,2019-12-31,2020-02-05,1.35,1.3,0.05,3.8462
DUK,2025-03-31,2025-05-06,1.76,1.59,0.17,10.6918
DUK,2024-12-31,2025-02-13,1.66,1.65,0.01,0.6061
DUK,2024-09-30,2024-11-07,1.62,1.72,-0.1,-5.814
DUK,2024-06-30,2024-08-06,1.18,1.02,0.16,15.6863
DUK,2024-03-31,2024-05-07,1.44,1.38,0.06,4.3478
DUK,2023-12-31,2024-02-08,1.51,1.54,-0.03,-1.9481
DUK,2023-09-30,2023-11-02,1.94,1.92,0.02,1.0417
DUK,2023-06-30,2023-08-08,0.91,0.99,-0.08,-8.0808
DUK,2023-03-31,2023-05-09,1.2,1.26,-0.06,-4.7619
DUK,2022-12-31,2023-02-09,1.11,1.07,0.04,3.7383
DUK,2022-09-30,2022-11-03,1.78,1.84,-0.06,-3.2609
DUK,2022-06-30,2022-08-04,1.14,1.07,0.07,6.5421
DUK,2022-03-31,2022-05-09,1.3,1.33,-0.03,-2.2556
DUK,2021-12-31,2022-02-10,0.94,0.96,-0.02,-2.0833
DUK,2021-09-30,2021-11-04,1.88,1.79,0.09,5.0279
DUK,2021-06-30,2021-08-05,1.15,1.1,0.05,4.5455
DUK,2021-03-31,2021-05-10,1.26,1.2,0.06,5
DUK,2020-12-31,2021-02-11,1.03,1.03,0,0
DUK,2020-09-30,2020-11-05,1.87,1.79,0.08,4.4693
DUK,2020-06-30,2020-08-10,1.08,1.03,0.05,4.8544
DUK,2020-03-31,2020-05-12,1.14,1.19,-0.05,-4.2017
DUK,2019-12-31,2020-02-13,0.91,0.87,0.04,4.5977
DVA,2025-03-31,2025-05-12,2,2.02,-0.02,-0.9901
DVA,2024-12-31,2025-02-13,2.24,2.13,0.11,5.1643
DVA,2024-09-30,2024-10-29,2.59,2.72,-0.13,-4.7794
DVA,2024-06-30,2024-08-06,2.5,2.54,-0.04,-1.5748
DVA,2024-03-31,2024-05-02,2.26,1.95,0.31,15.8974
DVA,2023-12-31,2024-02-13,1.62,1.59,0.03,1.8868
DVA,2023-09-30,2023-11-07,2.62,2.02,0.6,29.703
DVA,2023-06-30,2023-08-03,1.91,1.69,0.22,13.0178
DVA,2023-03-31,2023-05-08,1.25,1.15,0.1,8.6957
DVA,2022-12-31,2023-02-22,0.59,0.91,-0.32,-35.1648
DVA,2022-09-30,2022-10-28,1.13,1.77,-0.64,-36.1582
DVA,2022-06-30,2022-08-01,2.3,2.09,0.21,10.0478
DVA,2022-03-31,2022-05-05,1.61,1.87,-0.26,-13.9037
DVA,2021-12-31,2022-02-10,2.02,1.8,0.22,12.2222
DVA,2021-09-30,2021-10-28,2.36,2.25,0.11,4.8889
DVA,2021-06-30,2021-08-03,2.64,2.17,0.47,21.659
DVA,2021-03-31,2021-04-29,2.09,1.82,0.27,14.8352
DVA,2020-12-31,2021-02-11,1.67,1.87,-0.2,-10.6952
DVA,2020-09-30,2020-10-29,1.8,1.44,0.36,25
DVA,2020-06-30,2020-07-30,1.95,1.3,0.65,50
DVA,2020-03-31,2020-05-05,1.83,1.47,0.36,24.4898
DVA,2019-12-31,2020-02-10,1.86,1.66,0.2,12.0482
DVN,2025-03-31,2025-05-06,1.21,1.23,-0.02,-1.626
DVN,2024-12-31,2025-02-18,1.16,1,0.16,16
DVN,2024-09-30,2024-11-05,1.1,1.1,0,0
DVN,2024-06-30,2024-08-06,1.41,1.26,0.15,11.9048
DVN,2024-03-31,2024-05-01,1.16,1.11,0.05,4.5045
DVN,2023-12-31,2024-02-27,1.41,1.41,0,0
DVN,2023-09-30,2023-11-07,1.65,1.57,0.08,5.0955
DVN,2023-06-30,2023-08-01,1.18,1.18,0,0
DVN,2023-03-31,2023-05-08,1.46,1.38,0.08,5.7971
DVN,2022-12-31,2023-02-14,1.66,1.75,-0.09,-5.1429
DVN,2022-09-30,2022-11-01,2.18,2.12,0.06,2.8302
DVN,2022-06-30,2022-08-01,2.59,2.38,0.21,8.8235
DVN,2022-03-31,2022-05-02,1.88,1.75,0.13,7.4286
DVN,2021-12-31,2022-02-15,1.39,1.24,0.15,12.0968
DVN,2021-09-30,2021-11-02,1.08,0.93,0.15,16.129
DVN,2021-06-30,2021-08-03,0.6,0.52,0.08,15.3846
DVN,2021-03-31,2021-05-04,0.45,0.33,0.12,36.3636
DVN,2020-12-31,2021-02-16,-0.2689,0.03,-0.2989,-996.3333
DVN,2020-09-30,2020-10-29,-0.04,-0.1,0.06,60
DVN,2020-06-30,2020-08-04,-0.18,-0.26,0.08,30.7692
DVN,2020-03-31,2020-05-05,0.06,-0.22,0.28,127.2727
DVN,2019-12-31,2020-02-18,0.36,0.32,0.04,12.5
DXCM,2025-03-31,2025-05-01,0.32,0.33,-0.01,-3.0303
DXCM,2024-12-31,2025-02-13,0.38,0.48,-0.1,-20.8333
DXCM,2024-09-30,2024-10-24,0.45,0.43,0.02,4.6512
DXCM,2024-06-30,2024-07-25,0.43,0.39,0.04,10.2564
DXCM,2024-03-31,2024-04-25,0.32,0.27,0.05,18.5185
DXCM,2023-12-31,2024-02-08,0.5,0.43,0.07,16.2791
DXCM,2023-09-30,2023-10-26,0.5,0.34,0.16,47.0588
DXCM,2023-06-30,2023-07-27,0.34,0.23,0.11,47.8261
DXCM,2023-03-31,2023-04-27,0.17,0.15,0.02,13.3333
DXCM,2022-12-31,2023-02-09,0.34,0.27,0.07,25.9259
DXCM,2022-09-30,2022-10-27,0.28,0.24,0.04,16.6667
DXCM,2022-06-30,2022-07-28,0.17,0.19,-0.02,-10.5263
DXCM,2022-03-31,2022-04-28,0.08,0.13,-0.05,-38.4615
DXCM,2021-12-31,2022-02-10,0.17,0.21,-0.04,-19.0476
DXCM,2021-09-30,2021-10-28,0.22,0.16,0.06,37.5
DXCM,2021-06-30,2021-07-29,0.19,0.11,0.08,72.7273
DXCM,2021-03-31,2021-04-29,0.08,0.07,0.01,14.2857
DXCM,2020-12-31,2021-02-11,0.23,0.23,0,0
DXCM,2020-09-30,2020-10-27,0.24,0.16,0.08,50
DXCM,2020-06-30,2020-07-28,0.2,0.09,0.11,122.2222
DXCM,2020-03-31,2020-04-28,0.11,0.04,0.07,175
DXCM,2019-12-31,2020-02-13,0.29,0.18,0.11,61.1111
EA,2025-03-31,2025-05-06,0.98,0.91,0.07,7.6923
EA,2024-12-31,2025-02-04,1.11,1.08,0.03,2.7778
EA,2024-09-30,2024-10-29,1.11,0.89,0.22,24.7191
EA,2024-06-30,2024-07-30,0.52,0.42,0.1,23.8095
EA,2024-03-31,2024-05-07,1.37,1.52,-0.15,-9.8684
EA,2023-12-31,2024-01-30,2.96,2.93,0.03,1.0239
EA,2023-09-30,2023-11-01,1.46,1.25,0.21,16.8
EA,2023-06-30,2023-08-01,1.14,1.02,0.12,11.7647
EA,2023-03-31,2023-05-09,1.78,1.31,0.47,35.8779
EA,2022-12-31,2023-01-31,2.8,3.05,-0.25,-8.1967
EA,2022-09-30,2022-11-01,1.45,1.37,0.08,5.8394
EA,2022-06-30,2022-08-02,0.47,0.28,0.19,67.8571
EA,2022-03-31,2022-05-10,1.46,1.43,0.03,2.0979
EA,2021-12-31,2022-02-01,3.2,3.22,-0.02,-0.6211
EA,2021-09-30,2021-11-03,1.58,1.17,0.41,35.0427
EA,2021-06-30,2021-08-04,0.79,0.67,0.12,17.9104
EA,2021-03-31,2021-05-11,1.23,1.05,0.18,17.1429
EA,2020-12-31,2021-02-02,3.06,2.96,0.1,3.3784
EA,2020-09-30,2020-11-05,0.05,0.02,0.03,150
EA,2020-06-30,2020-07-30,1.42,0.79,0.63,79.7468
EA,2020-03-31,2020-05-05,1.08,0.98,0.1,10.2041
EA,2019-12-31,2020-01-30,2.52,2.51,0.01,0.3984
EBAY,2025-03-31,2025-04-30,1.38,1.2,0.18,15
EBAY,2024-12-31,2025-02-26,1.25,1.21,0.04,3.3058
EBAY,2024-09-30,2024-10-30,1.19,1.18,0.01,0.8475
EBAY,2024-06-30,2024-07-31,1.18,1.13,0.05,4.4248
EBAY,2024-03-31,2024-05-01,1.25,1.2,0.05,4.1667
EBAY,2023-12-31,2024-02-27,1.07,1.03,0.04,3.8835
EBAY,2023-09-30,2023-11-07,1.03,1,0.03,3
EBAY,2023-06-30,2023-07-26,1.03,1,0.03,3
EBAY,2023-03-31,2023-04-26,1.11,1.07,0.04,3.7383
EBAY,2022-12-31,2023-02-22,1.07,1.06,0.01,0.9434
EBAY,2022-09-30,2022-11-02,1,0.93,0.07,7.5269
EBAY,2022-06-30,2022-08-03,0.99,0.89,0.1,11.236
EBAY,2022-03-31,2022-05-04,1.05,1.03,0.02,1.9417
EBAY,2021-12-31,2022-02-23,1.05,0.99,0.06,6.0606
EBAY,2021-09-30,2021-10-27,0.9,0.89,0.01,1.1236
EBAY,2021-06-30,2021-08-11,0.99,0.95,0.04,4.2105
EBAY,2021-03-31,2021-04-28,1.09,1.07,0.02,1.8692
EBAY,2020-12-31,2021-02-03,0.86,0.83,0.03,3.6145
EBAY,2020-09-30,2020-10-28,0.85,0.77,0.08,10.3896
EBAY,2020-06-30,2020-07-28,1.08,1.06,0.02,1.8868
EBAY,2020-03-31,2020-04-29,0.77,0.72,0.05,6.9444
EBAY,2019-12-31,2020-01-28,0.81,0.76,0.05,6.5789
ECL,2025-03-31,2025-04-29,1.5,1.5,0,0
ECL,2024-12-31,2025-02-11,1.81,1.8,0.01,0.5556
ECL,2024-09-30,2024-10-29,1.83,1.82,0.01,0.5495
ECL,2024-06-30,2024-07-30,1.68,1.67,0.01,0.5988
ECL,2024-03-31,2024-04-30,1.34,1.34,0,0
ECL,2023-12-31,2024-02-13,1.55,1.54,0.01,0.6494
ECL,2023-09-30,2023-10-31,1.54,1.52,0.02,1.3158
ECL,2023-06-30,2023-08-01,1.24,1.21,0.03,2.4793
ECL,2023-03-31,2023-05-02,0.88,0.86,0.02,2.3256
ECL,2022-12-31,2023-02-14,1.27,1.25,0.02,1.6
ECL,2022-09-30,2022-11-01,1.3,1.31,-0.01,-0.7634
ECL,2022-06-30,2022-07-26,1.1,1.09,0.01,0.9174
ECL,2022-03-31,2022-04-26,0.82,0.82,0,0
ECL,2021-12-31,2022-02-15,1.28,1.31,-0.03,-2.2901
ECL,2021-09-30,2021-10-26,1.41,1.3,0.11,8.4615
ECL,2021-06-30,2021-07-27,1.22,1.21,0.01,0.8264
ECL,2021-03-31,2021-04-27,0.91,0.81,0.1,12.3457
ECL,2020-12-31,2021-02-16,1.23,1.25,-0.02,-1.6
ECL,2020-09-30,2020-10-27,1.15,1.12,0.03,2.6786
ECL,2020-06-30,2020-07-28,0.65,0.85,-0.2,-23.5294
ECL,2020-03-31,2020-04-28,1.13,1.06,0.07,6.6038
ECL,2019-12-31,2020-02-18,1.66,1.69,-0.03,-1.7751
EFX,2025-03-31,2025-04-22,1.53,1.4039,0.1261,8.9821
EFX,2024-12-31,2025-02-06,2.12,2.12,0,0
EFX,2024-09-30,2024-10-16,1.85,1.83,0.02,1.0929
EFX,2024-06-30,2024-07-17,1.82,1.73,0.09,5.2023
EFX,2024-03-31,2024-04-17,1.5,1.44,0.06,4.1667
EFX,2023-12-31,2024-02-07,1.81,1.74,0.07,4.023
EFX,2023-09-30,2023-10-18,1.76,1.77,-0.01,-0.565
EFX,2023-06-30,2023-07-19,1.71,1.67,0.04,2.3952
EFX,2023-03-31,2023-04-19,1.43,1.37,0.06,4.3796
EFX,2022-12-31,2023-02-08,1.52,1.49,0.03,2.0134
EFX,2022-09-30,2022-10-19,1.73,1.63,0.1,6.135
EFX,2022-06-30,2022-07-20,2.09,2,0.09,4.5
EFX,2022-03-31,2022-04-20,2.22,2.14,0.08,3.7383
EFX,2021-12-31,2022-02-09,1.84,1.81,0.03,1.6575
EFX,2021-09-30,2021-10-20,1.85,1.72,0.13,7.5581
EFX,2021-06-30,2021-07-21,1.98,1.71,0.27,15.7895
EFX,2021-03-31,2021-04-21,1.97,1.55,0.42,27.0968
EFX,2020-12-31,2021-02-10,2,1.83,0.17,9.2896
EFX,2020-09-30,2020-10-21,1.87,1.6,0.27,16.875
EFX,2020-06-30,2020-07-22,1.6,1.3,0.3,23.0769
EFX,2020-03-31,2020-04-20,1.4,1.29,0.11,8.5271
EFX,2019-12-31,2020-02-12,1.53,1.49,0.04,2.6846
EIX,2025-03-31,2025-04-29,1.3679,1.37,-0.0021,-0.1533
EIX,2024-12-31,2025-02-27,1.05,1.18,-0.13,-11.0169
EIX,2024-09-30,2024-10-29,1.51,1.38,0.13,9.4203
EIX,2024-06-30,2024-07-25,1.23,1.07,0.16,14.9533
EIX,2024-03-31,2024-04-30,1.13,1.15,-0.02,-1.7391
EIX,2023-12-31,2024-02-22,1.28,1.16,0.12,10.3448
EIX,2023-09-30,2023-11-01,1.38,1.46,-0.08,-5.4795
EIX,2023-06-30,2023-07-27,1.01,0.96,0.05,5.2083
EIX,2023-03-31,2023-05-02,1.09,0.96,0.13,13.5417
EIX,2022-12-31,2023-02-23,1.15,1.1,0.05,4.5455
EIX,2022-09-30,2022-11-01,1.48,1.52,-0.04,-2.6316
EIX,2022-06-30,2022-07-28,0.94,0.92,0.02,2.1739
EIX,2022-03-31,2022-05-03,1.07,0.79,0.28,35.443
EIX,2021-12-31,2022-02-24,1.16,1.04,0.12,11.5385
EIX,2021-09-30,2021-11-02,1.69,1.75,-0.06,-3.4286
EIX,2021-06-30,2021-07-29,0.94,1.02,-0.08,-7.8431
EIX,2021-03-31,2021-04-27,0.79,0.72,0.07,9.7222
EIX,2020-12-31,2021-02-25,1.19,1.2,-0.01,-0.8333
EIX,2020-09-30,2020-10-27,1.67,1.47,0.2,13.6054
EIX,2020-06-30,2020-07-28,1,1.11,-0.11,-9.9099
EIX,2020-03-31,2020-04-30,0.63,0.79,-0.16,-20.2532
EIX,2019-12-31,2020-02-27,0.99,1,-0.01,-1
EL,2025-03-31,2025-05-01,0.65,0.3113,0.3387,108.8018
EL,2024-12-31,2025-02-04,0.62,0.3198,0.3002,93.8712
EL,2024-09-30,2024-10-31,0.14,0.1,0.04,40
EL,2024-06-30,2024-08-19,0.64,0.27,0.37,137.037
EL,2024-03-31,2024-05-01,0.97,0.49,0.48,97.9592
EL,2023-12-31,2024-02-05,0.88,0.55,0.33,60
EL,2023-09-30,2023-11-01,0.11,-0.2,0.31,155
EL,2023-06-30,2023-08-18,0.07,-0.04,0.11,275
EL,2023-03-31,2023-05-03,0.47,0.51,-0.04,-7.8431
EL,2022-12-31,2023-02-02,1.54,1.3,0.24,18.4615
EL,2022-09-30,2022-11-02,1.37,1.31,0.06,4.5802
EL,2022-06-30,2022-08-18,0.42,0.33,0.09,27.2727
EL,2022-03-31,2022-05-03,1.9,1.67,0.23,13.7725
EL,2021-12-31,2022-02-03,3.01,2.64,0.37,14.0152
EL,2021-09-30,2021-11-02,1.89,1.7,0.19,11.1765
EL,2021-06-30,2021-08-19,0.78,0.5,0.28,56
EL,2021-03-31,2021-05-03,1.62,1.32,0.3,22.7273
EL,2020-12-31,2021-02-05,2.61,1.69,0.92,54.4379
EL,2020-09-30,2020-11-02,1.44,0.9,0.54,60
EL,2020-06-30,2020-08-20,-0.53,-0.19,-0.34,-178.9474
EL,2020-03-31,2020-05-01,0.85,0.73,0.12,16.4384
EL,2019-12-31,2020-02-06,2.11,1.9,0.21,11.0526
ELV,2025-03-31,2025-04-22,11.97,11.48,0.49,4.2683
ELV,2024-12-31,2025-01-23,3.84,3.85,-0.01,-0.2597
ELV,2024-09-30,2024-10-17,8.37,9.65,-1.28,-13.2642
ELV,2024-06-30,2024-07-17,10.12,10.01,0.11,1.0989
ELV,2024-03-31,2024-04-18,10.64,10.53,0.11,1.0446
ELV,2023-12-31,2024-01-24,5.62,5.59,0.03,0.5367
ELV,2023-09-30,2023-10-18,8.99,8.46,0.53,6.2648
ELV,2023-06-30,2023-07-19,9.04,8.78,0.26,2.9613
ELV,2023-03-31,2023-04-19,9.46,9.28,0.18,1.9397
ELV,2022-12-31,2023-01-25,5.23,5.19,0.04,0.7707
ELV,2022-09-30,2022-10-19,7.53,7.15,0.38,5.3147
ELV,2022-06-30,2022-07-20,8.04,7.74,0.3,3.876
ELV,2022-03-31,2022-04-20,8.25,7.83,0.42,5.364
ELV,2021-12-31,2022-01-26,5.14,5.12,0.02,0.3906
ELV,2021-09-30,2021-10-20,6.79,6.37,0.42,6.5934
ELV,2021-06-30,2021-07-21,7.03,6.34,0.69,10.8833
ELV,2021-03-31,2021-04-21,7.01,6.47,0.54,8.3462
ELV,2020-12-31,2021-01-27,2.54,2.53,0.01,0.3953
ELV,2020-09-30,2020-10-28,4.2,4.18,0.02,0.4785
ELV,2020-06-30,2020-07-29,9.2,8.58,0.62,7.2261
ELV,2020-03-31,2020-04-29,6.48,6.44,0.04,0.6211
ELV,2019-12-31,2020-01-29,3.88,3.89,-0.01,-0.2571
EMN,2025-03-31,2025-04-24,1.91,1.89,0.02,1.0582
EMN,2024-12-31,2025-01-30,1.87,1.57,0.3,19.1083
EMN,2024-09-30,2024-10-31,2.26,2.14,0.12,5.6075
EMN,2024-06-30,2024-07-25,2.15,2.01,0.14,6.9652
EMN,2024-03-31,2024-04-25,1.61,1.43,0.18,12.5874
EMN,2023-12-31,2024-02-01,1.31,1.3,0.01,0.7692
EMN,2023-09-30,2023-10-26,1.47,1.45,0.02,1.3793
EMN,2023-06-30,2023-07-27,1.99,1.94,0.05,2.5773
EMN,2023-03-31,2023-04-27,1.63,1.23,0.4,32.5203
EMN,2022-12-31,2023-01-26,0.89,1.24,-0.35,-28.2258
EMN,2022-09-30,2022-10-27,2.05,2,0.05,2.5
EMN,2022-06-30,2022-07-28,2.83,2.7,0.13,4.8148
EMN,2022-03-31,2022-04-28,2.06,2.1,-0.04,-1.9048
EMN,2021-12-31,2022-01-27,1.81,1.87,-0.06,-3.2086
EMN,2021-09-30,2021-10-28,2.46,2.46,0,0
EMN,2021-06-30,2021-08-02,2.46,2.33,0.13,5.5794
EMN,2021-03-31,2021-04-29,2.13,2.04,0.09,4.4118
EMN,2020-12-31,2021-01-28,1.69,1.51,0.18,11.9205
EMN,2020-09-30,2020-10-29,1.57,1.37,0.2,14.5985
EMN,2020-06-30,2020-08-03,0.85,1.04,-0.19,-18.2692
EMN,2020-03-31,2020-04-30,2.03,1.71,0.32,18.7135
EMN,2019-12-31,2020-01-30,1.42,1.33,0.09,6.7669
EMR,2025-03-31,2025-05-07,1.48,1.41,0.07,4.9645
EMR,2024-12-31,2025-02-05,1.38,1.28,0.1,7.8125
EMR,2024-09-30,2024-11-05,1.48,1.47,0.01,0.6803
EMR,2024-06-30,2024-08-07,1.43,1.41,0.02,1.4184
EMR,2024-03-31,2024-05-08,1.36,1.25,0.11,8.8
EMR,2023-12-31,2024-02-07,1.22,1.04,0.18,17.3077
EMR,2023-09-30,2023-11-07,1.29,1.31,-0.02,-1.5267
EMR,2023-06-30,2023-08-02,1.29,1.1,0.19,17.2727
EMR,2023-03-31,2023-05-03,1.09,0.97,0.12,12.3711
EMR,2022-12-31,2023-02-08,0.78,0.87,-0.09,-10.3448
EMR,2022-09-30,2022-10-31,1.53,1.39,0.14,10.0719
EMR,2022-06-30,2022-08-09,1.38,1.29,0.09,6.9767
EMR,2022-03-31,2022-05-04,1.29,1.18,0.11,9.322
EMR,2021-12-31,2022-02-02,1.05,1.01,0.04,3.9604
EMR,2021-09-30,2021-11-03,1.21,1.18,0.03,2.5424
EMR,2021-06-30,2021-08-04,1.09,0.97,0.12,12.3711
EMR,2021-03-31,2021-05-05,0.97,0.9,0.07,7.7778
EMR,2020-12-31,2021-02-02,0.83,0.68,0.15,22.0588
EMR,2020-09-30,2020-11-03,1.1,0.94,0.16,17.0213
EMR,2020-06-30,2020-08-04,0.8,0.59,0.21,35.5932
EMR,2020-03-31,2020-04-21,0.89,0.75,0.14,18.6667
EMR,2019-12-31,2020-02-04,0.67,0.67,0,0
ENPH,2025-03-31,2025-04-22,0.68,0.72,-0.04,-5.5556
ENPH,2024-12-31,2025-02-04,0.94,0.75,0.19,25.3333
ENPH,2024-09-30,2024-10-22,0.65,0.78,-0.13,-16.6667
ENPH,2024-06-30,2024-07-23,0.43,0.48,-0.05,-10.4167
ENPH,2024-03-31,2024-04-23,0.35,0.39,-0.04,-10.2564
ENPH,2023-12-31,2024-02-06,0.54,0.55,-0.01,-1.8182
ENPH,2023-09-30,2023-10-26,1.02,1.01,0.01,0.9901
ENPH,2023-06-30,2023-07-27,1.47,1.25,0.22,17.6
ENPH,2023-03-31,2023-04-25,1.37,1.21,0.16,13.2231
ENPH,2022-12-31,2023-02-07,1.51,1.25,0.26,20.8
ENPH,2022-09-30,2022-10-25,1.25,1.08,0.17,15.7407
ENPH,2022-06-30,2022-07-26,1.07,0.84,0.23,27.381
ENPH,2022-03-31,2022-04-26,0.79,0.67,0.12,17.9104
ENPH,2021-12-31,2022-02-08,0.73,0.58,0.15,25.8621
ENPH,2021-09-30,2021-10-26,0.6,0.48,0.12,25
ENPH,2021-06-30,2021-07-27,0.53,0.43,0.1,23.2558
ENPH,2021-03-31,2021-04-27,0.56,0.45,0.11,24.4444
ENPH,2020-12-31,2021-02-09,0.51,0.4,0.11,27.5
ENPH,2020-09-30,2020-10-27,0.3,0.24,0.06,25
ENPH,2020-06-30,2020-08-04,0.17,0.14,0.03,21.4286
ENPH,2020-03-31,2020-05-05,0.38,0.32,0.06,18.75
ENPH,2019-12-31,2020-02-18,0.39,0.33,0.06,18.1818
EOG,2025-03-31,2025-05-01,2.87,2.7719,0.0981,3.5391
EOG,2024-12-31,2025-02-28,2.74,2.5658,0.1742,6.7893
EOG,2024-09-30,2024-11-08,2.89,2.77,0.12,4.3321
EOG,2024-06-30,2024-08-01,3.16,2.96,0.2,6.7568
EOG,2024-03-31,2024-05-02,2.82,2.71,0.11,4.059
EOG,2023-12-31,2024-02-22,3.07,3.07,0,0
EOG,2023-09-30,2023-11-02,3.44,3.02,0.42,13.9073
EOG,2023-06-30,2023-08-03,2.49,2.32,0.17,7.3276
EOG,2023-03-31,2023-05-04,2.69,2.48,0.21,8.4677
EOG,2022-12-31,2023-02-23,3.3,3.37,-0.07,-2.0772
EOG,2022-09-30,2022-11-03,3.71,3.73,-0.02,-0.5362
EOG,2022-06-30,2022-08-04,2.74,2.63,0.11,4.1825
EOG,2022-03-31,2022-05-05,4,3.72,0.28,7.5269
EOG,2021-12-31,2022-02-24,3.09,3.19,-0.1,-3.1348
EOG,2021-09-30,2021-11-04,2.16,2.04,0.12,5.8824
EOG,2021-06-30,2021-08-04,1.73,1.56,0.17,10.8974
EOG,2021-03-31,2021-05-06,1.62,1.48,0.14,9.4595
EOG,2020-12-31,2021-02-25,0.71,0.35,0.36,102.8571
EOG,2020-09-30,2020-11-05,0.43,0.19,0.24,126.3158
EOG,2020-06-30,2020-08-06,-0.23,-0.05,-0.18,-360
EOG,2020-03-31,2020-05-07,0.55,0.66,-0.11,-16.6667
EOG,2019-12-31,2020-02-27,1.35,1.15,0.2,17.3913
EPAM,2025-03-31,2025-05-08,2.41,2.27,0.14,6.1674
EPAM,2024-12-31,2025-02-20,2.84,2.75,0.09,3.2727
EPAM,2024-09-30,2024-11-07,3.12,2.7,0.42,15.5556
EPAM,2024-06-30,2024-08-08,2.45,2.26,0.19,8.4071
EPAM,2024-03-31,2024-05-09,2.46,2.32,0.14,6.0345
EPAM,2023-12-31,2024-02-15,2.75,2.5,0.25,10
EPAM,2023-09-30,2023-11-02,2.73,2.56,0.17,6.6406
EPAM,2023-06-30,2023-08-03,2.64,2.34,0.3,12.8205
EPAM,2023-03-31,2023-05-05,2.47,2.34,0.13,5.5556
EPAM,2022-12-31,2023-02-16,2.93,2.68,0.25,9.3284
EPAM,2022-09-30,2022-11-03,3.1,2.53,0.57,22.5296
EPAM,2022-06-30,2022-08-04,2.38,1.72,0.66,38.3721
EPAM,2022-03-31,2022-05-05,2.49,1.77,0.72,40.678
EPAM,2021-12-31,2022-02-17,2.76,2.51,0.25,9.9602
EPAM,2021-09-30,2021-11-04,2.42,2.22,0.2,9.009
EPAM,2021-06-30,2021-08-05,2.05,1.94,0.11,5.6701
EPAM,2021-03-31,2021-05-06,1.81,1.68,0.13,7.7381
EPAM,2020-12-31,2021-02-18,1.81,1.71,0.1,5.848
EPAM,2020-09-30,2020-11-05,1.65,1.47,0.18,12.2449
EPAM,2020-06-30,2020-08-06,1.46,1.21,0.25,20.6612
EPAM,2020-03-31,2020-05-07,1.43,1.4,0.03,2.1429
EPAM,2019-12-31,2020-02-20,1.51,1.45,0.06,4.1379
EQIX,2025-03-31,2025-04-30,3.65,2.97,0.68,22.8956
EQIX,2024-12-31,2025-02-12,2.97,2.74,0.23,8.3942
EQIX,2024-09-30,2024-10-30,3.1,2.96,0.14,4.7297
EQIX,2024-06-30,2024-08-07,3.16,2.67,0.49,18.3521
EQIX,2024-03-31,2024-05-08,2.43,2.64,-0.21,-7.9545
EQIX,2023-12-31,2024-02-14,2.4,2.17,0.23,10.5991
EQIX,2023-09-30,2023-10-25,2.93,2.15,0.78,36.2791
EQIX,2023-06-30,2023-08-02,2.21,2.06,0.15,7.2816
EQIX,2023-03-31,2023-05-03,2.77,2.19,0.58,26.484
EQIX,2022-12-31,2023-02-15,1.39,1.74,-0.35,-20.1149
EQIX,2022-09-30,2022-11-02,2.3,1.78,0.52,29.2135
EQIX,2022-06-30,2022-07-27,2.37,1.8,0.57,31.6667
EQIX,2022-03-31,2022-04-27,1.62,1.65,-0.03,-1.8182
EQIX,2021-12-31,2022-02-16,1.36,1.41,-0.05,-3.5461
EQIX,2021-09-30,2021-11-03,1.68,1.57,0.11,7.0064
EQIX,2021-06-30,2021-07-28,1.89,1.85,0.04,2.1622
EQIX,2021-03-31,2021-04-28,1.74,1.71,0.03,1.7544
EQIX,2020-12-31,2021-02-10,0.57,1.53,-0.96,-62.7451
EQIX,2020-09-30,2020-10-28,0.74,1.68,-0.94,-55.9524
EQIX,2020-06-30,2020-07-29,1.52,1.64,-0.12,-7.3171
EQIX,2020-03-31,2020-05-06,1.38,1.81,-0.43,-23.7569
EQIX,2019-12-31,2020-02-12,1.46,1.56,-0.1,-6.4103
EQR,2025-03-31,2025-04-29,0.26,0.27,-0.01,-3.7037
EQR,2024-12-31,2025-02-03,0.26,0.4,-0.14,-35
EQR,2024-09-30,2024-10-30,0.38,0.39,-0.01,-2.5641
EQR,2024-06-30,2024-07-29,0.47,0.38,0.09,23.6842
EQR,2024-03-31,2024-04-23,0.77,0.33,0.44,133.3333
EQR,2023-12-31,2024-01-30,0.82,0.43,0.39,90.6977
EQR,2023-09-30,2023-10-31,0.45,0.4,0.05,12.5
EQR,2023-06-30,2023-07-27,0.37,0.38,-0.01,-2.6316
EQR,2023-03-31,2023-04-25,0.56,0.33,0.23,69.697
EQR,2022-12-31,2023-02-09,0.42,0.39,0.03,7.6923
EQR,2022-09-30,2022-10-25,0.86,0.35,0.51,145.7143
EQR,2022-06-30,2022-07-26,0.59,0.29,0.3,103.4483
EQR,2022-03-31,2022-04-26,0.19,0.24,-0.05,-20.8333
EQR,2021-12-31,2022-02-01,1.4,0.43,0.97,225.5814
EQR,2021-09-30,2021-10-26,1.15,0.38,0.77,202.6316
EQR,2021-06-30,2021-07-27,0.84,0.24,0.6,250
EQR,2021-03-31,2021-04-27,0.15,0.24,-0.09,-37.5
EQR,2020-12-31,2021-02-10,0.68,0.24,0.44,183.3333
EQR,2020-09-30,2020-10-27,0.24,0.34,-0.1,-29.4118
EQR,2020-06-30,2020-07-28,0.7,0.36,0.34,94.4444
EQR,2020-03-31,2020-05-05,0.83,0.33,0.5,151.5152
EQR,2019-12-31,2020-01-28,0.77,0.35,0.42,120
EQT,2025-03-31,2025-04-22,1.18,1.0139,0.1661,16.3823
EQT,2024-12-31,2025-02-18,0.69,0.46,0.23,50
EQT,2024-09-30,2024-10-29,0.12,0.06,0.06,100
EQT,2024-06-30,2024-07-23,-0.08,-0.2,0.12,60
EQT,2024-03-31,2024-04-23,0.82,0.64,0.18,28.125
EQT,2023-12-31,2024-02-13,0.48,0.53,-0.05,-9.434
EQT,2023-09-30,2023-10-25,0.3,-0.08,0.38,475
EQT,2023-06-30,2023-07-25,-0.17,-0.26,0.09,34.6154
EQT,2023-03-31,2023-04-26,1.7,1.27,0.43,33.8583
EQT,2022-12-31,2023-02-15,0.42,0.52,-0.1,-19.2308
EQT,2022-09-30,2022-10-26,1.04,1.04,0,0
EQT,2022-06-30,2022-07-27,0.83,0.83,0,0
EQT,2022-03-31,2022-04-27,0.81,0.95,-0.14,-14.7368
EQT,2021-12-31,2022-02-09,0.41,0.51,-0.1,-19.6078
EQT,2021-09-30,2021-10-27,0.12,-0.05,0.17,340
EQT,2021-06-30,2021-07-28,0.07,0.06,0.01,16.6667
EQT,2021-03-31,2021-05-05,0.3,0.26,0.04,15.3846
EQT,2020-12-31,2021-02-17,-0.02,-0.25,0.23,92
EQT,2020-09-30,2020-10-22,-0.15,-0.26,0.11,42.3077
EQT,2020-06-30,2020-07-27,-0.18,-0.13,-0.05,-38.4615
EQT,2020-03-31,2020-05-07,0.14,-0.02,0.16,800
EQT,2019-12-31,2020-02-27,-0.03,-0.21,0.18,85.7143
ESS,2025-03-31,2025-04-29,1.44,1.41,0.03,2.1277
ESS,2024-12-31,2025-02-04,0.65,1.36,-0.71,-52.2059
ESS,2024-09-30,2024-10-29,1.34,1.35,-0.01,-0.7407
ESS,2024-06-30,2024-07-30,1.45,1.35,0.1,7.4074
ESS,2024-03-31,2024-04-30,4.25,1.29,2.96,229.4574
ESS,2023-12-31,2024-02-06,1.02,1.46,-0.44,-30.137
ESS,2023-09-30,2023-10-26,1.36,1.42,-0.06,-4.2254
ESS,2023-06-30,2023-07-27,1.55,1.38,0.17,12.3188
ESS,2023-03-31,2023-04-27,2.38,1.29,1.09,84.4961
ESS,2022-12-31,2023-02-07,2.86,1.45,1.41,97.2414
ESS,2022-09-30,2022-10-26,1.43,1.34,0.09,6.7164
ESS,2022-06-30,2022-07-26,0.87,1.32,-0.45,-34.0909
ESS,2022-03-31,2022-04-26,1.12,1.21,-0.09,-7.438
ESS,2021-12-31,2022-02-02,2.1,1.07,1.03,96.2617
ESS,2021-09-30,2021-10-26,1.82,1.01,0.81,80.198
ESS,2021-06-30,2021-07-29,1,0.84,0.16,19.0476
ESS,2021-03-31,2021-04-27,2.59,0.96,1.63,169.7917
ESS,2020-12-31,2021-02-04,1.47,1.01,0.46,45.5446
ESS,2020-09-30,2020-10-28,1.13,1.05,0.08,7.619
ESS,2020-06-30,2020-08-03,1.09,1.08,0.01,0.9259
ESS,2020-03-31,2020-05-06,1.96,1.51,0.45,29.8013
ESS,2019-12-31,2020-01-29,1.95,1.39,0.56,40.2878
ETN,2025-03-31,2025-05-02,2.72,2.71,0.01,0.369
ETN,2024-12-31,2025-01-31,2.83,2.81,0.02,0.7117
ETN,2024-09-30,2024-10-31,2.53,2.53,0,0
ETN,2024-06-30,2024-08-01,2.73,2.61,0.12,4.5977
ETN,2024-03-31,2024-04-30,2.4,2.29,0.11,4.8035
ETN,2023-12-31,2024-02-01,2.55,2.47,0.08,3.2389
ETN,2023-09-30,2023-10-31,2.47,2.34,0.13,5.5556
ETN,2023-06-30,2023-08-01,2.21,2.11,0.1,4.7393
ETN,2023-03-31,2023-05-02,1.88,1.78,0.1,5.618
ETN,2022-12-31,2023-02-08,2.06,2.05,0.01,0.4878
ETN,2022-09-30,2022-11-01,2.02,2.01,0.01,0.4975
ETN,2022-06-30,2022-08-02,1.87,1.82,0.05,2.7473
ETN,2022-03-31,2022-05-03,1.62,1.6,0.02,1.25
ETN,2021-12-31,2022-02-04,1.72,1.71,0.01,0.5848
ETN,2021-09-30,2021-11-02,1.75,1.73,0.02,1.1561
ETN,2021-06-30,2021-08-03,1.72,1.57,0.15,9.5541
ETN,2021-03-31,2021-05-04,1.44,1.24,0.2,16.129
ETN,2020-12-31,2021-02-02,1.28,1.24,0.04,3.2258
ETN,2020-09-30,2020-11-03,1.18,1.05,0.13,12.381
ETN,2020-06-30,2020-07-29,0.7,0.53,0.17,32.0755
ETN,2020-03-31,2020-04-30,1.09,1.07,0.02,1.8692
ETN,2019-12-31,2020-02-04,1.37,1.4,-0.03,-2.1429
ETR,2025-03-31,2025-04-29,0.82,0.6666,0.1534,23.0123
ETR,2024-12-31,2025-02-18,0.66,0.633,0.027,4.2654
ETR,2024-09-30,2024-10-31,2.99,2.97,0.02,0.6734
ETR,2024-06-30,2024-08-01,1.92,1.76,0.16,9.0909
ETR,2024-03-31,2024-04-24,1.08,1.51,-0.43,-28.4768
ETR,2023-12-31,2024-02-22,0.52,0.52,0,0
ETR,2023-09-30,2023-11-01,3.27,3.02,0.25,8.2781
ETR,2023-06-30,2023-08-02,1.84,1.66,0.18,10.8434
ETR,2023-03-31,2023-04-26,1.14,1.42,-0.28,-19.7183
ETR,2022-12-31,2023-02-16,0.51,0.51,0,0
ETR,2022-09-30,2022-11-02,2.84,2.66,0.18,6.7669
ETR,2022-06-30,2022-08-03,1.78,1.4,0.38,27.1429
ETR,2022-03-31,2022-04-27,1.32,1.34,-0.02,-1.4925
ETR,2021-12-31,2022-02-23,0.76,0.7,0.06,8.5714
ETR,2021-09-30,2021-11-03,2.45,2.45,0,0
ETR,2021-06-30,2021-08-04,1.34,1.4,-0.06,-4.2857
ETR,2021-03-31,2021-04-28,1.47,1.17,0.3,25.641
ETR,2020-12-31,2021-02-24,0.71,0.66,0.05,7.5758
ETR,2020-09-30,2020-10-28,2.44,2.39,0.05,2.0921
ETR,2020-06-30,2020-07-29,1.37,1.26,0.11,8.7302
ETR,2020-03-31,2020-05-11,1.14,0.93,0.21,22.5806
ETR,2019-12-31,2020-02-19,0.68,0.66,0.02,3.0303
ETSY,2025-03-31,2025-04-30,-0.49,0.4751,-0.9651,-203.1362
ETSY,2024-12-31,2025-02-19,1.03,0.9394,0.0906,9.6445
ETSY,2024-09-30,2024-10-30,0.45,0.53,-0.08,-15.0943
ETSY,2024-06-30,2024-07-31,0.41,0.45,-0.04,-8.8889
ETSY,2024-03-31,2024-05-01,0.48,0.49,-0.01,-2.0408
ETSY,2023-12-31,2024-02-21,0.62,0.77,-0.15,-19.4805
ETSY,2023-09-30,2023-11-01,0.66,0.51,0.15,29.4118
ETSY,2023-06-30,2023-08-02,0.44,0.43,0.01,2.3256
ETSY,2023-03-31,2023-05-03,0.53,0.55,-0.02,-3.6364
ETSY,2022-12-31,2023-02-22,0.77,0.8,-0.03,-3.75
ETSY,2022-09-30,2022-11-02,-7.62,0.37,-7.99,-2159.4595
ETSY,2022-06-30,2022-07-27,0.51,0.31,0.2,64.5161
ETSY,2022-03-31,2022-05-04,0.6,0.6,0,0
ETSY,2021-12-31,2022-02-24,1.11,0.79,0.32,40.5063
ETSY,2021-09-30,2021-11-03,0.62,0.54,0.08,14.8148
ETSY,2021-06-30,2021-08-04,0.68,0.63,0.05,7.9365
ETSY,2021-03-31,2021-05-05,1,0.88,0.12,13.6364
ETSY,2020-12-31,2021-02-25,1.08,0.59,0.49,83.0508
ETSY,2020-09-30,2020-10-28,0.76,0.6,0.16,26.6667
ETSY,2020-06-30,2020-08-05,0.75,0.39,0.36,92.3077
ETSY,2020-03-31,2020-05-06,0.1,0.19,-0.09,-47.3684
ETSY,2019-12-31,2020-02-26,0.25,0.16,0.09,56.25
EW,2025-03-31,2025-04-23,0.64,0.5956,0.0444,7.4547
EW,2024-12-31,2025-02-11,0.59,0.5546,0.0354,6.383
EW,2024-09-30,2024-10-24,0.67,0.64,0.03,4.6875
EW,2024-06-30,2024-07-24,0.7,0.69,0.01,1.4493
EW,2024-03-31,2024-04-25,0.66,0.64,0.02,3.125
EW,2023-12-31,2024-02-06,0.64,0.64,0,0
EW,2023-09-30,2023-10-25,0.59,0.59,0,0
EW,2023-06-30,2023-07-26,0.66,0.65,0.01,1.5385
EW,2023-03-31,2023-04-26,0.62,0.61,0.01,1.6393
EW,2022-12-31,2023-01-31,0.64,0.61,0.03,4.918
EW,2022-09-30,2022-10-27,0.61,0.62,-0.01,-1.6129
EW,2022-06-30,2022-07-28,0.63,0.64,-0.01,-1.5625
EW,2022-03-31,2022-04-26,0.6,0.57,0.03,5.2632
EW,2021-12-31,2022-01-26,0.51,0.55,-0.04,-7.2727
EW,2021-09-30,2021-10-27,0.54,0.53,0.01,1.8868
EW,2021-06-30,2021-07-29,0.64,0.56,0.08,14.2857
EW,2021-03-31,2021-04-20,0.54,0.47,0.07,14.8936
EW,2020-12-31,2021-01-27,0.5,0.53,-0.03,-5.6604
EW,2020-09-30,2020-10-21,0.51,0.44,0.07,15.9091
EW,2020-06-30,2020-07-23,0.34,0.17,0.17,100
EW,2020-03-31,2020-04-23,0.5,0.44,0.06,13.6364
EW,2019-12-31,2020-01-30,0.49,0.5,-0.01,-2
EXC,2025-03-31,2025-05-01,0.92,0.86,0.06,6.9767
EXC,2024-12-31,2025-02-12,0.64,0.5929,0.0471,7.944
EXC,2024-09-30,2024-10-30,0.71,0.67,0.04,5.9701
EXC,2024-06-30,2024-08-01,0.47,0.4,0.07,17.5
EXC,2024-03-31,2024-05-02,0.68,0.7,-0.02,-2.8571
EXC,2023-12-31,2024-02-21,0.6,0.58,0.02,3.4483
EXC,2023-09-30,2023-11-02,0.67,0.67,0,0
EXC,2023-06-30,2023-08-02,0.41,0.41,0,0
EXC,2023-03-31,2023-05-03,0.7,0.66,0.04,6.0606
EXC,2022-12-31,2023-02-14,0.43,0.43,0,0
EXC,2022-09-30,2022-11-03,0.75,0.7,0.05,7.1429
EXC,2022-06-30,2022-08-03,0.44,0.46,-0.02,-4.3478
EXC,2022-03-31,2022-05-09,0.64,0.66,-0.02,-3.0303
EXC,2021-12-31,2022-02-25,0.9,0.87,0.03,3.4483
EXC,2021-09-30,2021-11-03,1.09,1.09,0,0
EXC,2021-06-30,2021-08-04,0.89,0.68,0.21,30.8824
EXC,2021-03-31,2021-05-05,-0.06,0.36,-0.42,-116.6667
EXC,2020-12-31,2021-02-24,0.76,0.69,0.07,10.1449
EXC,2020-09-30,2020-11-03,1.04,0.87,0.17,19.5402
EXC,2020-06-30,2020-08-04,0.55,0.43,0.12,27.907
EXC,2020-03-31,2020-05-08,0.87,0.85,0.02,2.3529
EXC,2019-12-31,2020-02-11,0.83,0.73,0.1,13.6986
EXPE,2025-03-31,2025-05-08,0.47,0.36,0.11,30.5556
EXPE,2024-12-31,2025-02-06,2.39,2.1,0.29,13.8095
EXPE,2024-09-30,2024-11-07,6.13,6.12,0.01,0.1634
EXPE,2024-06-30,2024-08-08,3.51,3.06,0.45,14.7059
EXPE,2024-03-31,2024-05-02,0.21,-0.24,0.45,187.5
EXPE,2023-12-31,2024-02-08,1.72,1.68,0.04,2.381
EXPE,2023-09-30,2023-11-02,5.41,4.93,0.48,9.7363
EXPE,2023-06-30,2023-08-03,2.89,2.32,0.57,24.569
EXPE,2023-03-31,2023-05-04,-0.2,-0.04,-0.16,-400
EXPE,2022-12-31,2023-02-09,1.26,1.67,-0.41,-24.5509
EXPE,2022-09-30,2022-11-03,4.05,4.12,-0.07,-1.699
EXPE,2022-06-30,2022-08-04,1.96,1.56,0.4,25.641
EXPE,2022-03-31,2022-05-02,-0.47,-0.62,0.15,24.1935
EXPE,2021-12-31,2022-02-10,1.06,0.69,0.37,53.6232
EXPE,2021-09-30,2021-11-04,3.53,1.65,1.88,113.9394
EXPE,2021-06-30,2021-08-05,-1.13,-0.65,-0.48,-73.8462
EXPE,2021-03-31,2021-05-06,-2.02,-2.31,0.29,12.5541
EXPE,2020-12-31,2021-02-11,-2.64,-1.97,-0.67,-34.0102
EXPE,2020-09-30,2020-11-04,-0.22,-0.79,0.57,72.1519
EXPE,2020-06-30,2020-07-30,-4.09,-3.34,-0.75,-22.4551
EXPE,2020-03-31,2020-05-20,-1.83,-1.23,-0.6,-48.7805
EXPE,2019-12-31,2020-02-13,1.24,1.19,0.05,4.2017
EXR,2025-03-31,2025-04-29,1.28,1.0194,0.2606,25.5641
EXR,2024-12-31,2025-02-25,1.24,1.1,0.14,12.7273
EXR,2024-09-30,2024-10-29,0.91,1.12,-0.21,-18.75
EXR,2024-06-30,2024-07-30,1.19,1.03,0.16,15.534
EXR,2024-03-31,2024-04-30,1.01,0.99,0.02,2.0202
EXR,2023-12-31,2024-02-27,1.02,1.21,-0.19,-15.7025
EXR,2023-09-30,2023-11-07,0.96,0.72,0.24,33.3333
EXR,2023-06-30,2023-08-03,1.5,1.51,-0.01,-0.6623
EXR,2023-03-31,2023-05-02,1.46,1.41,0.05,3.5461
EXR,2022-12-31,2023-02-22,1.52,1.46,0.06,4.1096
EXR,2022-09-30,2022-11-01,1.65,1.59,0.06,3.7736
EXR,2022-06-30,2022-08-02,1.64,1.47,0.17,11.5646
EXR,2022-03-31,2022-05-03,1.51,1.35,0.16,11.8519
EXR,2021-12-31,2022-02-23,2,1.4,0.6,42.8571
EXR,2021-09-30,2021-10-27,1.4,1.22,0.18,14.7541
EXR,2021-06-30,2021-07-27,1.25,1.08,0.17,15.7407
EXR,2021-03-31,2021-04-28,1.53,0.99,0.54,54.5455
EXR,2020-12-31,2021-02-22,1.19,0.9,0.29,32.2222
EXR,2020-09-30,2020-11-04,0.88,0.79,0.09,11.3924
EXR,2020-06-30,2020-08-04,0.8,0.73,0.07,9.589
EXR,2020-03-31,2020-05-06,0.83,0.76,0.07,9.2105
EXR,2019-12-31,2020-02-18,0.82,0.8,0.02,2.5
F,2025-03-31,2025-05-05,0.14,0.03,0.11,366.6667
F,2024-12-31,2025-02-05,0.39,0.32,0.07,21.875
F,2024-09-30,2024-10-28,0.49,0.47,0.02,4.2553
F,2024-06-30,2024-07-24,0.47,0.68,-0.21,-30.8824
F,2024-03-31,2024-04-24,0.49,0.42,0.07,16.6667
F,2023-12-31,2024-02-06,0.29,0.14,0.15,107.1429
F,2023-09-30,2023-10-26,0.39,0.45,-0.06,-13.3333
F,2023-06-30,2023-07-27,0.72,0.55,0.17,30.9091
F,2023-03-31,2023-05-02,0.63,0.41,0.22,53.6585
F,2022-12-31,2023-02-02,0.51,0.62,-0.11,-17.7419
F,2022-09-30,2022-10-26,0.3,0.27,0.03,11.1111
F,2022-06-30,2022-07-27,0.68,0.45,0.23,51.1111
F,2022-03-31,2022-04-27,0.38,0.37,0.01,2.7027
F,2021-12-31,2022-02-03,0.26,0.45,-0.19,-42.2222
F,2021-09-30,2021-10-27,0.51,0.27,0.24,88.8889
F,2021-06-30,2021-07-28,0.13,-0.03,0.16,533.3333
F,2021-03-31,2021-04-28,0.89,0.21,0.68,323.8095
F,2020-12-31,2021-02-04,0.34,-0.07,0.41,585.7143
F,2020-09-30,2020-10-28,0.65,0.19,0.46,242.1053
F,2020-06-30,2020-07-30,-0.35,-1.17,0.82,70.0855
F,2020-03-31,2020-04-28,-0.23,-0.12,-0.11,-91.6667
F,2019-12-31,2020-02-04,0.12,0.15,-0.03,-20
FANG,2025-03-31,2025-05-05,4.54,4.1963,0.3437,8.1905
FANG,2024-12-31,2025-02-25,3.64,3.3845,0.2555,7.5491
FANG,2024-09-30,2024-11-04,3.38,3.99,-0.61,-15.2882
FANG,2024-06-30,2024-08-05,4.52,4.51,0.01,0.2217
FANG,2024-03-31,2024-04-30,4.5,4.42,0.08,1.81
FANG,2023-12-31,2024-02-20,4.74,4.66,0.08,1.7167
FANG,2023-09-30,2023-11-06,5.49,5.01,0.48,9.5808
FANG,2023-06-30,2023-07-31,3.68,3.9,-0.22,-5.641
FANG,2023-03-31,2023-05-01,4.1,4.33,-0.23,-5.3118
FANG,2022-12-31,2023-02-21,5.29,5.22,0.07,1.341
FANG,2022-09-30,2022-11-07,6.48,6.33,0.15,2.3697
FANG,2022-06-30,2022-08-01,7.07,6.58,0.49,7.4468
FANG,2022-03-31,2022-05-02,5.2,4.52,0.68,15.0442
FANG,2021-12-31,2022-02-22,3.63,3.38,0.25,7.3964
FANG,2021-09-30,2021-11-01,2.94,2.77,0.17,6.1372
FANG,2021-06-30,2021-08-02,2.4,2.19,0.21,9.589
FANG,2021-03-31,2021-05-03,2.3,1.8,0.5,27.7778
FANG,2020-12-31,2021-02-22,0.82,0.81,0.01,1.2346
FANG,2020-09-30,2020-11-02,0.62,0.37,0.25,67.5676
FANG,2020-06-30,2020-08-03,0.15,0.02,0.13,650
FANG,2020-03-31,2020-05-04,1.45,1.29,0.16,12.4031
FANG,2019-12-31,2020-02-18,1.93,1.8,0.13,7.2222
FAST,2025-03-31,2025-04-11,0.26,0.26,0,0
FAST,2024-12-31,2025-01-17,0.23,0.24,-0.01,-4.1667
FAST,2024-09-30,2024-10-11,0.26,0.26,0,0
FAST,2024-06-30,2024-07-12,0.51,0.51,0,0
FAST,2024-03-31,2024-04-11,0.52,0.53,-0.01,-1.8868
FAST,2023-12-31,2024-01-18,0.46,0.45,0.01,2.2222
FAST,2023-09-30,2023-10-12,0.52,0.5,0.02,4
FAST,2023-06-30,2023-07-13,0.52,0.53,-0.01,-1.8868
FAST,2023-03-31,2023-04-13,0.52,0.5,0.02,4
FAST,2022-12-31,2023-01-19,0.43,0.42,0.01,2.381
FAST,2022-09-30,2022-10-13,0.5,0.48,0.02,4.1667
FAST,2022-06-30,2022-07-13,0.5,0.5,0,0
FAST,2022-03-31,2022-04-13,0.47,0.45,0.02,4.4444
FAST,2021-12-31,2022-01-19,0.4,0.38,0.02,5.2632
FAST,2021-09-30,2021-10-12,0.42,0.42,0,0
FAST,2021-06-30,2021-07-13,0.42,0.41,0.01,2.439
FAST,2021-03-31,2021-04-13,0.37,0.36,0.01,2.7778
FAST,2020-12-31,2021-01-20,0.34,0.33,0.01,3.0303
FAST,2020-09-30,2020-10-13,0.38,0.37,0.01,2.7027
FAST,2020-06-30,2020-07-14,0.42,0.36,0.06,16.6667
FAST,2020-03-31,2020-04-14,0.35,0.34,0.01,2.9412
FAST,2019-12-31,2020-01-17,0.31,0.31,0,0
FCX,2025-03-31,2025-04-24,0.24,0.23,0.01,4.3478
FCX,2024-12-31,2025-01-23,0.31,0.22,0.09,40.9091
FCX,2024-09-30,2024-10-22,0.38,0.37,0.01,2.7027
FCX,2024-06-30,2024-07-23,0.46,0.38,0.08,21.0526
FCX,2024-03-31,2024-04-23,0.32,0.28,0.04,14.2857
FCX,2023-12-31,2024-01-24,0.27,0.23,0.04,17.3913
FCX,2023-09-30,2023-10-19,0.39,0.34,0.05,14.7059
FCX,2023-06-30,2023-07-20,0.35,0.36,-0.01,-2.7778
FCX,2023-03-31,2023-04-21,0.52,0.45,0.07,15.5556
FCX,2022-12-31,2023-01-25,0.52,0.47,0.05,10.6383
FCX,2022-09-30,2022-10-20,0.26,0.27,-0.01,-3.7037
FCX,2022-06-30,2022-07-21,0.58,0.65,-0.07,-10.7692
FCX,2022-03-31,2022-04-21,1.07,0.92,0.15,16.3043
FCX,2021-12-31,2022-01-26,0.96,0.94,0.02,2.1277
FCX,2021-09-30,2021-10-21,0.89,0.81,0.08,9.8765
FCX,2021-06-30,2021-07-22,0.77,0.75,0.02,2.6667
FCX,2021-03-31,2021-04-22,0.51,0.51,0,0
FCX,2020-12-31,2021-01-26,0.39,0.4,-0.01,-2.5
FCX,2020-09-30,2020-10-22,0.29,0.21,0.08,38.0952
FCX,2020-06-30,2020-07-23,0.03,-0.03,0.06,200
FCX,2020-03-31,2020-04-24,-0.16,-0.17,0.01,5.8824
FCX,2019-12-31,2020-01-23,0.02,-0.003,0.023,766.6667
FDS,2025-05-31,2025-06-23,4.27,4.3,-0.03,-0.6977
FDS,2025-02-28,2025-03-20,4.28,4.1758,0.1042,2.4953
FDS,2024-11-30,2024-12-19,4.37,4.28,0.09,2.1028
FDS,2024-08-31,2024-09-19,3.74,3.62,0.12,3.3149
FDS,2024-05-31,2024-06-21,4.37,3.9,0.47,12.0513
FDS,2024-02-29,2024-03-21,4.22,3.88,0.34,8.7629
FDS,2023-11-30,2023-12-19,4.12,4.11,0.01,0.2433
FDS,2023-08-31,2023-09-21,2.93,3.49,-0.56,-16.0458
FDS,2023-05-31,2023-06-22,3.79,3.6,0.19,5.2778
FDS,2023-02-28,2023-03-23,3.8,3.67,0.13,3.5422
FDS,2022-11-30,2022-12-20,3.99,3.63,0.36,9.9174
FDS,2022-08-31,2022-09-22,3.13,3.21,-0.08,-2.4922
FDS,2022-05-31,2022-06-23,3.76,3.22,0.54,16.7702
FDS,2022-02-28,2022-03-24,3.27,2.97,0.3,10.101
FDS,2021-11-30,2021-12-21,3.25,3,0.25,8.3333
FDS,2021-08-31,2021-09-28,2.88,2.73,0.15,5.4945
FDS,2021-05-31,2021-06-29,2.72,2.75,-0.03,-1.0909
FDS,2021-02-28,2021-03-30,2.72,2.73,-0.01,-0.3663
FDS,2020-11-30,2020-12-21,2.88,2.74,0.14,5.1095
FDS,2020-08-31,2020-09-24,2.88,2.53,0.35,13.834
FDS,2020-05-31,2020-06-25,2.86,2.44,0.42,17.2131
FDS,2020-02-29,2020-03-26,2.55,2.49,0.06,2.4096
FDX,2025-05-31,2025-06-24,6.07,5.8,0.27,4.6552
FDX,2025-02-28,2025-03-20,4.51,4.62,-0.11,-2.381
FDX,2024-11-30,2024-12-19,4.05,3.97,0.08,2.0151
FDX,2024-08-31,2024-09-19,3.6,4.77,-1.17,-24.5283
FDX,2024-05-31,2024-06-25,5.41,5.37,0.04,0.7449
FDX,2024-02-29,2024-03-21,3.86,3.48,0.38,10.9195
FDX,2023-11-30,2023-12-19,3.99,4.2,-0.21,-5
FDX,2023-08-31,2023-09-20,4.55,3.75,0.8,21.3333
FDX,2023-05-31,2023-06-20,4.94,4.88,0.06,1.2295
FDX,2023-02-28,2023-03-16,3.41,2.74,0.67,24.4526
FDX,2022-11-30,2022-12-20,3.18,2.82,0.36,12.766
FDX,2022-08-31,2022-09-22,3.44,5.14,-1.7,-33.0739
FDX,2022-05-31,2022-06-23,6.87,6.88,-0.01,-0.1453
FDX,2022-02-28,2022-03-17,4.59,4.65,-0.06,-1.2903
FDX,2021-11-30,2021-12-16,4.83,4.29,0.54,12.5874
FDX,2021-08-31,2021-09-21,4.37,4.92,-0.55,-11.1789
FDX,2021-05-31,2021-06-24,5.01,5,0.01,0.2
FDX,2021-02-28,2021-03-18,3.47,3.24,0.23,7.0988
FDX,2020-11-30,2020-12-17,4.83,4.01,0.82,20.4489
FDX,2020-08-31,2020-09-15,4.87,2.72,2.15,79.0441
FDX,2020-05-31,2020-06-30,2.53,1.57,0.96,61.1465
FDX,2020-02-29,2020-03-17,1.41,1.27,0.14,11.0236
FE,2025-03-31,2025-04-23,0.67,0.5925,0.0775,13.0802
FE,2024-12-31,2025-02-26,0.67,0.6893,-0.0193,-2.7999
FE,2024-09-30,2024-10-29,0.85,0.9,-0.05,-5.5556
FE,2024-06-30,2024-07-30,0.56,0.56,0,0
FE,2024-03-31,2024-04-25,0.55,0.56,-0.01,-1.7857
FE,2023-12-31,2024-02-08,0.62,0.59,0.03,5.0847
FE,2023-09-30,2023-10-26,0.88,0.85,0.03,3.5294
FE,2023-06-30,2023-08-01,0.47,0.45,0.02,4.4444
FE,2023-03-31,2023-04-27,0.6,0.61,-0.01,-1.6393
FE,2022-12-31,2023-02-13,0.5,0.53,-0.03,-5.6604
FE,2022-09-30,2022-10-25,0.79,0.78,0.01,1.2821
FE,2022-06-30,2022-07-26,0.53,0.52,0.01,1.9231
FE,2022-03-31,2022-04-21,0.6,0.61,-0.01,-1.6393
FE,2021-12-31,2022-02-10,0.51,0.52,-0.01,-1.9231
FE,2021-09-30,2021-10-28,0.82,0.79,0.03,3.7975
FE,2021-06-30,2021-07-22,0.59,0.57,0.02,3.5088
FE,2021-03-31,2021-04-22,0.69,0.68,0.01,1.4706
FE,2020-12-31,2021-02-18,0.32,0.47,-0.15,-31.9149
FE,2020-09-30,2020-11-02,0.84,0.79,0.05,6.3291
FE,2020-06-30,2020-07-23,0.57,0.54,0.03,5.5556
FE,2020-03-31,2020-04-23,0.66,0.63,0.03,4.7619
FE,2019-12-31,2020-02-07,0.55,0.5,0.05,10
FFIV,2025-03-31,2025-04-28,3.42,3.09,0.33,10.6796
FFIV,2024-12-31,2025-01-28,3.84,3.38,0.46,13.6095
FFIV,2024-09-30,2024-10-28,3.67,3.45,0.22,6.3768
FFIV,2024-06-30,2024-07-29,3.36,2.97,0.39,13.1313
FFIV,2024-03-31,2024-04-29,2.91,2.87,0.04,1.3937
FFIV,2023-12-31,2024-01-29,3.43,3.04,0.39,12.8289
FFIV,2023-09-30,2023-10-24,3.5,3.21,0.29,9.0343
FFIV,2023-06-30,2023-07-24,3.21,2.86,0.35,12.2378
FFIV,2023-03-31,2023-04-19,2.53,2.42,0.11,4.5455
FFIV,2022-12-31,2023-01-24,2.47,2.33,0.14,6.0086
FFIV,2022-09-30,2022-10-25,2.62,2.52,0.1,3.9683
FFIV,2022-06-30,2022-07-25,2.57,2.23,0.34,15.2466
FFIV,2022-03-31,2022-04-26,2.13,2.01,0.12,5.9701
FFIV,2021-12-31,2022-01-25,2.89,2.78,0.11,3.9568
FFIV,2021-09-30,2021-10-26,3.01,2.75,0.26,9.4545
FFIV,2021-06-30,2021-07-26,2.76,2.46,0.3,12.1951
FFIV,2021-03-31,2021-04-27,2.5,2.4,0.1,4.1667
FFIV,2020-12-31,2021-01-26,2.59,2.47,0.12,4.8583
FFIV,2020-09-30,2020-10-26,2.43,2.37,0.06,2.5316
FFIV,2020-06-30,2020-07-27,2.18,2.04,0.14,6.8627
FFIV,2020-03-31,2020-04-27,2.23,1.96,0.27,13.7755
FFIV,2019-12-31,2020-01-27,2.55,2.43,0.12,4.9383
FICO,2025-03-31,2025-04-29,7.81,7.44,0.37,4.9731
FICO,2024-12-31,2025-02-04,5.79,6.08,-0.29,-4.7697
FICO,2024-09-30,2024-11-06,6.54,6.39,0.15,2.3474
FICO,2024-06-30,2024-07-31,6.25,6.32,-0.07,-1.1076
FICO,2024-03-31,2024-04-25,6.14,5.81,0.33,5.6799
FICO,2023-12-31,2024-01-25,4.81,5.06,-0.25,-4.9407
FICO,2023-09-30,2023-11-08,5.01,5.21,-0.2,-3.8388
FICO,2023-06-30,2023-08-02,5.66,5.25,0.41,7.8095
FICO,2023-03-31,2023-04-27,4.78,5.04,-0.26,-5.1587
FICO,2022-12-31,2023-01-26,4.26,4.18,0.08,1.9139
FICO,2022-09-30,2022-11-09,4.4,4.12,0.28,6.7961
FICO,2022-06-30,2022-08-03,4.47,3.98,0.49,12.3116
FICO,2022-03-31,2022-04-27,4.68,3.73,0.95,25.4692
FICO,2021-12-31,2022-01-27,3.7,3.36,0.34,10.119
FICO,2021-09-30,2021-11-10,3.92,3.13,0.79,25.2396
FICO,2021-06-30,2021-08-03,3.38,2.76,0.62,22.4638
FICO,2021-03-31,2021-05-05,3.06,2.6,0.46,17.6923
FICO,2020-12-31,2021-01-28,2.74,2.27,0.47,20.7048
FICO,2020-09-30,2020-11-10,3.25,2.32,0.93,40.0862
FICO,2020-06-30,2020-07-29,2.58,2.16,0.42,19.4444
FICO,2020-03-31,2020-04-29,2.14,1.76,0.38,21.5909
FICO,2019-12-31,2020-01-30,1.8,1.86,-0.06,-3.2258
FIS,2025-03-31,2025-05-06,1.21,1.2,0.01,0.8333
FIS,2024-12-31,2025-02-11,1.39,1.3576,0.0324,2.3866
FIS,2024-09-30,2024-11-04,1.4,1.29,0.11,8.5271
FIS,2024-06-30,2024-08-06,1.36,1.23,0.13,10.5691
FIS,2024-03-31,2024-05-06,1.1,0.95,0.15,15.7895
FIS,2023-12-31,2024-02-26,0.94,0.94,0,0
FIS,2023-09-30,2023-11-07,1.65,1.55,0.1,6.4516
FIS,2023-06-30,2023-08-02,1.55,1.48,0.07,4.7297
FIS,2023-03-31,2023-04-27,1.29,1.21,0.08,6.6116
FIS,2022-12-31,2023-02-13,1.71,1.7,0.01,0.5882
FIS,2022-09-30,2022-11-03,1.74,1.75,-0.01,-0.5714
FIS,2022-06-30,2022-08-04,1.73,1.71,0.02,1.1696
FIS,2022-03-31,2022-05-03,1.47,1.45,0.02,1.3793
FIS,2021-12-31,2022-02-15,1.92,1.9,0.02,1.0526
FIS,2021-09-30,2021-11-04,1.73,1.68,0.05,2.9762
FIS,2021-06-30,2021-08-03,1.61,1.55,0.06,3.871
FIS,2021-03-31,2021-05-06,1.3,1.25,0.05,4
FIS,2020-12-31,2021-02-09,1.62,1.56,0.06,3.8462
FIS,2020-09-30,2020-10-29,1.42,1.41,0.01,0.7092
FIS,2020-06-30,2020-08-04,1.15,1.1,0.05,4.5455
FIS,2020-03-31,2020-05-07,1.28,1.28,0,0
FIS,2019-12-31,2020-02-13,1.57,1.53,0.04,2.6144
FITB,2025-03-31,2025-04-17,0.71,0.7,0.01,1.4286
FITB,2024-12-31,2025-01-21,0.85,0.88,-0.03,-3.4091
FITB,2024-09-30,2024-10-18,0.78,0.83,-0.05,-6.0241
FITB,2024-06-30,2024-07-19,0.81,0.85,-0.04,-4.7059
FITB,2024-03-31,2024-04-19,0.7,0.71,-0.01,-1.4085
FITB,2023-12-31,2024-01-19,0.96,0.85,0.11,12.9412
FITB,2023-09-30,2023-10-19,0.91,0.82,0.09,10.9756
FITB,2023-06-30,2023-07-20,0.82,0.83,-0.01,-1.2048
FITB,2023-03-31,2023-04-20,0.79,0.79,0,0
FITB,2022-12-31,2023-01-19,1,0.99,0.01,1.0101
FITB,2022-09-30,2022-10-20,0.91,0.98,-0.07,-7.1429
FITB,2022-06-30,2022-07-21,0.76,0.87,-0.11,-12.6437
FITB,2022-03-31,2022-04-19,0.68,0.69,-0.01,-1.4493
FITB,2021-12-31,2022-01-20,0.91,0.9,0.01,1.1111
FITB,2021-09-30,2021-10-19,0.88,0.91,-0.03,-3.2967
FITB,2021-06-30,2021-07-22,0.94,0.81,0.13,16.0494
FITB,2021-03-31,2021-04-20,0.93,0.69,0.24,34.7826
FITB,2020-12-31,2021-01-21,0.83,0.69,0.14,20.2899
FITB,2020-09-30,2020-10-22,0.85,0.6,0.25,41.6667
FITB,2020-06-30,2020-07-23,0.3,0.2,0.1,50
FITB,2020-03-31,2020-04-21,0.13,0.33,-0.2,-60.6061
FITB,2019-12-31,2020-01-22,0.68,0.72,-0.04,-5.5556
FMC,2025-03-31,2025-04-30,0.18,0.09,0.09,100
FMC,2024-12-31,2025-02-04,1.79,1.6,0.19,11.875
FMC,2024-09-30,2024-10-29,0.69,0.53,0.16,30.1887
FMC,2024-06-30,2024-07-31,0.63,0.55,0.08,14.5455
FMC,2024-03-31,2024-05-06,0.36,0.33,0.03,9.0909
FMC,2023-12-31,2024-02-05,1.07,1.08,-0.01,-0.9259
FMC,2023-09-30,2023-10-30,0.44,0.55,-0.11,-20
FMC,2023-06-30,2023-08-02,0.5,0.61,-0.11,-18.0328
FMC,2023-03-31,2023-05-01,1.77,1.75,0.02,1.1429
FMC,2022-12-31,2023-02-07,2.37,2.33,0.04,1.7167
FMC,2022-09-30,2022-11-01,1.23,1.12,0.11,9.8214
FMC,2022-06-30,2022-08-02,1.93,1.88,0.05,2.6596
FMC,2022-03-31,2022-05-02,1.88,1.71,0.17,9.9415
FMC,2021-12-31,2022-02-08,2.16,2.01,0.15,7.4627
FMC,2021-09-30,2021-11-02,1.43,1.32,0.11,8.3333
FMC,2021-06-30,2021-08-03,1.81,1.78,0.03,1.6854
FMC,2021-03-31,2021-05-05,1.53,1.51,0.02,1.3245
FMC,2020-12-31,2021-02-09,1.42,1.44,-0.02,-1.3889
FMC,2020-09-30,2020-11-02,1.22,1.11,0.11,9.9099
FMC,2020-06-30,2020-08-04,1.72,1.66,0.06,3.6145
FMC,2020-03-31,2020-05-05,1.84,1.78,0.06,3.3708
FMC,2019-12-31,2020-02-05,1.76,1.54,0.22,14.2857
FOXA,2025-03-31,2025-05-12,1.1,0.9,0.2,22.2222
FOXA,2024-12-31,2025-02-04,0.96,0.64,0.32,50
FOXA,2024-09-30,2024-11-04,1.45,1.14,0.31,27.193
FOXA,2024-06-30,2024-08-06,0.9,0.81,0.09,11.1111
FOXA,2024-03-31,2024-05-08,1.09,0.96,0.13,13.5417
FOXA,2023-12-31,2024-02-07,0.34,0.12,0.22,183.3333
FOXA,2023-09-30,2023-11-02,1.09,1,0.09,9
FOXA,2023-06-30,2023-08-08,0.88,0.72,0.16,22.2222
FOXA,2023-03-31,2023-05-09,0.94,0.88,0.06,6.8182
FOXA,2022-12-31,2023-02-08,0.48,0.47,0.01,2.1277
FOXA,2022-09-30,2022-11-01,1.21,1.14,0.07,6.1404
FOXA,2022-06-30,2022-08-10,0.74,0.76,-0.02,-2.6316
FOXA,2022-03-31,2022-05-10,0.81,0.88,-0.07,-7.9545
FOXA,2021-12-31,2022-02-09,0.13,0.05,0.08,160
FOXA,2021-09-30,2021-11-03,1.11,1.03,0.08,7.767
FOXA,2021-06-30,2021-08-04,0.65,0.58,0.07,12.069
FOXA,2021-03-31,2021-05-05,0.88,0.57,0.31,54.386
FOXA,2020-12-31,2021-02-09,0.16,-0.04,0.2,500
FOXA,2020-09-30,2020-11-03,1.18,0.74,0.44,59.4595
FOXA,2020-06-30,2020-08-04,0.62,0.58,0.04,6.8966
FOXA,2020-03-31,2020-05-06,0.93,0.7,0.23,32.8571
FOXA,2019-12-31,2020-02-05,0.1,-0.01,0.11,1100
FRT,2025-03-31,2025-05-08,0.71,0.71,0,0
FRT,2024-12-31,2025-02-13,0.75,0.74,0.01,1.3514
FRT,2024-09-30,2024-10-30,0.7,0.74,-0.04,-5.4054
FRT,2024-06-30,2024-08-01,0.69,0.71,-0.02,-2.8169
FRT,2024-03-31,2024-05-02,0.66,0.67,-0.01,-1.4925
FRT,2023-12-31,2024-02-12,0.76,0.66,0.1,15.1515
FRT,2023-09-30,2023-11-02,0.67,0.67,0,0
FRT,2023-06-30,2023-08-02,0.72,0.66,0.06,9.0909
FRT,2023-03-31,2023-05-04,0.65,0.6,0.05,8.3333
FRT,2022-12-31,2023-02-08,1.4,0.63,0.77,122.2222
FRT,2022-09-30,2022-11-03,1.89,0.63,1.26,200
FRT,2022-06-30,2022-08-04,0.75,0.6,0.15,25
FRT,2022-03-31,2022-05-05,0.63,0.48,0.15,31.25
FRT,2021-12-31,2022-02-10,1.44,0.52,0.92,176.9231
FRT,2021-09-30,2021-11-04,0.64,0.41,0.23,56.0976
FRT,2021-06-30,2021-08-04,0.57,0.35,0.22,62.8571
FRT,2021-03-31,2021-05-05,0.43,0.19,0.24,126.3158
FRT,2020-12-31,2021-02-11,1.22,0.29,0.93,320.6897
FRT,2020-09-30,2020-11-05,0.35,0.36,-0.01,-2.7778
FRT,2020-06-30,2020-08-05,0.11,0.55,-0.44,-80
FRT,2020-03-31,2020-05-06,0.7,0.72,-0.02,-2.7778
FRT,2019-12-31,2020-02-10,1.92,0.82,1.1,134.1463
FSLR,2025-03-31,2025-04-29,1.95,2.4688,-0.5188,-21.0143
FSLR,2024-12-31,2025-02-25,3.65,4.6859,-1.0359,-22.1067
FSLR,2024-09-30,2024-10-29,2.91,3.14,-0.23,-7.3248
FSLR,2024-06-30,2024-07-30,3.25,2.69,0.56,20.8178
FSLR,2024-03-31,2024-05-01,2.2,1.99,0.21,10.5528
FSLR,2023-12-31,2024-02-27,3.25,3.13,0.12,3.8339
FSLR,2023-09-30,2023-10-31,2.5,2.06,0.44,21.3592
FSLR,2023-06-30,2023-07-27,1.59,0.96,0.63,65.625
FSLR,2023-03-31,2023-04-27,0.4,1.02,-0.62,-60.7843
FSLR,2022-12-31,2023-02-28,-0.07,-0.16,0.09,56.25
FSLR,2022-09-30,2022-10-27,-0.46,-0.27,-0.19,-70.3704
FSLR,2022-06-30,2022-07-28,-0.4,-0.09,-0.31,-344.4444
FSLR,2022-03-31,2022-04-28,-0.41,-0.42,0.01,2.381
FSLR,2021-12-31,2022-03-01,1.23,1.06,0.17,16.0377
FSLR,2021-09-30,2021-11-04,0.42,0.59,-0.17,-28.8136
FSLR,2021-06-30,2021-07-29,0.77,0.54,0.23,42.5926
FSLR,2021-03-31,2021-04-29,0.8,0.98,-0.18,-18.3673
FSLR,2020-12-31,2021-02-25,1.08,1.24,-0.16,-12.9032
FSLR,2020-09-30,2020-10-27,1.45,0.61,0.84,137.7049
FSLR,2020-06-30,2020-08-06,0.39,0.23,0.16,69.5652
FSLR,2020-03-31,2020-05-07,0.85,0.27,0.58,214.8148
FSLR,2019-12-31,2020-02-20,2.02,2.72,-0.7,-25.7353
FTI,2025-03-31,2025-04-24,0.33,0.3666,-0.0366,-9.9836
FTI,2024-12-31,2025-02-27,0.54,0.35,0.19,54.2857
FTI,2024-09-30,2024-10-24,0.64,0.39,0.25,64.1026
FTI,2024-06-30,2024-07-25,0.43,0.31,0.12,38.7097
FTI,2024-03-31,2024-04-25,0.22,0.16,0.06,37.5
FTI,2023-12-31,2024-02-22,0.14,0.12,0.02,16.6667
FTI,2023-09-30,2023-10-26,0.21,0.19,0.02,10.5263
FTI,2023-06-30,2023-07-27,0.1,0.15,-0.05,-33.3333
FTI,2023-03-31,2023-04-27,0.0009,0.02,-0.0191,-95.5
FTI,2022-12-31,2023-02-23,-0.05,0.03,-0.08,-266.6667
FTI,2022-09-30,2022-10-26,0.03,0.1,-0.07,-70
FTI,2022-06-30,2022-07-27,0.02,0.04,-0.02,-50
FTI,2022-03-31,2022-04-27,-0.03,0.0019,-0.0319,-1678.9474
FTI,2021-12-31,2022-02-23,-0.12,-0.01,-0.11,-1100
FTI,2021-09-30,2021-10-20,-0.06,0.02,-0.08,-400
FTI,2021-06-30,2021-07-21,-0.06,-0.01,-0.05,-500
FTI,2021-03-31,2021-04-27,-0.03,-0.07,0.04,57.1429
FTI,2020-12-31,2021-02-24,0.05,0.2,-0.15,-75
FTI,2020-09-30,2020-10-21,0.16,0.22,-0.06,-27.2727
FTI,2020-06-30,2020-07-29,0.09,0.06,0.03,50
FTI,2020-03-31,2020-04-22,-0.11,0.22,-0.33,-150
FTI,2019-12-31,2020-02-26,0.03,0.42,-0.39,-92.8571
FTNT,2025-03-31,2025-05-07,0.58,0.53,0.05,9.434
FTNT,2024-12-31,2025-02-06,0.68,0.54,0.14,25.9259
FTNT,2024-09-30,2024-11-07,0.63,0.52,0.11,21.1538
FTNT,2024-06-30,2024-08-06,0.57,0.41,0.16,39.0244
FTNT,2024-03-31,2024-05-02,0.43,0.38,0.05,13.1579
FTNT,2023-12-31,2024-02-06,0.51,0.43,0.08,18.6047
FTNT,2023-09-30,2023-11-02,0.41,0.36,0.05,13.8889
FTNT,2023-06-30,2023-08-03,0.38,0.34,0.04,11.7647
FTNT,2023-03-31,2023-05-04,0.34,0.29,0.05,17.2414
FTNT,2022-12-31,2023-02-07,0.44,0.39,0.05,12.8205
FTNT,2022-09-30,2022-11-02,0.33,0.27,0.06,22.2222
FTNT,2022-06-30,2022-08-03,0.24,0.22,0.02,9.0909
FTNT,2022-03-31,2022-05-04,0.19,0.16,0.03,18.75
FTNT,2021-12-31,2022-02-03,0.25,0.23,0.02,8.6957
FTNT,2021-09-30,2021-11-04,0.2,0.19,0.01,5.2632
FTNT,2021-06-30,2021-07-29,0.19,0.17,0.02,11.7647
FTNT,2021-03-31,2021-04-29,0.16,0.15,0.01,6.6667
FTNT,2020-12-31,2021-02-04,0.21,0.19,0.02,10.5263
FTNT,2020-09-30,2020-10-29,0.18,0.16,0.02,12.5
FTNT,2020-06-30,2020-08-06,0.16,0.13,0.03,23.0769
FTNT,2020-03-31,2020-05-06,0.12,0.1,0.02,20
FTNT,2019-12-31,2020-02-06,0.15,0.14,0.01,7.1429
FTV,2025-03-31,2025-05-01,0.85,0.85,0,0
FTV,2024-12-31,2025-02-07,0.6,0.83,-0.23,-27.7108
FTV,2024-09-30,2024-10-30,0.63,0.64,-0.01,-1.5625
FTV,2024-06-30,2024-07-24,0.93,0.92,0.01,1.087
FTV,2024-03-31,2024-04-24,0.83,0.79,0.04,5.0633
FTV,2023-12-31,2024-01-31,0.98,0.94,0.04,4.2553
FTV,2023-09-30,2023-10-25,0.85,0.85,0,0
FTV,2023-06-30,2023-07-26,0.85,0.81,0.04,4.9383
FTV,2023-03-31,2023-04-26,0.75,0.73,0.02,2.7397
FTV,2022-12-31,2023-02-01,0.88,0.84,0.04,4.7619
FTV,2022-09-30,2022-10-26,0.79,0.76,0.03,3.9474
FTV,2022-06-30,2022-07-28,0.78,0.72,0.06,8.3333
FTV,2022-03-31,2022-04-28,0.7,0.68,0.02,2.9412
FTV,2021-12-31,2022-02-03,0.79,0.78,0.01,1.2821
FTV,2021-09-30,2021-10-28,0.66,0.65,0.01,1.5385
FTV,2021-06-30,2021-07-29,0.66,0.6,0.06,10
FTV,2021-03-31,2021-04-29,0.63,0.6,0.03,5
FTV,2020-12-31,2021-02-04,0.7,0.62,0.08,12.9032
FTV,2020-09-30,2020-10-27,0.94,0.86,0.08,9.3023
FTV,2020-06-30,2020-07-28,0.68,0.58,0.1,17.2414
FTV,2020-03-31,2020-04-30,0.74,0.69,0.05,7.2464
FTV,2019-12-31,2020-02-06,1.03,0.97,0.06,6.1856
GD,2025-03-31,2025-04-23,3.66,3.46,0.2,5.7803
GD,2024-12-31,2025-01-29,4.15,4.04,0.11,2.7228
GD,2024-09-30,2024-10-23,3.35,3.51,-0.16,-4.5584
GD,2024-06-30,2024-07-24,3.26,3.31,-0.05,-1.5106
GD,2024-03-31,2024-04-24,2.88,2.92,-0.04,-1.3699
GD,2023-12-31,2024-01-24,3.64,3.67,-0.03,-0.8174
GD,2023-09-30,2023-10-25,3.04,2.94,0.1,3.4014
GD,2023-06-30,2023-07-26,2.7,2.6,0.1,3.8462
GD,2023-03-31,2023-04-26,2.64,2.59,0.05,1.9305
GD,2022-12-31,2023-01-25,3.58,3.54,0.04,1.1299
GD,2022-09-30,2022-10-26,3.26,3.14,0.12,3.8217
GD,2022-06-30,2022-07-27,2.75,2.73,0.02,0.7326
GD,2022-03-31,2022-04-27,2.61,2.52,0.09,3.5714
GD,2021-12-31,2022-01-26,3.39,3.37,0.02,0.5935
GD,2021-09-30,2021-10-27,3.07,2.99,0.08,2.6756
GD,2021-06-30,2021-07-28,2.61,2.55,0.06,2.3529
GD,2021-03-31,2021-04-28,2.48,2.29,0.19,8.2969
GD,2020-12-31,2021-01-27,3.49,3.54,-0.05,-1.4124
GD,2020-09-30,2020-10-28,2.9,2.88,0.02,0.6944
GD,2020-06-30,2020-07-29,2.18,2.17,0.01,0.4608
GD,2020-03-31,2020-04-29,2.43,2.56,-0.13,-5.0781
GD,2019-12-31,2020-01-29,3.51,3.44,0.07,2.0349
GE,2025-03-31,2025-04-22,1.49,1.27,0.22,17.3228
GE,2024-12-31,2025-01-23,1.32,1.04,0.28,26.9231
GE,2024-09-30,2024-10-22,1.15,1.13,0.02,1.7699
GE,2024-06-30,2024-07-23,1.2,0.99,0.21,21.2121
GE,2024-03-31,2024-04-23,0.82,0.66,0.16,24.2424
GE,2023-12-31,2024-01-23,1.03,0.91,0.12,13.1868
GE,2023-09-30,2023-10-24,0.82,0.56,0.26,46.4286
GE,2023-06-30,2023-07-25,0.68,0.46,0.22,47.8261
GE,2023-03-31,2023-04-25,0.27,0.14,0.13,92.8571
GE,2022-12-31,2023-01-24,1.24,1.13,0.11,9.7345
GE,2022-09-30,2022-10-25,0.75,0.46,0.29,63.0435
GE,2022-06-30,2022-07-26,0.78,0.38,0.4,105.2632
GE,2022-03-31,2022-04-26,0.24,0.19,0.05,26.3158
GE,2021-12-31,2022-01-25,0.92,0.85,0.07,8.2353
GE,2021-09-30,2021-10-26,0.57,0.43,0.14,32.5581
GE,2021-06-30,2021-07-27,0.4,0.28,0.12,42.8571
GE,2021-03-31,2021-04-27,0.24,0.11,0.13,118.1818
GE,2020-12-31,2021-01-26,0.64,0.73,-0.09,-12.3288
GE,2020-09-30,2020-10-28,0.48,-0.33,0.81,245.4545
GE,2020-06-30,2020-07-29,-1.2,-0.81,-0.39,-48.1481
GE,2020-03-31,2020-04-29,0.4,0.63,-0.23,-36.5079
GE,2019-12-31,2020-01-29,1.68,1.42,0.26,18.3099
GILD,2025-03-31,2025-04-24,1.81,1.7726,0.0374,2.1099
GILD,2024-12-31,2025-02-11,1.9,1.7005,0.1995,11.7318
GILD,2024-09-30,2024-11-06,2.02,1.55,0.47,30.3226
GILD,2024-06-30,2024-08-08,2.01,1.6,0.41,25.625
GILD,2024-03-31,2024-04-25,-1.32,-1.49,0.17,11.4094
GILD,2023-12-31,2024-02-06,1.72,1.76,-0.04,-2.2727
GILD,2023-09-30,2023-11-07,2.29,1.92,0.37,19.2708
GILD,2023-06-30,2023-08-03,1.66,1.64,0.02,1.2195
GILD,2023-03-31,2023-04-27,1.37,1.54,-0.17,-11.039
GILD,2022-12-31,2023-02-02,1.67,1.5,0.17,11.3333
GILD,2022-09-30,2022-10-27,1.9,1.43,0.47,32.8671
GILD,2022-06-30,2022-08-02,1.58,1.52,0.06,3.9474
GILD,2022-03-31,2022-04-28,2.12,1.81,0.31,17.1271
GILD,2021-12-31,2022-02-01,0.69,1.59,-0.9,-56.6038
GILD,2021-09-30,2021-10-28,2.65,1.75,0.9,51.4286
GILD,2021-06-30,2021-07-29,1.87,1.73,0.14,8.0925
GILD,2021-03-31,2021-04-29,2.08,2.09,-0.01,-0.4785
GILD,2020-12-31,2021-02-04,2.19,2.15,0.04,1.8605
GILD,2020-09-30,2020-10-28,2.11,1.9,0.21,11.0526
GILD,2020-06-30,2020-07-30,1.11,1.45,-0.34,-23.4483
GILD,2020-03-31,2020-04-30,1.68,1.57,0.11,7.0064
GILD,2019-12-31,2020-02-04,1.3,1.67,-0.37,-22.1557
GIS,2025-05-31,2025-06-25,0.74,0.71,0.03,4.2254
GIS,2025-02-28,2025-03-19,1,0.96,0.04,4.1667
GIS,2024-11-30,2024-12-18,1.4,1.22,0.18,14.7541
GIS,2024-08-31,2024-09-18,1.07,1.06,0.01,0.9434
GIS,2024-05-31,2024-06-26,1.01,0.99,0.02,2.0202
GIS,2024-02-29,2024-03-20,1.17,1.05,0.12,11.4286
GIS,2023-11-30,2023-12-20,1.25,1.16,0.09,7.7586
GIS,2023-08-31,2023-09-20,1.09,1.08,0.01,0.9259
GIS,2023-05-31,2023-06-28,1.03,1.05,-0.02,-1.9048
GIS,2023-02-28,2023-03-23,0.97,0.92,0.05,5.4348
GIS,2022-11-30,2022-12-20,1.1,1.06,0.04,3.7736
GIS,2022-08-31,2022-09-21,1.11,1,0.11,11
GIS,2022-05-31,2022-06-29,1.12,1.01,0.11,10.8911
GIS,2022-02-28,2022-03-23,0.84,0.78,0.06,7.6923
GIS,2021-11-30,2021-12-21,0.99,1.05,-0.06,-5.7143
GIS,2021-08-31,2021-09-22,0.99,0.89,0.1,11.236
GIS,2021-05-31,2021-06-30,0.91,0.85,0.06,7.0588
GIS,2021-02-28,2021-03-24,0.82,0.84,-0.02,-2.381
GIS,2020-11-30,2020-12-17,1.06,0.97,0.09,9.2784
GIS,2020-08-31,2020-09-23,1,0.87,0.13,14.9425
GIS,2020-05-31,2020-07-01,1.1,1.06,0.04,3.7736
GIS,2020-02-29,2020-03-18,0.77,0.76,0.01,1.3158
GL,2025-03-31,2025-04-30,3.07,3.24,-0.17,-5.2469
GL,2024-12-31,2025-02-05,3.14,3.12,0.02,0.641
GL,2024-09-30,2024-10-23,3.49,3.06,0.43,14.0523
GL,2024-06-30,2024-07-24,2.97,2.91,0.06,2.0619
GL,2024-03-31,2024-04-22,2.78,2.79,-0.01,-0.3584
GL,2023-12-31,2024-02-07,2.8,2.73,0.07,2.5641
GL,2023-09-30,2023-10-25,2.71,2.65,0.06,2.2642
GL,2023-06-30,2023-07-26,2.61,2.57,0.04,1.5564
GL,2023-03-31,2023-05-03,2.53,2.47,0.06,2.4291
GL,2022-12-31,2023-02-01,2.24,2.17,0.07,3.2258
GL,2022-09-30,2022-10-26,2.15,2.1,0.05,2.381
GL,2022-06-30,2022-07-27,2.07,2.05,0.02,0.9756
GL,2022-03-31,2022-04-20,1.7,1.72,-0.02,-1.1628
GL,2021-12-31,2022-02-02,1.7,1.76,-0.06,-3.4091
GL,2021-09-30,2021-10-20,1.78,1.89,-0.11,-5.8201
GL,2021-06-30,2021-07-21,1.85,1.82,0.03,1.6484
GL,2021-03-31,2021-04-21,1.53,1.61,-0.08,-4.9689
GL,2020-12-31,2021-02-02,1.74,1.72,0.02,1.1628
GL,2020-09-30,2020-10-21,1.75,1.75,0,0
GL,2020-06-30,2020-07-22,1.65,1.53,0.12,7.8431
GL,2020-03-31,2020-04-22,1.73,1.71,0.02,1.1696
GL,2019-12-31,2020-02-04,1.7,1.72,-0.02,-1.1628
GLW,2025-03-31,2025-04-29,0.54,0.51,0.03,5.8824
GLW,2024-12-31,2025-01-29,0.57,0.56,0.01,1.7857
GLW,2024-09-30,2024-10-29,0.54,0.52,0.02,3.8462
GLW,2024-06-30,2024-07-30,0.47,0.47,0,0
GLW,2024-03-31,2024-04-30,0.38,0.35,0.03,8.5714
GLW,2023-12-31,2024-01-30,0.39,0.41,-0.02,-4.878
GLW,2023-09-30,2023-10-24,0.45,0.47,-0.02,-4.2553
GLW,2023-06-30,2023-07-25,0.45,0.45,0,0
GLW,2023-03-31,2023-04-25,0.41,0.39,0.02,5.1282
GLW,2022-12-31,2023-01-31,0.47,0.44,0.03,6.8182
GLW,2022-09-30,2022-10-25,0.51,0.51,0,0
GLW,2022-06-30,2022-07-26,0.57,0.56,0.01,1.7857
GLW,2022-03-31,2022-04-26,0.54,0.49,0.05,10.2041
GLW,2021-12-31,2022-01-26,0.54,0.52,0.02,3.8462
GLW,2021-09-30,2021-10-26,0.56,0.58,-0.02,-3.4483
GLW,2021-06-30,2021-07-27,0.53,0.51,0.02,3.9216
GLW,2021-03-31,2021-04-27,0.45,0.43,0.02,4.6512
GLW,2020-12-31,2021-01-27,0.52,0.49,0.03,6.1224
GLW,2020-09-30,2020-10-27,0.43,0.38,0.05,13.1579
GLW,2020-06-30,2020-07-28,0.25,0.14,0.11,78.5714
GLW,2020-03-31,2020-04-28,0.2,0.19,0.01,5.2632
GLW,2019-12-31,2020-01-29,0.46,0.44,0.02,4.5455
GM,2025-03-31,2025-04-29,2.78,2.66,0.12,4.5113
GM,2024-12-31,2025-01-28,1.92,1.84,0.08,4.3478
GM,2024-09-30,2024-10-22,2.96,2.39,0.57,23.8494
GM,2024-06-30,2024-07-23,3.06,2.75,0.31,11.2727
GM,2024-03-31,2024-04-23,2.62,2.15,0.47,21.8605
GM,2023-12-31,2024-01-30,1.24,1.16,0.08,6.8966
GM,2023-09-30,2023-10-24,2.28,1.88,0.4,21.2766
GM,2023-06-30,2023-07-25,1.91,1.85,0.06,3.2432
GM,2023-03-31,2023-04-25,2.21,1.73,0.48,27.7457
GM,2022-12-31,2023-01-31,2.12,1.69,0.43,25.4438
GM,2022-09-30,2022-10-25,2.25,1.88,0.37,19.6809
GM,2022-06-30,2022-07-26,1.14,1.2,-0.06,-5
GM,2022-03-31,2022-04-26,2.09,1.67,0.42,25.1497
GM,2021-12-31,2022-02-01,1.35,1.19,0.16,13.4454
GM,2021-09-30,2021-10-27,1.52,0.96,0.56,58.3333
GM,2021-06-30,2021-08-04,1.97,2.23,-0.26,-11.6592
GM,2021-03-31,2021-05-05,2.25,1.04,1.21,116.3462
GM,2020-12-31,2021-02-10,1.93,1.6,0.33,20.625
GM,2020-09-30,2020-11-05,2.83,1.38,1.45,105.0725
GM,2020-06-30,2020-07-29,-0.5,-1.77,1.27,71.7514
GM,2020-03-31,2020-05-06,0.62,0.3,0.32,106.6667
GM,2019-12-31,2020-02-05,0.05,0.01,0.04,400
GNRC,2025-03-31,2025-04-30,1.26,0.97,0.29,29.8969
GNRC,2024-12-31,2025-02-12,2.8,2.53,0.27,10.6719
GNRC,2024-09-30,2024-10-31,2.25,1.95,0.3,15.3846
GNRC,2024-06-30,2024-07-31,1.35,1.18,0.17,14.4068
GNRC,2024-03-31,2024-05-01,0.88,0.72,0.16,22.2222
GNRC,2023-12-31,2024-02-14,2.07,2.08,-0.01,-0.4808
GNRC,2023-09-30,2023-11-01,1.64,1.51,0.13,8.6093
GNRC,2023-06-30,2023-08-02,1.08,1.14,-0.06,-5.2632
GNRC,2023-03-31,2023-05-03,0.63,0.49,0.14,28.5714
GNRC,2022-12-31,2023-02-15,1.78,1.76,0.02,1.1364
GNRC,2022-09-30,2022-11-02,1.75,1.83,-0.08,-4.3716
GNRC,2022-06-30,2022-08-03,2.99,2.64,0.35,13.2576
GNRC,2022-03-31,2022-05-04,2.09,1.94,0.15,7.732
GNRC,2021-12-31,2022-02-16,2.51,2.4,0.11,4.5833
GNRC,2021-09-30,2021-11-02,2.35,2.32,0.03,1.2931
GNRC,2021-06-30,2021-07-28,2.39,2.32,0.07,3.0172
GNRC,2021-03-31,2021-04-29,2.38,1.87,0.51,27.2727
GNRC,2020-12-31,2021-02-11,2.12,1.96,0.16,8.1633
GNRC,2020-09-30,2020-10-28,2.08,1.72,0.36,20.9302
GNRC,2020-06-30,2020-07-30,1.4,0.89,0.51,57.3034
GNRC,2020-03-31,2020-04-30,0.87,0.8,0.07,8.75
GNRC,2019-12-31,2020-02-13,1.53,1.36,0.17,12.5
GOOG,2025-03-31,2025-04-24,2.81,2.01,0.8,39.801
GOOG,2024-12-31,2025-02-04,2.15,2.11,0.04,1.8957
GOOG,2024-09-30,2024-10-29,2.12,1.85,0.27,14.5946
GOOG,2024-06-30,2024-07-23,1.89,1.84,0.05,2.7174
GOOG,2024-03-31,2024-04-25,1.89,1.51,0.38,25.1656
GOOG,2023-12-31,2024-01-30,1.64,1.59,0.05,3.1447
GOOG,2023-09-30,2023-10-24,1.55,1.45,0.1,6.8966
GOOG,2023-06-30,2023-07-25,1.44,1.34,0.1,7.4627
GOOG,2023-03-31,2023-04-25,1.17,1.06,0.11,10.3774
GOOG,2022-12-31,2023-02-02,1.05,1.19,-0.14,-11.7647
GOOG,2022-09-30,2022-10-25,1.06,1.25,-0.19,-15.2
GOOG,2022-06-30,2022-07-26,1.21,1.3,-0.09,-6.9231
GOOG,2022-03-31,2022-04-26,1.23,1.29,-0.06,-4.6512
GOOG,2021-12-31,2022-02-01,1.53,1.38,0.15,10.8696
GOOG,2021-09-30,2021-10-26,1.4,1.17,0.23,19.6581
GOOG,2021-06-30,2021-07-27,1.36,0.96,0.4,41.6667
GOOG,2021-03-31,2021-04-27,1.31,0.79,0.52,65.8228
GOOG,2020-12-31,2021-02-02,1.12,0.8,0.32,40
GOOG,2020-09-30,2020-10-29,0.82,0.56,0.26,46.4286
GOOG,2020-06-30,2020-07-30,0.51,0.42,0.09,21.4286
GOOG,2020-03-31,2020-04-28,0.4935,0.519,-0.0255,-4.9133
GOOG,2019-12-31,2020-02-03,0.7675,0.6295,0.138,21.9222
GOOGL,2025-03-31,2025-04-24,2.81,2.01,0.8,39.801
GOOGL,2024-12-31,2025-02-04,2.15,2.13,0.02,0.939
GOOGL,2024-09-30,2024-10-29,2.12,1.85,0.27,14.5946
GOOGL,2024-06-30,2024-07-23,1.89,1.85,0.04,2.1622
GOOGL,2024-03-31,2024-04-25,1.89,1.51,0.38,25.1656
GOOGL,2023-12-31,2024-01-30,1.64,1.6,0.04,2.5
GOOGL,2023-09-30,2023-10-24,1.55,1.45,0.1,6.8966
GOOGL,2023-06-30,2023-07-25,1.44,1.34,0.1,7.4627
GOOGL,2023-03-31,2023-04-25,1.17,1.07,0.1,9.3458
GOOGL,2022-12-31,2023-02-02,1.05,1.19,-0.14,-11.7647
GOOGL,2022-09-30,2022-10-25,1.06,1.25,-0.19,-15.2
GOOGL,2022-06-30,2022-07-26,1.21,1.27,-0.06,-4.7244
GOOGL,2022-03-31,2022-04-26,1.23,1.29,-0.06,-4.6512
GOOGL,2021-12-31,2022-02-01,1.53,1.36,0.17,12.5
GOOGL,2021-09-30,2021-10-26,1.4,1.17,0.23,19.6581
GOOGL,2021-06-30,2021-07-27,1.36,0.96,0.4,41.6667
GOOGL,2021-03-31,2021-04-27,1.31,0.78,0.53,67.9487
GOOGL,2020-12-31,2021-02-02,1.12,0.79,0.33,41.7722
GOOGL,2020-09-30,2020-10-29,0.82,0.56,0.26,46.4286
GOOGL,2020-06-30,2020-07-30,0.51,0.41,0.1,24.3902
GOOGL,2020-03-31,2020-04-28,0.49,0.51,-0.02,-3.9216
GOOGL,2019-12-31,2020-02-03,0.7675,0.6265,0.141,22.506
GPC,2025-03-31,2025-04-22,1.75,1.68,0.07,4.1667
GPC,2024-12-31,2025-02-18,1.61,1.554,0.056,3.6036
GPC,2024-09-30,2024-10-22,1.88,2.42,-0.54,-22.314
GPC,2024-06-30,2024-07-23,2.44,2.59,-0.15,-5.7915
GPC,2024-03-31,2024-04-18,2.22,2.16,0.06,2.7778
GPC,2023-12-31,2024-02-15,2.26,2.2,0.06,2.7273
GPC,2023-09-30,2023-10-19,2.49,2.4,0.09,3.75
GPC,2023-06-30,2023-07-20,2.44,2.34,0.1,4.2735
GPC,2023-03-31,2023-04-20,2.14,2.03,0.11,5.4187
GPC,2022-12-31,2023-02-23,2.05,1.89,0.16,8.4656
GPC,2022-09-30,2022-10-20,2.23,2.05,0.18,8.7805
GPC,2022-06-30,2022-07-27,2.2,2.03,0.17,8.3744
GPC,2022-03-31,2022-04-21,1.86,1.67,0.19,11.3772
GPC,2021-12-31,2022-02-17,1.79,1.6,0.19,11.875
GPC,2021-09-30,2021-10-21,1.88,1.64,0.24,14.6341
GPC,2021-06-30,2021-07-22,1.74,1.54,0.2,12.987
GPC,2021-03-31,2021-04-22,1.5,1.15,0.35,30.4348
GPC,2020-12-31,2021-02-17,1.52,1.35,0.17,12.5926
GPC,2020-09-30,2020-10-22,1.63,1.4,0.23,16.4286
GPC,2020-06-30,2020-07-30,1.32,0.93,0.39,41.9355
GPC,2020-03-31,2020-05-06,0.92,1.07,-0.15,-14.0187
GPC,2019-12-31,2020-02-19,1.35,1.3,0.05,3.8462
GPN,2025-03-31,2025-05-06,2.69,2.72,-0.03,-1.1029
GPN,2024-12-31,2025-02-13,2.95,2.96,-0.01,-0.3378
GPN,2024-09-30,2024-10-30,3.08,3.1,-0.02,-0.6452
GPN,2024-06-30,2024-08-07,2.93,2.9,0.03,1.0345
GPN,2024-03-31,2024-05-01,2.59,2.57,0.02,0.7782
GPN,2023-12-31,2024-02-14,2.65,2.64,0.01,0.3788
GPN,2023-09-30,2023-10-31,2.75,2.71,0.04,1.476
GPN,2023-06-30,2023-08-01,2.62,2.59,0.03,1.1583
GPN,2023-03-31,2023-05-01,2.4,2.3,0.1,4.3478
GPN,2022-12-31,2023-02-10,2.42,2.41,0.01,0.4149
GPN,2022-09-30,2022-10-31,2.48,2.48,0,0
GPN,2022-06-30,2022-08-01,2.36,2.34,0.02,0.8547
GPN,2022-03-31,2022-05-02,2.07,2.04,0.03,1.4706
GPN,2021-12-31,2022-02-10,2.13,2.12,0.01,0.4717
GPN,2021-09-30,2021-11-02,2.18,2.14,0.04,1.8692
GPN,2021-06-30,2021-08-02,2.04,1.9,0.14,7.3684
GPN,2021-03-31,2021-05-04,1.82,1.78,0.04,2.2472
GPN,2020-12-31,2021-02-08,1.8,1.76,0.04,2.2727
GPN,2020-09-30,2020-10-29,1.71,1.66,0.05,3.012
GPN,2020-06-30,2020-08-03,1.31,1.2,0.11,9.1667
GPN,2020-03-31,2020-05-06,1.58,1.53,0.05,3.268
GPN,2019-12-31,2020-02-12,1.62,1.59,0.03,1.8868
GRMN,2025-03-31,2025-04-30,1.61,1.58,0.03,1.8987
GRMN,2024-12-31,2025-02-19,2.41,2.0211,0.3889,19.242
GRMN,2024-09-30,2024-10-30,1.99,1.44,0.55,38.1944
GRMN,2024-06-30,2024-07-31,1.58,1.44,0.14,9.7222
GRMN,2024-03-31,2024-05-01,1.42,1.01,0.41,40.5941
GRMN,2023-12-31,2024-02-21,1.72,1.4,0.32,22.8571
GRMN,2023-09-30,2023-11-01,1.41,1.29,0.12,9.3023
GRMN,2023-06-30,2023-08-02,1.45,1.41,0.04,2.8369
GRMN,2023-03-31,2023-05-03,1.02,1.06,-0.04,-3.7736
GRMN,2022-12-31,2023-02-22,1.35,1.16,0.19,16.3793
GRMN,2022-09-30,2022-10-26,1.24,1.13,0.11,9.7345
GRMN,2022-06-30,2022-07-27,1.44,1.4,0.04,2.8571
GRMN,2022-03-31,2022-04-27,1.11,1.13,-0.02,-1.7699
GRMN,2021-12-31,2022-02-16,1.55,1.43,0.12,8.3916
GRMN,2021-09-30,2021-10-27,1.41,1.26,0.15,11.9048
GRMN,2021-06-30,2021-07-28,1.68,1.26,0.42,33.3333
GRMN,2021-03-31,2021-04-28,1.18,0.89,0.29,32.5843
GRMN,2020-12-31,2021-02-17,1.73,1.39,0.34,24.4604
GRMN,2020-09-30,2020-10-28,1.58,0.99,0.59,59.596
GRMN,2020-06-30,2020-07-29,0.91,0.39,0.52,133.3333
GRMN,2020-03-31,2020-04-29,0.91,0.84,0.07,8.3333
GRMN,2019-12-31,2020-02-19,1.29,1.04,0.25,24.0385
GS,2025-03-31,2025-04-14,14.37,12.29,2.08,16.9243
GS,2024-12-31,2025-01-15,10.97,8.29,2.68,32.3281
GS,2024-09-30,2024-10-15,8.4,6.92,1.48,21.3873
GS,2024-06-30,2024-07-15,8.41,8.4,0.01,0.119
GS,2024-03-31,2024-04-15,11.58,8.56,3.02,35.2804
GS,2023-12-31,2024-01-16,5.48,4.27,1.21,28.3372
GS,2023-09-30,2023-10-17,5.47,5.53,-0.06,-1.085
GS,2023-06-30,2023-07-19,3.08,3.83,-0.75,-19.5822
GS,2023-03-31,2023-04-18,8.79,8.06,0.73,9.0571
GS,2022-12-31,2023-01-17,3.32,5.77,-2.45,-42.461
GS,2022-09-30,2022-10-18,8.25,7.52,0.73,9.7074
GS,2022-06-30,2022-07-18,7.73,6.56,1.17,17.8354
GS,2022-03-31,2022-04-14,10.76,8.98,1.78,19.8218
GS,2021-12-31,2022-01-18,10.81,11.93,-1.12,-9.3881
GS,2021-09-30,2021-10-15,14.93,10.01,4.92,49.1508
GS,2021-06-30,2021-07-13,15.02,10.18,4.84,47.5442
GS,2021-03-31,2021-04-14,18.6,10.19,8.41,82.5319
GS,2020-12-31,2021-01-19,12.08,7.24,4.84,66.8508
GS,2020-09-30,2020-10-14,9.68,5.5,4.18,76
GS,2020-06-30,2020-07-15,6.26,3.91,2.35,60.1023
GS,2020-03-31,2020-04-15,3.11,3.36,-0.25,-7.4405
GS,2019-12-31,2020-01-15,4.69,5.49,-0.8,-14.5719
GWW,2025-03-31,2025-05-01,9.86,9.51,0.35,3.6803
GWW,2024-12-31,2025-01-31,9.71,9.74,-0.03,-0.308
GWW,2024-09-30,2024-10-31,9.87,9.98,-0.11,-1.1022
GWW,2024-06-30,2024-08-01,9.76,9.58,0.18,1.8789
GWW,2024-03-31,2024-04-25,9.62,9.62,0,0
GWW,2023-12-31,2024-02-02,8.33,8.05,0.28,3.4783
GWW,2023-09-30,2023-10-26,9.43,8.93,0.5,5.5991
GWW,2023-06-30,2023-07-27,9.28,9.13,0.15,1.6429
GWW,2023-03-31,2023-04-27,9.61,8.51,1.1,12.926
GWW,2022-12-31,2023-02-02,7.14,7.01,0.13,1.8545
GWW,2022-09-30,2022-10-28,8.27,7.25,1.02,14.069
GWW,2022-06-30,2022-07-29,7.19,6.65,0.54,8.1203
GWW,2022-03-31,2022-04-28,7.07,6.12,0.95,15.5229
GWW,2021-12-31,2022-02-03,5.44,5.24,0.2,3.8168
GWW,2021-09-30,2021-10-29,5.65,5.3,0.35,6.6038
GWW,2021-06-30,2021-07-30,4.27,4.61,-0.34,-7.3753
GWW,2021-03-31,2021-04-30,4.48,4.3,0.18,4.186
GWW,2020-12-31,2021-02-03,3.66,3.86,-0.2,-5.1813
GWW,2020-09-30,2020-10-22,4.52,4.15,0.37,8.9157
GWW,2020-06-30,2020-07-23,3.75,3.39,0.36,10.6195
GWW,2020-03-31,2020-04-23,4.24,4.44,-0.2,-4.5045
GWW,2019-12-31,2020-01-30,3.88,4.01,-0.13,-3.2419
HAL,2025-03-31,2025-04-22,0.6,0.6026,-0.0026,-0.4315
HAL,2024-12-31,2025-01-22,0.7,0.6952,0.0048,0.6904
HAL,2024-09-30,2024-11-07,0.73,0.76,-0.03,-3.9474
HAL,2024-06-30,2024-07-19,0.8,0.8,0,0
HAL,2024-03-31,2024-04-23,0.76,0.74,0.02,2.7027
HAL,2023-12-31,2024-01-23,0.86,0.8,0.06,7.5
HAL,2023-09-30,2023-10-24,0.79,0.77,0.02,2.5974
HAL,2023-06-30,2023-07-19,0.77,0.75,0.02,2.6667
HAL,2023-03-31,2023-04-25,0.72,0.67,0.05,7.4627
HAL,2022-12-31,2023-01-24,0.72,0.67,0.05,7.4627
HAL,2022-09-30,2022-10-25,0.6,0.56,0.04,7.1429
HAL,2022-06-30,2022-07-19,0.49,0.45,0.04,8.8889
HAL,2022-03-31,2022-04-19,0.35,0.34,0.01,2.9412
HAL,2021-12-31,2022-01-24,0.36,0.34,0.02,5.8824
HAL,2021-09-30,2021-10-19,0.28,0.28,0,0
HAL,2021-06-30,2021-07-20,0.26,0.23,0.03,13.0435
HAL,2021-03-31,2021-04-21,0.19,0.17,0.02,11.7647
HAL,2020-12-31,2021-01-19,0.18,0.15,0.03,20
HAL,2020-09-30,2020-10-19,0.11,0.08,0.03,37.5
HAL,2020-06-30,2020-07-20,0.05,-0.11,0.16,145.4545
HAL,2020-03-31,2020-04-20,0.31,0.24,0.07,29.1667
HAL,2019-12-31,2020-01-21,0.32,0.29,0.03,10.3448
HBAN,2025-03-31,2025-04-17,0.34,0.31,0.03,9.6774
HBAN,2024-12-31,2025-01-17,0.34,0.32,0.02,6.25
HBAN,2024-09-30,2024-10-17,0.33,0.3,0.03,10
HBAN,2024-06-30,2024-07-19,0.3,0.28,0.02,7.1429
HBAN,2024-03-31,2024-04-19,0.28,0.25,0.03,12
HBAN,2023-12-31,2024-01-19,0.15,0.17,-0.02,-11.7647
HBAN,2023-09-30,2023-10-20,0.36,0.32,0.04,12.5
HBAN,2023-06-30,2023-07-21,0.35,0.34,0.01,2.9412
HBAN,2023-03-31,2023-04-20,0.38,0.37,0.01,2.7027
HBAN,2022-12-31,2023-01-20,0.43,0.4,0.03,7.5
HBAN,2022-09-30,2022-10-21,0.39,0.38,0.01,2.6316
HBAN,2022-06-30,2022-07-21,0.36,0.34,0.02,5.8824
HBAN,2022-03-31,2022-04-21,0.32,0.3,0.02,6.6667
HBAN,2021-12-31,2022-01-21,0.36,0.35,0.01,2.8571
HBAN,2021-09-30,2021-10-28,0.22,0.35,-0.13,-37.1429
HBAN,2021-06-30,2021-07-29,-0.05,0.3,-0.35,-116.6667
HBAN,2021-03-31,2021-04-22,0.48,0.32,0.16,50
HBAN,2020-12-31,2021-01-22,0.27,0.29,-0.02,-6.8966
HBAN,2020-09-30,2020-10-22,0.27,0.25,0.02,8
HBAN,2020-06-30,2020-07-23,0.13,0.07,0.06,85.7143
HBAN,2020-03-31,2020-04-23,0.03,0.24,-0.21,-87.5
HBAN,2019-12-31,2020-01-23,0.31,0.31,0,0
HCA,2025-03-31,2025-04-25,6.45,5.75,0.7,12.1739
HCA,2024-12-31,2025-01-24,6.22,6.14,0.08,1.3029
HCA,2024-09-30,2024-10-25,4.88,4.98,-0.1,-2.008
HCA,2024-06-30,2024-07-23,5.5,4.93,0.57,11.5619
HCA,2024-03-31,2024-04-26,5.36,5.09,0.27,5.3045
HCA,2023-12-31,2024-01-30,5.9,5.05,0.85,16.8317
HCA,2023-09-30,2023-10-24,3.91,3.97,-0.06,-1.5113
HCA,2023-06-30,2023-07-27,4.29,4.24,0.05,1.1792
HCA,2023-03-31,2023-04-21,4.93,3.92,1.01,25.7653
HCA,2022-12-31,2023-01-27,4.64,4.79,-0.15,-3.1315
HCA,2022-09-30,2022-10-21,3.93,3.86,0.07,1.8135
HCA,2022-06-30,2022-07-22,4.21,3.71,0.5,13.4771
HCA,2022-03-31,2022-04-22,4.12,4.24,-0.12,-2.8302
HCA,2021-12-31,2022-01-27,4.42,4.52,-0.1,-2.2124
HCA,2021-09-30,2021-10-22,4.57,4.01,0.56,13.9651
HCA,2021-06-30,2021-07-20,4.37,3.16,1.21,38.2911
HCA,2021-03-31,2021-04-22,4.14,3.33,0.81,24.3243
HCA,2020-12-31,2021-02-02,4.13,3.59,0.54,15.0418
HCA,2020-09-30,2020-10-26,1.92,2.26,-0.34,-15.0442
HCA,2020-06-30,2020-07-22,1.5,-0.33,1.83,554.5455
HCA,2020-03-31,2020-04-21,2.33,2.65,-0.32,-12.0755
HCA,2019-12-31,2020-01-28,3.09,3.09,0,0
HD,2025-04-30,2025-05-20,3.56,3.59,-0.03,-0.8357
HD,2025-01-31,2025-02-25,3.02,3.04,-0.02,-0.6579
HD,2024-10-31,2024-11-12,3.67,3.66,0.01,0.2732
HD,2024-07-31,2024-08-13,4.6,4.55,0.05,1.0989
HD,2024-04-30,2024-05-14,3.63,3.61,0.02,0.554
HD,2024-01-31,2024-02-20,2.82,2.77,0.05,1.8051
HD,2023-10-31,2023-11-14,3.81,3.76,0.05,1.3298
HD,2023-07-31,2023-08-15,4.65,4.44,0.21,4.7297
HD,2023-04-30,2023-05-16,3.82,3.8,0.02,0.5263
HD,2023-01-31,2023-02-21,3.3,3.29,0.01,0.304
HD,2022-10-31,2022-11-15,4.24,4.12,0.12,2.9126
HD,2022-07-31,2022-08-16,5.05,4.93,0.12,2.4341
HD,2022-04-30,2022-05-17,4.09,3.69,0.4,10.8401
HD,2022-01-31,2022-02-22,3.21,3.18,0.03,0.9434
HD,2021-10-31,2021-11-16,3.92,3.4,0.52,15.2941
HD,2021-07-31,2021-08-17,4.53,4.43,0.1,2.2573
HD,2021-04-30,2021-05-18,3.86,3.05,0.81,26.5574
HD,2021-01-31,2021-02-23,2.74,2.62,0.12,4.5802
HD,2020-10-31,2020-11-17,3.18,3.04,0.14,4.6053
HD,2020-07-31,2020-08-18,4.02,3.72,0.3,8.0645
HD,2020-04-30,2020-05-19,2.08,2.26,-0.18,-7.9646
HD,2020-01-31,2020-02-25,2.28,2.11,0.17,8.0569
HIG,2025-03-31,2025-04-24,2.2,2.15,0.05,2.3256
HIG,2024-12-31,2025-01-30,2.94,2.64,0.3,11.3636
HIG,2024-09-30,2024-10-24,2.53,2.53,0,0
HIG,2024-06-30,2024-07-25,2.5,2.24,0.26,11.6071
HIG,2024-03-31,2024-04-25,2.34,2.45,-0.11,-4.4898
HIG,2023-12-31,2024-02-01,3.06,2.44,0.62,25.4098
HIG,2023-09-30,2023-10-26,2.29,1.98,0.31,15.6566
HIG,2023-06-30,2023-07-27,1.88,1.85,0.03,1.6216
HIG,2023-03-31,2023-04-27,1.68,1.72,-0.04,-2.3256
HIG,2022-12-31,2023-02-02,2.31,1.87,0.44,23.5294
HIG,2022-09-30,2022-10-27,1.44,1.24,0.2,16.129
HIG,2022-06-30,2022-07-28,2.15,1.52,0.63,41.4474
HIG,2022-03-31,2022-04-28,1.66,1.54,0.12,7.7922
HIG,2021-12-31,2022-02-03,2.02,1.52,0.5,32.8947
HIG,2021-09-30,2021-10-28,1.26,0.86,0.4,46.5116
HIG,2021-06-30,2021-07-28,2.33,1.34,0.99,73.8806
HIG,2021-03-31,2021-04-22,0.56,0.62,-0.06,-9.6774
HIG,2020-12-31,2021-02-04,1.76,1.33,0.43,32.3308
HIG,2020-09-30,2020-10-29,1.46,0.9,0.56,62.2222
HIG,2020-06-30,2020-07-30,1.22,1.22,0,0
HIG,2020-03-31,2020-04-29,1.34,1.35,-0.01,-0.7407
HIG,2019-12-31,2020-02-03,1.43,1.32,0.11,8.3333
HOLX,2025-03-31,2025-05-01,1.03,1.02,0.01,0.9804
HOLX,2024-12-31,2025-02-05,1.03,1.02,0.01,0.9804
HOLX,2024-09-30,2024-11-04,1.01,1.01,0,0
HOLX,2024-06-30,2024-07-29,1.06,1.02,0.04,3.9216
HOLX,2024-03-31,2024-05-02,1.03,0.98,0.05,5.102
HOLX,2023-12-31,2024-02-01,0.98,0.95,0.03,3.1579
HOLX,2023-09-30,2023-11-09,0.89,0.84,0.05,5.9524
HOLX,2023-06-30,2023-07-31,0.93,0.89,0.04,4.4944
HOLX,2023-03-31,2023-05-01,1.06,0.88,0.18,20.4545
HOLX,2022-12-31,2023-02-01,1.07,0.91,0.16,17.5824
HOLX,2022-09-30,2022-10-31,0.82,0.62,0.2,32.2581
HOLX,2022-06-30,2022-07-27,0.95,0.71,0.24,33.8028
HOLX,2022-03-31,2022-04-27,2.07,1.6,0.47,29.375
HOLX,2021-12-31,2022-02-02,2.17,1.28,0.89,69.5313
HOLX,2021-09-30,2021-11-01,1.61,1.01,0.6,59.4059
HOLX,2021-06-30,2021-07-28,1.33,1.12,0.21,18.75
HOLX,2021-03-31,2021-04-28,2.59,2.62,-0.03,-1.145
HOLX,2020-12-31,2021-01-27,2.86,2.17,0.69,31.7972
HOLX,2020-09-30,2020-11-04,2.07,1.22,0.85,69.6721
HOLX,2020-06-30,2020-07-29,0.75,0.39,0.36,92.3077
HOLX,2020-03-31,2020-04-29,0.57,0.57,0,0
HOLX,2019-12-31,2020-01-29,0.61,0.61,0,0
HON,2025-03-31,2025-04-29,2.51,2.21,0.3,13.5747
HON,2024-12-31,2025-02-06,2.47,2.35,0.12,5.1064
HON,2024-09-30,2024-10-24,2.58,2.5,0.08,3.2
HON,2024-06-30,2024-07-25,2.49,2.42,0.07,2.8926
HON,2024-03-31,2024-04-25,2.25,2.17,0.08,3.6866
HON,2023-12-31,2024-02-01,2.6,2.59,0.01,0.3861
HON,2023-09-30,2023-10-26,2.27,2.23,0.04,1.7937
HON,2023-06-30,2023-07-27,2.23,2.21,0.02,0.905
HON,2023-03-31,2023-04-27,2.07,1.93,0.14,7.2539
HON,2022-12-31,2023-02-02,2.52,2.51,0.01,0.3984
HON,2022-09-30,2022-10-27,2.25,2.16,0.09,4.1667
HON,2022-06-30,2022-07-28,2.1,2.03,0.07,3.4483
HON,2022-03-31,2022-04-29,1.91,1.86,0.05,2.6882
HON,2021-12-31,2022-02-03,2.09,2.08,0.01,0.4808
HON,2021-09-30,2021-10-22,2.02,1.99,0.03,1.5075
HON,2021-06-30,2021-07-23,2.02,1.94,0.08,4.1237
HON,2021-03-31,2021-04-23,1.92,1.8,0.12,6.6667
HON,2020-12-31,2021-01-29,2.07,2,0.07,3.5
HON,2020-09-30,2020-10-30,1.56,1.49,0.07,4.698
HON,2020-06-30,2020-07-24,1.26,1.21,0.05,4.1322
HON,2020-03-31,2020-05-01,2.21,1.95,0.26,13.3333
HON,2019-12-31,2020-01-31,2.06,2.04,0.02,0.9804
HPE,2025-04-30,2025-06-03,0.38,0.33,0.05,15.1515
HPE,2025-01-31,2025-03-06,0.49,0.5,-0.01,-2
HPE,2024-10-31,2024-12-05,0.58,0.56,0.02,3.5714
HPE,2024-07-31,2024-09-04,0.5,0.47,0.03,6.383
HPE,2024-04-30,2024-06-04,0.42,0.39,0.03,7.6923
HPE,2024-01-31,2024-02-29,0.48,0.45,0.03,6.6667
HPE,2023-10-31,2023-11-28,0.52,0.5,0.02,4
HPE,2023-07-31,2023-08-29,0.49,0.47,0.02,4.2553
HPE,2023-04-30,2023-05-30,0.52,0.48,0.04,8.3333
HPE,2023-01-31,2023-03-02,0.63,0.54,0.09,16.6667
HPE,2022-10-31,2022-11-29,0.57,0.56,0.01,1.7857
HPE,2022-07-31,2022-08-30,0.48,0.48,0,0
HPE,2022-04-30,2022-06-01,0.44,0.45,-0.01,-2.2222
HPE,2022-01-31,2022-03-01,0.53,0.46,0.07,15.2174
HPE,2021-10-31,2021-11-30,0.52,0.48,0.04,8.3333
HPE,2021-07-31,2021-09-02,0.47,0.42,0.05,11.9048
HPE,2021-04-30,2021-06-01,0.46,0.42,0.04,9.5238
HPE,2021-01-31,2021-03-02,0.52,0.41,0.11,26.8293
HPE,2020-10-31,2020-12-01,0.37,0.34,0.03,8.8235
HPE,2020-07-31,2020-08-25,0.32,0.23,0.09,39.1304
HPE,2020-04-30,2020-05-21,0.22,0.29,-0.07,-24.1379
HPE,2020-01-31,2020-03-03,0.44,0.44,0,0
HSIC,2025-03-31,2025-05-05,1.15,1.1101,0.0399,3.5943
HSIC,2024-12-31,2025-02-25,1.19,1.2089,-0.0189,-1.5634
HSIC,2024-09-30,2024-11-05,1.22,1.17,0.05,4.2735
HSIC,2024-06-30,2024-08-06,1.23,1.22,0.01,0.8197
HSIC,2024-03-31,2024-05-07,1.1,1.01,0.09,8.9109
HSIC,2023-12-31,2024-02-27,0.66,0.69,-0.03,-4.3478
HSIC,2023-09-30,2023-11-13,1.32,1.32,0,0
HSIC,2023-06-30,2023-08-07,1.31,1.28,0.03,2.3438
HSIC,2023-03-31,2023-05-09,1.21,1.23,-0.02,-1.626
HSIC,2022-12-31,2023-02-16,1.21,1.21,0,0
HSIC,2022-09-30,2022-11-01,1.09,1.14,-0.05,-4.386
HSIC,2022-06-30,2022-08-02,1.16,1.16,0,0
HSIC,2022-03-31,2022-05-03,1.3,1.19,0.11,9.2437
HSIC,2021-12-31,2022-02-15,1.07,0.91,0.16,17.5824
HSIC,2021-09-30,2021-11-02,1.1,0.95,0.15,15.7895
HSIC,2021-06-30,2021-08-03,1.11,0.97,0.14,14.433
HSIC,2021-03-31,2021-05-04,1.24,0.84,0.4,47.619
HSIC,2020-12-31,2021-02-17,1,0.99,0.01,1.0101
HSIC,2020-09-30,2020-11-02,1.03,0.79,0.24,30.3797
HSIC,2020-06-30,2020-08-04,-0.0758,-0.12,0.0442,36.8333
HSIC,2020-03-31,2020-05-05,0.94,0.74,0.2,27.027
HSIC,2019-12-31,2020-02-20,0.97,0.91,0.06,6.5934
HST,2025-03-31,2025-04-30,0.35,0.2865,0.0635,22.164
HST,2024-12-31,2025-02-19,0.15,0.1383,0.0117,8.4599
HST,2024-09-30,2024-11-06,0.12,0.1,0.02,20
HST,2024-06-30,2024-07-31,0.34,0.34,0,0
HST,2024-03-31,2024-05-01,0.38,0.32,0.06,18.75
HST,2023-12-31,2024-02-21,0.19,0.2,-0.01,-5
HST,2023-09-30,2023-11-01,0.16,0.11,0.05,45.4545
HST,2023-06-30,2023-08-02,0.29,0.33,-0.04,-12.1212
HST,2023-03-31,2023-05-03,0.4,0.24,0.16,66.6667
HST,2022-12-31,2023-02-15,0.2,0.19,0.01,5.2632
HST,2022-09-30,2022-11-02,0.16,0.17,-0.01,-5.8824
HST,2022-06-30,2022-08-03,0.36,0.25,0.11,44
HST,2022-03-31,2022-05-04,0.16,0.03,0.13,433.3333
HST,2021-12-31,2022-02-16,0.45,-0.01,0.46,4600
HST,2021-09-30,2021-11-03,-0.04,-0.09,0.05,55.5556
HST,2021-06-30,2021-08-03,-0.09,-0.23,0.14,60.8696
HST,2021-03-31,2021-05-04,-0.22,-0.4,0.18,45
HST,2020-12-31,2021-02-18,-0.09,-0.42,0.33,78.5714
HST,2020-09-30,2020-11-04,-0.44,-0.45,0.01,2.2222
HST,2020-06-30,2020-07-30,-0.5,-0.46,-0.04,-8.6957
HST,2020-03-31,2020-05-07,-0.0042,0.09,-0.0942,-104.6667
HST,2019-12-31,2020-02-19,0.11,0.12,-0.01,-8.3333
HSY,2025-03-31,2025-05-01,2.09,1.93,0.16,8.2902
HSY,2024-12-31,2025-02-06,2.69,2.38,0.31,13.0252
HSY,2024-09-30,2024-11-07,2.34,2.55,-0.21,-8.2353
HSY,2024-06-30,2024-08-01,1.27,1.45,-0.18,-12.4138
HSY,2024-03-31,2024-05-03,3.07,2.76,0.31,11.2319
HSY,2023-12-31,2024-02-08,2.02,1.96,0.06,3.0612
HSY,2023-09-30,2023-10-26,2.6,2.45,0.15,6.1224
HSY,2023-06-30,2023-07-27,2.01,1.91,0.1,5.2356
HSY,2023-03-31,2023-04-27,2.96,2.67,0.29,10.8614
HSY,2022-12-31,2023-02-02,2.02,1.77,0.25,14.1243
HSY,2022-09-30,2022-11-04,2.17,2.1,0.07,3.3333
HSY,2022-06-30,2022-07-28,1.8,1.68,0.12,7.1429
HSY,2022-03-31,2022-04-28,2.53,2.1,0.43,20.4762
HSY,2021-12-31,2022-02-03,1.69,1.61,0.08,4.9689
HSY,2021-09-30,2021-10-28,2.1,2,0.1,5
HSY,2021-06-30,2021-07-29,1.47,1.42,0.05,3.5211
HSY,2021-03-31,2021-04-29,1.92,1.8,0.12,6.6667
HSY,2020-12-31,2021-02-04,1.49,1.43,0.06,4.1958
HSY,2020-09-30,2020-11-06,1.86,1.72,0.14,8.1395
HSY,2020-06-30,2020-07-23,1.31,1.13,0.18,15.9292
HSY,2020-03-31,2020-04-23,1.63,1.71,-0.08,-4.6784
HSY,2019-12-31,2020-01-30,1.28,1.24,0.04,3.2258
HUM,2025-03-31,2025-04-30,11.58,10.07,1.51,14.995
HUM,2024-12-31,2025-02-11,-2.16,-2.12,-0.04,-1.8868
HUM,2024-09-30,2024-10-30,4.16,3.39,0.77,22.7139
HUM,2024-06-30,2024-07-31,6.96,5.86,1.1,18.7713
HUM,2024-03-31,2024-04-24,7.23,6,1.23,20.5
HUM,2023-12-31,2024-01-25,-0.11,0.92,-1.03,-111.9565
HUM,2023-09-30,2023-11-01,7.78,7.17,0.61,8.5077
HUM,2023-06-30,2023-08-02,8.94,8.83,0.11,1.2458
HUM,2023-03-31,2023-04-26,9.38,9.2,0.18,1.9565
HUM,2022-12-31,2023-02-01,1.62,1.46,0.16,10.9589
HUM,2022-09-30,2022-11-02,6.88,6.28,0.6,9.5541
HUM,2022-06-30,2022-07-27,8.67,7.67,1,13.0378
HUM,2022-03-31,2022-04-27,8.04,6.8,1.24,18.2353
HUM,2021-12-31,2022-02-02,1.24,1.16,0.08,6.8966
HUM,2021-09-30,2021-11-03,4.83,4.67,0.16,3.4261
HUM,2021-06-30,2021-07-28,6.89,6.84,0.05,0.731
HUM,2021-03-31,2021-04-28,7.67,7.1,0.57,8.0282
HUM,2020-12-31,2021-02-03,-2.3,-2.32,0.02,0.8621
HUM,2020-09-30,2020-11-03,3.08,2.8,0.28,10
HUM,2020-06-30,2020-08-05,12.56,10.12,2.44,24.1107
HUM,2020-03-31,2020-04-29,5.4,4.69,0.71,15.1386
HUM,2019-12-31,2020-02-05,2.28,2.19,0.09,4.1096
HWM,2025-03-31,2025-05-01,0.86,0.78,0.08,10.2564
HWM,2024-12-31,2025-02-13,0.74,0.72,0.02,2.7778
HWM,2024-09-30,2024-11-06,0.81,0.65,0.16,24.6154
HWM,2024-06-30,2024-07-30,0.67,0.6,0.07,11.6667
HWM,2024-03-31,2024-05-02,0.57,0.52,0.05,9.6154
HWM,2023-12-31,2024-02-13,0.53,0.47,0.06,12.766
HWM,2023-09-30,2023-11-02,0.46,0.43,0.03,6.9767
HWM,2023-06-30,2023-08-01,0.44,0.43,0.01,2.3256
HWM,2023-03-31,2023-05-02,0.42,0.38,0.04,10.5263
HWM,2022-12-31,2023-02-14,0.38,0.38,0,0
HWM,2022-09-30,2022-10-31,0.36,0.36,0,0
HWM,2022-06-30,2022-08-04,0.35,0.33,0.02,6.0606
HWM,2022-03-31,2022-05-03,0.31,0.29,0.02,6.8966
HWM,2021-12-31,2022-02-02,0.3,0.29,0.01,3.4483
HWM,2021-09-30,2021-11-04,0.27,0.25,0.02,8
HWM,2021-06-30,2021-08-04,0.22,0.22,0,0
HWM,2021-03-31,2021-05-06,0.22,0.19,0.03,15.7895
HWM,2020-12-31,2021-02-03,0.21,0.17,0.04,23.5294
HWM,2020-09-30,2020-11-09,0.03,0.05,-0.02,-40
HWM,2020-06-30,2020-08-06,0.12,0.06,0.06,100
HWM,2020-03-31,2020-05-05,0.62,0.44,0.18,40.9091
HWM,2019-12-31,2020-01-27,0.53,0.54,-0.01,-1.8519
IBM,2025-03-31,2025-04-23,1.6,1.43,0.17,11.8881
IBM,2024-12-31,2025-01-29,3.92,3.78,0.14,3.7037
IBM,2024-09-30,2024-10-23,2.3,2.23,0.07,3.139
IBM,2024-06-30,2024-07-24,2.43,2.17,0.26,11.9816
IBM,2024-03-31,2024-04-24,1.68,1.6,0.08,5
IBM,2023-12-31,2024-01-24,3.87,3.78,0.09,2.381
IBM,2023-09-30,2023-10-25,2.2,2.13,0.07,3.2864
IBM,2023-06-30,2023-07-19,2.18,2,0.18,9
IBM,2023-03-31,2023-04-19,1.36,1.24,0.12,9.6774
IBM,2022-12-31,2023-01-25,3.6,3.61,-0.01,-0.277
IBM,2022-09-30,2022-10-19,1.81,1.8,0.01,0.5556
IBM,2022-06-30,2022-07-18,2.31,2.29,0.02,0.8734
IBM,2022-03-31,2022-04-19,1.4,1.42,-0.02,-1.4085
IBM,2021-12-31,2022-01-24,3.35,3.29,0.06,1.8237
IBM,2021-09-30,2021-10-20,2.52,2.51,0.01,0.3984
IBM,2021-06-30,2021-07-19,2.33,2.29,0.04,1.7467
IBM,2021-03-31,2021-04-19,1.77,1.65,0.12,7.2727
IBM,2020-12-31,2021-01-21,2.07,1.88,0.19,10.1064
IBM,2020-09-30,2020-10-19,2.58,2.58,0,0
IBM,2020-06-30,2020-07-20,2.18,2.09,0.09,4.3062
IBM,2020-03-31,2020-04-20,1.84,1.8,0.04,2.2222
IBM,2019-12-31,2020-01-21,4.71,4.69,0.02,0.4264
ICE,2025-03-31,2025-05-01,1.72,1.7,0.02,1.1765
ICE,2024-12-31,2025-02-06,1.52,1.49,0.03,2.0134
ICE,2024-09-30,2024-10-31,1.55,1.55,0,0
ICE,2024-06-30,2024-08-01,1.52,1.49,0.03,2.0134
ICE,2024-03-31,2024-05-02,1.48,1.48,0,0
ICE,2023-12-31,2024-02-08,1.33,1.29,0.04,3.1008
ICE,2023-09-30,2023-11-02,1.46,1.39,0.07,5.036
ICE,2023-06-30,2023-08-03,1.43,1.37,0.06,4.3796
ICE,2023-03-31,2023-05-04,1.41,1.4,0.01,0.7143
ICE,2022-12-31,2023-02-02,1.25,1.26,-0.01,-0.7937
ICE,2022-09-30,2022-11-03,1.31,1.27,0.04,3.1496
ICE,2022-06-30,2022-08-04,1.32,1.27,0.05,3.937
ICE,2022-03-31,2022-05-05,1.43,1.42,0.01,0.7042
ICE,2021-12-31,2022-02-03,1.34,1.32,0.02,1.5152
ICE,2021-09-30,2021-10-28,1.3,1.22,0.08,6.5574
ICE,2021-06-30,2021-07-29,1.16,1.16,0,0
ICE,2021-03-31,2021-04-29,1.34,1.3,0.04,3.0769
ICE,2020-12-31,2021-02-04,1.13,1.08,0.05,4.6296
ICE,2020-09-30,2020-10-29,1.03,0.99,0.04,4.0404
ICE,2020-06-30,2020-07-30,1.07,1.04,0.03,2.8846
ICE,2020-03-31,2020-04-30,1.28,1.24,0.04,3.2258
ICE,2019-12-31,2020-02-06,0.95,0.95,0,0
IDXX,2025-03-31,2025-05-01,2.96,2.84,0.12,4.2254
IDXX,2024-12-31,2025-02-03,2.62,2.4,0.22,9.1667
IDXX,2024-09-30,2024-10-31,2.8,2.69,0.11,4.0892
IDXX,2024-06-30,2024-08-06,3.02,2.87,0.15,5.2265
IDXX,2024-03-31,2024-05-01,2.81,2.67,0.14,5.2434
IDXX,2023-12-31,2024-02-05,2.32,2.12,0.2,9.434
IDXX,2023-09-30,2023-11-01,2.53,2.37,0.16,6.7511
IDXX,2023-06-30,2023-08-01,2.67,2.47,0.2,8.0972
IDXX,2023-03-31,2023-05-02,2.55,2.43,0.12,4.9383
IDXX,2022-12-31,2023-02-06,2.05,1.92,0.13,6.7708
IDXX,2022-09-30,2022-11-01,2.15,2.04,0.11,5.3922
IDXX,2022-06-30,2022-08-02,1.56,1.63,-0.07,-4.2945
IDXX,2022-03-31,2022-05-04,2.27,2.25,0.02,0.8889
IDXX,2021-12-31,2022-02-02,1.89,1.72,0.17,9.8837
IDXX,2021-09-30,2021-11-02,2.03,1.91,0.12,6.2827
IDXX,2021-06-30,2021-07-30,2.34,2.04,0.3,14.7059
IDXX,2021-03-31,2021-05-04,2.35,1.72,0.63,36.6279
IDXX,2020-12-31,2021-02-02,1.76,1.39,0.37,26.6187
IDXX,2020-09-30,2020-10-29,1.69,1.44,0.25,17.3611
IDXX,2020-06-30,2020-07-31,1.72,1.17,0.55,47.0085
IDXX,2020-03-31,2020-04-30,1.29,1.2,0.09,7.5
IDXX,2019-12-31,2020-01-31,1.04,0.9,0.14,15.5556
IEX,2025-03-31,2025-05-01,1.75,1.64,0.11,6.7073
IEX,2024-12-31,2025-02-04,2.04,2.03,0.01,0.4926
IEX,2024-09-30,2024-10-29,1.9,1.88,0.02,1.0638
IEX,2024-06-30,2024-07-31,2.06,2.04,0.02,0.9804
IEX,2024-03-31,2024-04-23,1.88,1.76,0.12,6.8182
IEX,2023-12-31,2024-02-06,1.83,1.78,0.05,2.809
IEX,2023-09-30,2023-10-25,2.12,1.89,0.23,12.1693
IEX,2023-06-30,2023-07-26,2.18,2.11,0.07,3.3175
IEX,2023-03-31,2023-04-26,2.09,2.02,0.07,3.4653
IEX,2022-12-31,2023-01-31,2.01,1.98,0.03,1.5152
IEX,2022-09-30,2022-10-25,2.14,2,0.14,7
IEX,2022-06-30,2022-07-26,2.02,1.89,0.13,6.8783
IEX,2022-03-31,2022-04-26,1.96,1.74,0.22,12.6437
IEX,2021-12-31,2022-02-01,1.55,1.58,-0.03,-1.8987
IEX,2021-09-30,2021-10-26,1.63,1.59,0.04,2.5157
IEX,2021-06-30,2021-07-27,1.61,1.62,-0.01,-0.6173
IEX,2021-03-31,2021-04-27,1.51,1.41,0.1,7.0922
IEX,2020-12-31,2021-02-03,1.37,1.31,0.06,4.5802
IEX,2020-09-30,2020-10-27,1.4,1.2,0.2,16.6667
IEX,2020-06-30,2020-07-23,1.1,1,0.1,10
IEX,2020-03-31,2020-04-23,1.33,1.3,0.03,2.3077
IEX,2019-12-31,2020-01-29,1.33,1.35,-0.02,-1.4815
IFF,2025-03-31,2025-05-06,1.2,1.14,0.06,5.2632
IFF,2024-12-31,2025-02-18,0.97,0.8248,0.1452,17.6043
IFF,2024-09-30,2024-11-05,0.62,1.08,-0.46,-42.5926
IFF,2024-06-30,2024-08-06,1.16,1.01,0.15,14.8515
IFF,2024-03-31,2024-05-06,1.13,0.87,0.26,29.8851
IFF,2023-12-31,2024-02-20,0.72,0.75,-0.03,-4
IFF,2023-09-30,2023-11-06,0.89,0.75,0.14,18.6667
IFF,2023-06-30,2023-08-07,0.86,1.1,-0.24,-21.8182
IFF,2023-03-31,2023-05-08,0.87,0.87,0,0
IFF,2022-12-31,2023-02-08,0.97,0.96,0.01,1.0417
IFF,2022-09-30,2022-11-07,1.36,1.32,0.04,3.0303
IFF,2022-06-30,2022-08-08,1.54,1.44,0.1,6.9444
IFF,2022-03-31,2022-05-09,1.69,1.35,0.34,25.1852
IFF,2021-12-31,2022-02-09,1.1,1.04,0.06,5.7692
IFF,2021-09-30,2021-11-08,1.47,1.38,0.09,6.5217
IFF,2021-06-30,2021-08-05,1.5,1.49,0.01,0.6711
IFF,2021-03-31,2021-05-10,1.6,1.53,0.07,4.5752
IFF,2020-12-31,2021-02-10,1.32,1.19,0.13,10.9244
IFF,2020-09-30,2020-11-09,1.4,1.46,-0.06,-4.1096
IFF,2020-06-30,2020-08-10,1.36,1.31,0.05,3.8168
IFF,2020-03-31,2020-05-11,1.62,1.59,0.03,1.8868
IFF,2019-12-31,2020-02-12,1.46,1.45,0.01,0.6897
ILMN,2025-03-31,2025-05-08,0.97,0.94,0.03,3.1915
ILMN,2024-12-31,2025-02-06,0.86,0.92,-0.06,-6.5217
ILMN,2024-09-30,2024-11-04,1.14,0.88,0.26,29.5455
ILMN,2024-06-30,2024-08-06,0.36,0.9,-0.54,-60
ILMN,2024-03-31,2024-05-02,0.09,0.04,0.05,125
ILMN,2023-12-31,2024-02-08,0.14,0.02,0.12,600
ILMN,2023-09-30,2023-11-09,0.33,0.12,0.21,175
ILMN,2023-06-30,2023-08-09,0.32,0.02,0.3,1500
ILMN,2023-03-31,2023-04-25,0.08,0.03,0.05,166.6667
ILMN,2022-12-31,2023-02-07,0.14,0.1,0.04,40
ILMN,2022-09-30,2022-11-03,0.34,0.3,0.04,13.3333
ILMN,2022-06-30,2022-08-11,0.57,0.65,-0.08,-12.3077
ILMN,2022-03-31,2022-05-05,1.07,0.9,0.17,18.8889
ILMN,2021-12-31,2022-02-10,0.75,0.49,0.26,53.0612
ILMN,2021-09-30,2021-11-04,1.45,1.14,0.31,27.193
ILMN,2021-06-30,2021-08-05,1.87,1.36,0.51,37.5
ILMN,2021-03-31,2021-04-27,1.89,1.38,0.51,36.9565
ILMN,2020-12-31,2021-02-11,1.22,1.11,0.11,9.9099
ILMN,2020-09-30,2020-10-29,1.02,0.77,0.25,32.4675
ILMN,2020-06-30,2020-08-06,0.62,0.67,-0.05,-7.4627
ILMN,2020-03-31,2020-04-30,1.64,1.25,0.39,31.2
ILMN,2019-12-31,2020-01-29,1.7,1.58,0.12,7.5949
INCY,2025-03-31,2025-04-29,0.8,0.76,0.04,5.2632
INCY,2024-12-31,2025-02-10,1.43,1.55,-0.12,-7.7419
INCY,2024-09-30,2024-10-29,0.54,0.79,-0.25,-31.6456
INCY,2024-06-30,2024-07-30,-1.82,-1.55,-0.27,-17.4194
INCY,2024-03-31,2024-04-30,0.64,0.84,-0.2,-23.8095
INCY,2023-12-31,2024-02-13,1.06,1.16,-0.1,-8.6207
INCY,2023-09-30,2023-10-31,1.1,1.02,0.08,7.8431
INCY,2023-06-30,2023-08-01,0.99,0.83,0.16,19.2771
INCY,2023-03-31,2023-05-02,0.37,0.76,-0.39,-51.3158
INCY,2022-12-31,2023-02-07,0.62,0.58,0.04,6.8966
INCY,2022-09-30,2022-11-01,0.6,0.72,-0.12,-16.6667
INCY,2022-06-30,2022-08-02,1.01,0.76,0.25,32.8947
INCY,2022-03-31,2022-05-03,0.55,0.67,-0.12,-17.9104
INCY,2021-12-31,2022-02-08,0.1,0.87,-0.77,-88.5057
INCY,2021-09-30,2021-11-02,1.18,0.75,0.43,57.3333
INCY,2021-06-30,2021-08-03,0.8,0.74,0.06,8.1081
INCY,2021-03-31,2021-05-04,0.67,0.64,0.03,4.6875
INCY,2020-12-31,2021-02-09,0.93,0.75,0.18,24
INCY,2020-09-30,2020-11-05,0.23,0.75,-0.52,-69.3333
INCY,2020-06-30,2020-08-04,1.24,0.87,0.37,42.5287
INCY,2020-03-31,2020-05-05,-2.86,0.61,-3.47,-568.8525
INCY,2019-12-31,2020-02-13,0.65,0.57,0.08,14.0351
INTC,2025-03-31,2025-04-24,0.13,0.01,0.12,1200
INTC,2024-12-31,2025-01-30,0.13,0.12,0.01,8.3333
INTC,2024-09-30,2024-10-31,-0.46,-0.03,-0.43,-1433.3333
INTC,2024-06-30,2024-08-01,0.02,0.1,-0.08,-80
INTC,2024-03-31,2024-04-25,0.18,0.13,0.05,38.4615
INTC,2023-12-31,2024-01-25,0.54,0.45,0.09,20
INTC,2023-09-30,2023-10-26,0.41,0.22,0.19,86.3636
INTC,2023-06-30,2023-07-27,0.13,-0.03,0.16,533.3333
INTC,2023-03-31,2023-04-27,-0.04,-0.14,0.1,71.4286
INTC,2022-12-31,2023-01-26,0.1,0.2,-0.1,-50
INTC,2022-09-30,2022-10-27,0.59,0.33,0.26,78.7879
INTC,2022-06-30,2022-07-28,0.29,0.7,-0.41,-58.5714
INTC,2022-03-31,2022-04-28,0.87,0.8,0.07,8.75
INTC,2021-12-31,2022-01-26,1.09,0.91,0.18,19.7802
INTC,2021-09-30,2021-10-21,1.71,1.11,0.6,54.0541
INTC,2021-06-30,2021-07-22,1.28,1.07,0.21,19.6262
INTC,2021-03-31,2021-04-22,1.39,1.14,0.25,21.9298
INTC,2020-12-31,2021-01-21,1.52,1.11,0.41,36.9369
INTC,2020-09-30,2020-10-22,1.11,1.11,0,0
INTC,2020-06-30,2020-07-23,1.23,1.11,0.12,10.8108
INTC,2020-03-31,2020-04-23,1.45,1.26,0.19,15.0794
INTC,2019-12-31,2020-01-23,1.52,1.25,0.27,21.6
INTU,2025-04-30,2025-05-22,11.65,10.91,0.74,6.7828
INTU,2025-01-31,2025-02-25,3.32,2.58,0.74,28.6822
INTU,2024-10-31,2024-11-21,2.5,2.36,0.14,5.9322
INTU,2024-07-31,2024-08-22,1.99,1.85,0.14,7.5676
INTU,2024-04-30,2024-05-23,9.88,9.38,0.5,5.3305
INTU,2024-01-31,2024-02-22,2.63,2.31,0.32,13.8528
INTU,2023-10-31,2023-11-28,2.47,1.98,0.49,24.7475
INTU,2023-07-31,2023-08-24,1.65,1.44,0.21,14.5833
INTU,2023-04-30,2023-05-23,8.92,8.5,0.42,4.9412
INTU,2023-01-31,2023-02-23,2.2,1.44,0.76,52.7778
INTU,2022-10-31,2022-11-29,1.66,1.2,0.46,38.3333
INTU,2022-07-31,2022-08-23,1.1,0.98,0.12,12.2449
INTU,2022-04-30,2022-05-24,7.65,7.57,0.08,1.0568
INTU,2022-01-31,2022-02-24,1.55,1.82,-0.27,-14.8352
INTU,2021-10-31,2021-11-18,1.53,0.97,0.56,57.732
INTU,2021-07-31,2021-08-24,1.97,1.59,0.38,23.8994
INTU,2021-04-30,2021-05-25,6.07,6.22,-0.15,-2.4116
INTU,2021-01-31,2021-02-23,0.68,0.76,-0.08,-10.5263
INTU,2020-10-31,2020-11-19,0.94,0.43,0.51,118.6047
INTU,2020-07-31,2020-08-25,1.81,1.12,0.69,61.6071
INTU,2020-04-30,2020-05-21,4.49,4.48,0.01,0.2232
INTU,2020-01-31,2020-02-24,1.16,1.02,0.14,13.7255
INVH,2025-03-31,2025-04-30,0.1725,0.1402,0.0323,23.0385
INVH,2024-12-31,2025-02-26,0.1433,0.18,-0.0367,-20.3889
INVH,2024-09-30,2024-10-30,0.15,0.17,-0.02,-11.7647
INVH,2024-06-30,2024-07-24,0.12,0.18,-0.06,-33.3333
INVH,2024-03-31,2024-04-30,0.23,0.18,0.05,27.7778
INVH,2023-12-31,2024-02-13,0.21,0.18,0.03,16.6667
INVH,2023-09-30,2023-10-25,0.21,0.17,0.04,23.5294
INVH,2023-06-30,2023-07-26,0.22,0.17,0.05,29.4118
INVH,2023-03-31,2023-05-01,0.2,0.16,0.04,25
INVH,2022-12-31,2023-02-15,0.16,0.15,0.01,6.6667
INVH,2022-09-30,2022-10-26,0.13,0.16,-0.03,-18.75
INVH,2022-06-30,2022-07-27,0.18,0.15,0.03,20
INVH,2022-03-31,2022-04-27,0.15,0.14,0.01,7.1429
INVH,2021-12-31,2022-02-15,0.12,0.12,0,0
INVH,2021-09-30,2021-10-27,0.12,0.1,0.02,20
INVH,2021-06-30,2021-07-28,0.11,0.08,0.03,37.5
INVH,2021-03-31,2021-04-28,0.1,0.07,0.03,42.8571
INVH,2020-12-31,2021-02-16,0.13,0.06,0.07,116.6667
INVH,2020-09-30,2020-10-28,0.06,0.04,0.02,50
INVH,2020-06-30,2020-08-03,0.08,0.06,0.02,33.3333
INVH,2020-03-31,2020-05-06,0.09,0.05,0.04,80
INVH,2019-12-31,2020-02-18,0.1,0.06,0.04,66.6667
IPG,2025-03-31,2025-04-24,0.33,0.26,0.07,26.9231
IPG,2024-12-31,2025-02-12,1.11,1.17,-0.06,-5.1282
IPG,2024-09-30,2024-10-22,0.7,0.7,0,0
IPG,2024-06-30,2024-07-24,0.61,0.59,0.02,3.3898
IPG,2024-03-31,2024-04-24,0.36,0.35,0.01,2.8571
IPG,2023-12-31,2024-02-08,1.18,1.13,0.05,4.4248
IPG,2023-09-30,2023-10-20,0.7,0.73,-0.03,-4.1096
IPG,2023-06-30,2023-07-21,0.57,0.6,-0.03,-5
IPG,2023-03-31,2023-04-27,0.38,0.34,0.04,11.7647
IPG,2022-12-31,2023-02-09,1.02,1.01,0.01,0.9901
IPG,2022-09-30,2022-10-21,0.63,0.59,0.04,6.7797
IPG,2022-06-30,2022-07-21,0.63,0.58,0.05,8.6207
IPG,2022-03-31,2022-04-28,0.47,0.4,0.07,17.5
IPG,2021-12-31,2022-02-10,0.82,0.81,0.01,1.2346
IPG,2021-09-30,2021-10-21,0.63,0.49,0.14,28.5714
IPG,2021-06-30,2021-07-21,0.7,0.42,0.28,66.6667
IPG,2021-03-31,2021-04-28,0.45,0.15,0.3,200
IPG,2020-12-31,2021-02-10,0.86,0.8,0.06,7.5
IPG,2020-09-30,2020-10-21,0.53,0.33,0.2,60.6061
IPG,2020-06-30,2020-07-29,0.23,0.2,0.03,15
IPG,2020-03-31,2020-04-22,0.11,0.09,0.02,22.2222
IPG,2019-12-31,2020-02-12,0.88,0.83,0.05,6.0241
IPGP,2025-03-31,2025-05-06,0.09,0.2,-0.11,-55
IPGP,2024-12-31,2025-02-11,0.18,0.2,-0.02,-10
IPGP,2024-09-30,2024-10-29,-5.33,0.18,-5.51,-3061.1111
IPGP,2024-06-30,2024-07-30,0.45,0.51,-0.06,-11.7647
IPGP,2024-03-31,2024-04-30,0.52,0.49,0.03,6.1224
IPGP,2023-12-31,2024-02-13,0.89,0.95,-0.06,-6.3158
IPGP,2023-09-30,2023-10-31,1.16,1.01,0.15,14.8515
IPGP,2023-06-30,2023-08-01,1.31,1.24,0.07,5.6452
IPGP,2023-03-31,2023-05-02,1.25,1.14,0.11,9.6491
IPGP,2022-12-31,2023-02-14,1.08,0.89,0.19,21.3483
IPGP,2022-09-30,2022-11-01,1.49,1.15,0.34,29.5652
IPGP,2022-06-30,2022-08-02,1.1,1.15,-0.05,-4.3478
IPGP,2022-03-31,2022-05-03,1.31,0.98,0.33,33.6735
IPGP,2021-12-31,2022-02-15,1.21,1.19,0.02,1.6807
IPGP,2021-09-30,2021-11-02,1.4,1.27,0.13,10.2362
IPGP,2021-06-30,2021-08-03,1.29,1.41,-0.12,-8.5106
IPGP,2021-03-31,2021-05-04,1.26,1.1,0.16,14.5455
IPGP,2020-12-31,2021-02-16,0.92,0.98,-0.06,-6.1224
IPGP,2020-09-30,2020-10-30,0.66,0.89,-0.23,-25.8427
IPGP,2020-06-30,2020-08-04,0.73,0.6,0.13,21.6667
IPGP,2020-03-31,2020-05-05,0.4,0.19,0.21,110.5263
IPGP,2019-12-31,2020-02-13,0.75,0.8,-0.05,-6.25
IQV,2025-03-31,2025-05-06,2.7,2.63,0.07,2.6616
IQV,2024-12-31,2025-02-06,2.42,2.09,0.33,15.7895
IQV,2024-09-30,2024-10-31,1.55,1.92,-0.37,-19.2708
IQV,2024-06-30,2024-07-22,2.64,2.57,0.07,2.7237
IQV,2024-03-31,2024-05-02,2.54,2.48,0.06,2.4194
IQV,2023-12-31,2024-02-14,2.84,2.82,0.02,0.7092
IQV,2023-09-30,2023-11-01,2.49,2.44,0.05,2.0492
IQV,2023-06-30,2023-08-01,2.43,2.37,0.06,2.5316
IQV,2023-03-31,2023-04-27,2.45,2.41,0.04,1.6598
IQV,2022-12-31,2023-02-10,2.78,2.76,0.02,0.7246
IQV,2022-09-30,2022-10-26,2.48,2.38,0.1,4.2017
IQV,2022-06-30,2022-07-21,2.44,2.38,0.06,2.521
IQV,2022-03-31,2022-04-27,2.47,2.42,0.05,2.0661
IQV,2021-12-31,2022-02-15,2.55,2.43,0.12,4.9383
IQV,2021-09-30,2021-10-21,2.17,2.12,0.05,2.3585
IQV,2021-06-30,2021-07-27,2.13,2.08,0.05,2.4038
IQV,2021-03-31,2021-04-22,2.18,1.85,0.33,17.8378
IQV,2020-12-31,2021-02-10,2.11,2,0.11,5.5
IQV,2020-09-30,2020-10-20,1.63,1.54,0.09,5.8442
IQV,2020-06-30,2020-07-22,1.18,1.06,0.12,11.3208
IQV,2020-03-31,2020-04-28,1.5,1.48,0.02,1.3514
IQV,2019-12-31,2020-02-12,1.74,1.72,0.02,1.1628
IR,2025-03-31,2025-05-01,0.72,0.74,-0.02,-2.7027
IR,2024-12-31,2025-02-13,0.84,0.84,0,0
IR,2024-09-30,2024-10-31,0.84,0.81,0.03,3.7037
IR,2024-06-30,2024-07-31,0.83,0.78,0.05,6.4103
IR,2024-03-31,2024-05-02,0.78,0.69,0.09,13.0435
IR,2023-12-31,2024-02-15,0.86,0.77,0.09,11.6883
IR,2023-09-30,2023-11-01,0.77,0.69,0.08,11.5942
IR,2023-06-30,2023-08-02,0.68,0.6,0.08,13.3333
IR,2023-03-31,2023-05-03,0.65,0.52,0.13,25
IR,2022-12-31,2023-02-21,0.72,0.63,0.09,14.2857
IR,2022-09-30,2022-11-02,0.62,0.59,0.03,5.0847
IR,2022-06-30,2022-08-03,0.54,0.52,0.02,3.8462
IR,2022-03-31,2022-05-04,0.49,0.45,0.04,8.8889
IR,2021-12-31,2022-02-23,0.68,0.6,0.08,13.3333
IR,2021-09-30,2021-11-03,0.57,0.47,0.1,21.2766
IR,2021-06-30,2021-07-28,0.46,0.42,0.04,9.5238
IR,2021-03-31,2021-04-28,0.45,0.35,0.1,28.5714
IR,2020-12-31,2021-02-22,0.53,0.45,0.08,17.7778
IR,2020-09-30,2020-11-02,0.4,0.31,0.09,29.0323
IR,2020-06-30,2020-08-03,0.31,0.19,0.12,63.1579
IR,2020-03-31,2020-05-12,0.27,0.28,-0.01,-3.5714
IR,2019-12-31,2020-02-17,0.37,0.34,0.03,8.8235
ISRG,2025-03-31,2025-04-22,1.81,1.73,0.08,4.6243
ISRG,2024-12-31,2025-01-23,2.21,1.79,0.42,23.4637
ISRG,2024-09-30,2024-10-17,1.84,1.64,0.2,12.1951
ISRG,2024-06-30,2024-07-18,1.78,1.54,0.24,15.5844
ISRG,2024-03-31,2024-04-18,1.5,1.41,0.09,6.383
ISRG,2023-12-31,2024-01-23,1.6,1.48,0.12,8.1081
ISRG,2023-09-30,2023-10-19,1.46,1.41,0.05,3.5461
ISRG,2023-06-30,2023-07-20,1.42,1.33,0.09,6.7669
ISRG,2023-03-31,2023-04-18,1.23,1.2,0.03,2.5
ISRG,2022-12-31,2023-01-24,1.23,1.25,-0.02,-1.6
ISRG,2022-09-30,2022-10-18,1.19,1.12,0.07,6.25
ISRG,2022-06-30,2022-07-21,1.14,1.19,-0.05,-4.2017
ISRG,2022-03-31,2022-04-21,1.13,1.08,0.05,4.6296
ISRG,2021-12-31,2022-01-20,1.3,1.28,0.02,1.5625
ISRG,2021-09-30,2021-10-19,1.19,1.17,0.02,1.7094
ISRG,2021-06-30,2021-07-20,1.31,1.02,0.29,28.4314
ISRG,2021-03-31,2021-04-20,1.17,0.88,0.29,32.9545
ISRG,2020-12-31,2021-01-21,1.19,1.04,0.15,14.4231
ISRG,2020-09-30,2020-10-15,0.92,0.69,0.23,33.3333
ISRG,2020-06-30,2020-07-21,0.37,0.19,0.18,94.7368
ISRG,2020-03-31,2020-04-16,0.9,0.85,0.05,5.8824
ISRG,2019-12-31,2020-01-23,1.16,1.13,0.03,2.6549
IT,2025-03-31,2025-05-06,2.98,2.72,0.26,9.5588
IT,2024-12-31,2025-02-04,5.11,2.93,2.18,74.4027
IT,2024-09-30,2024-11-05,5.32,2.72,2.6,95.5882
IT,2024-06-30,2024-07-30,3.22,3.03,0.19,6.2706
IT,2024-03-31,2024-04-30,2.93,2.54,0.39,15.3543
IT,2023-12-31,2024-02-06,3.04,2.83,0.21,7.4205
IT,2023-09-30,2023-11-03,2.56,1.96,0.6,30.6122
IT,2023-06-30,2023-08-01,2.85,2.5,0.35,14
IT,2023-03-31,2023-05-02,2.88,2.06,0.82,39.8058
IT,2022-12-31,2023-02-07,3.7,2.58,1.12,43.4109
IT,2022-09-30,2022-11-01,2.41,1.87,0.54,28.877
IT,2022-06-30,2022-08-02,2.85,2.14,0.71,33.1776
IT,2022-03-31,2022-05-03,2.33,1.72,0.61,35.4651
IT,2021-12-31,2022-02-08,2.99,2.42,0.57,23.5537
IT,2021-09-30,2021-11-02,2.03,1.55,0.48,30.9677
IT,2021-06-30,2021-08-03,2.24,1.73,0.51,29.4798
IT,2021-03-31,2021-05-04,2,1.05,0.95,90.4762
IT,2020-12-31,2021-02-09,1.59,0.82,0.77,93.9024
IT,2020-09-30,2020-11-03,0.91,0.53,0.38,71.6981
IT,2020-06-30,2020-08-04,1.2,0.81,0.39,48.1481
IT,2020-03-31,2020-05-07,1.2,0.32,0.88,275
IT,2019-12-31,2020-02-04,1.18,0.82,0.36,43.9024
ITW,2025-03-31,2025-04-30,2.38,2.35,0.03,1.2766
ITW,2024-12-31,2025-02-05,2.54,2.49,0.05,2.008
ITW,2024-09-30,2024-10-30,3.91,2.52,1.39,55.1587
ITW,2024-06-30,2024-07-30,2.54,2.47,0.07,2.834
ITW,2024-03-31,2024-04-30,2.73,2.36,0.37,15.678
ITW,2023-12-31,2024-02-01,2.38,2.42,-0.04,-1.6529
ITW,2023-09-30,2023-10-24,2.55,2.45,0.1,4.0816
ITW,2023-06-30,2023-08-01,2.48,2.4,0.08,3.3333
ITW,2023-03-31,2023-05-02,2.33,2.22,0.11,4.955
ITW,2022-12-31,2023-02-02,2.34,2.53,-0.19,-7.5099
ITW,2022-09-30,2022-10-25,2.35,2.25,0.1,4.4444
ITW,2022-06-30,2022-08-02,2.37,2.21,0.16,7.2398
ITW,2022-03-31,2022-05-03,2.11,2.07,0.04,1.9324
ITW,2021-12-31,2022-02-03,1.93,1.9,0.03,1.5789
ITW,2021-09-30,2021-10-28,2.02,2.01,0.01,0.4975
ITW,2021-06-30,2021-07-30,2.45,2.09,0.36,17.2249
ITW,2021-03-31,2021-04-30,2.11,1.9,0.21,11.0526
ITW,2020-12-31,2021-02-05,2.02,1.77,0.25,14.1243
ITW,2020-09-30,2020-10-23,1.83,1.47,0.36,24.4898
ITW,2020-06-30,2020-07-31,1.01,0.7,0.31,44.2857
ITW,2020-03-31,2020-05-05,1.77,1.71,0.06,3.5088
ITW,2019-12-31,2020-01-31,1.99,1.86,0.13,6.9892
J,2025-03-31,2025-05-06,1.43,1.38,0.05,3.6232
J,2024-12-31,2025-02-04,1.33,1.26,0.07,5.5556
J,2024-09-30,2024-11-19,1.37,1.37,0,0
J,2024-06-30,2024-08-06,1.96,1.96,0,0
J,2024-03-31,2024-05-07,1.91,1.85,0.06,3.2432
J,2023-12-31,2024-02-06,2.02,1.51,0.51,33.7748
J,2023-09-30,2023-11-21,1.96,1.87,0.09,4.8128
J,2023-06-30,2023-08-08,1.82,1.81,0.01,0.5525
J,2023-03-31,2023-05-09,1.81,1.75,0.06,3.4286
J,2022-12-31,2023-02-07,1.67,1.59,0.08,5.0314
J,2022-09-30,2022-11-21,1.8,1.77,0.03,1.6949
J,2022-06-30,2022-08-01,1.86,1.81,0.05,2.7624
J,2022-03-31,2022-05-03,1.72,1.68,0.04,2.381
J,2021-12-31,2022-02-08,1.56,1.58,-0.02,-1.2658
J,2021-09-30,2021-11-23,1.58,1.57,0.01,0.6369
J,2021-06-30,2021-08-03,1.64,1.53,0.11,7.1895
J,2021-03-31,2021-05-10,1.66,1.38,0.28,20.2899
J,2020-12-31,2021-02-09,1.41,1.27,0.14,11.0236
J,2020-09-30,2020-11-24,1.63,1.32,0.31,23.4848
J,2020-06-30,2020-08-03,1.26,1,0.26,26
J,2020-03-31,2020-05-06,1.39,1.3,0.09,6.9231
J,2019-12-31,2020-02-04,1.2,1.19,0.01,0.8403
JBHT,2025-03-31,2025-04-15,1.17,1.14,0.03,2.6316
JBHT,2024-12-31,2025-01-16,1.53,1.62,-0.09,-5.5556
JBHT,2024-09-30,2024-10-15,1.49,1.39,0.1,7.1942
JBHT,2024-06-30,2024-07-16,1.32,1.52,-0.2,-13.1579
JBHT,2024-03-31,2024-04-16,1.22,1.52,-0.3,-19.7368
JBHT,2023-12-31,2024-01-18,1.47,1.75,-0.28,-16
JBHT,2023-09-30,2023-10-17,1.8,1.83,-0.03,-1.6393
JBHT,2023-06-30,2023-07-18,1.81,1.92,-0.11,-5.7292
JBHT,2023-03-31,2023-04-17,1.89,2,-0.11,-5.5
JBHT,2022-12-31,2023-01-18,1.92,2.46,-0.54,-21.9512
JBHT,2022-09-30,2022-10-18,2.57,2.45,0.12,4.898
JBHT,2022-06-30,2022-07-19,2.42,2.35,0.07,2.9787
JBHT,2022-03-31,2022-04-18,2.29,1.94,0.35,18.0412
JBHT,2021-12-31,2022-01-18,2.28,2.02,0.26,12.8713
JBHT,2021-09-30,2021-10-15,1.88,1.77,0.11,6.2147
JBHT,2021-06-30,2021-07-19,1.61,1.57,0.04,2.5478
JBHT,2021-03-31,2021-04-15,1.37,1.17,0.2,17.094
JBHT,2020-12-31,2021-01-19,1.44,1.29,0.15,11.6279
JBHT,2020-09-30,2020-10-16,1.18,1.28,-0.1,-7.8125
JBHT,2020-06-30,2020-07-16,1.14,0.83,0.31,37.3494
JBHT,2020-03-31,2020-04-14,0.98,0.98,0,0
JBHT,2019-12-31,2020-01-17,1.35,1.5,-0.15,-10
JCI,2025-03-31,2025-05-07,0.82,0.8,0.02,2.5
JCI,2024-12-31,2025-02-05,0.64,0.59,0.05,8.4746
JCI,2024-09-30,2024-11-06,1.28,1.25,0.03,2.4
JCI,2024-06-30,2024-07-31,1.14,1.08,0.06,5.5556
JCI,2024-03-31,2024-05-01,0.78,0.75,0.03,4
JCI,2023-12-31,2024-01-30,0.51,0.51,0,0
JCI,2023-09-30,2023-12-12,1.05,1.09,-0.04,-3.6697
JCI,2023-06-30,2023-08-02,1.03,1.03,0,0
JCI,2023-03-31,2023-05-05,0.75,0.73,0.02,2.7397
JCI,2022-12-31,2023-02-01,0.67,0.67,0,0
JCI,2022-09-30,2022-11-03,0.99,0.98,0.01,1.0204
JCI,2022-06-30,2022-08-04,0.85,0.85,0,0
JCI,2022-03-31,2022-05-04,0.63,0.63,0,0
JCI,2021-12-31,2022-02-02,0.54,0.53,0.01,1.8868
JCI,2021-09-30,2021-11-05,0.88,0.87,0.01,1.1494
JCI,2021-06-30,2021-07-30,0.83,0.83,0,0
JCI,2021-03-31,2021-04-30,0.52,0.49,0.03,6.1224
JCI,2020-12-31,2021-01-29,0.43,0.4,0.03,7.5
JCI,2020-09-30,2020-11-03,0.76,0.73,0.03,4.1096
JCI,2020-06-30,2020-07-31,0.67,0.48,0.19,39.5833
JCI,2020-03-31,2020-05-01,0.42,0.36,0.06,16.6667
JCI,2019-12-31,2020-01-31,0.4,0.38,0.02,5.2632
JNJ,2025-03-31,2025-04-15,2.77,2.58,0.19,7.3643
JNJ,2024-12-31,2025-01-22,2.04,2.01,0.03,1.4925
JNJ,2024-09-30,2024-10-15,2.42,2.21,0.21,9.5023
JNJ,2024-06-30,2024-07-17,2.82,2.7,0.12,4.4444
JNJ,2024-03-31,2024-04-16,2.71,2.65,0.06,2.2642
JNJ,2023-12-31,2024-01-23,2.29,2.28,0.01,0.4386
JNJ,2023-09-30,2023-10-17,2.66,2.52,0.14,5.5556
JNJ,2023-06-30,2023-07-20,2.8,2.62,0.18,6.8702
JNJ,2023-03-31,2023-04-18,2.68,2.5,0.18,7.2
JNJ,2022-12-31,2023-01-24,2.35,2.24,0.11,4.9107
JNJ,2022-09-30,2022-10-18,2.55,2.49,0.06,2.4096
JNJ,2022-06-30,2022-07-19,2.59,2.55,0.04,1.5686
JNJ,2022-03-31,2022-04-19,2.67,2.57,0.1,3.8911
JNJ,2021-12-31,2022-01-25,2.13,2.12,0.01,0.4717
JNJ,2021-09-30,2021-10-19,2.6,2.35,0.25,10.6383
JNJ,2021-06-30,2021-07-21,2.48,2.28,0.2,8.7719
JNJ,2021-03-31,2021-04-20,2.59,2.35,0.24,10.2128
JNJ,2020-12-31,2021-01-26,1.86,1.83,0.03,1.6393
JNJ,2020-09-30,2020-10-13,2.2,1.98,0.22,11.1111
JNJ,2020-06-30,2020-07-16,1.67,1.51,0.16,10.596
JNJ,2020-03-31,2020-04-14,2.3,2,0.3,15
JNJ,2019-12-31,2020-01-22,1.88,1.87,0.01,0.5348
JPM,2025-03-31,2025-04-11,5.07,4.64,0.43,9.2672
JPM,2024-12-31,2025-01-15,4.81,4.04,0.77,19.0594
JPM,2024-09-30,2024-10-11,4.37,3.99,0.38,9.5238
JPM,2024-06-30,2024-07-12,6.12,4.53,1.59,35.0993
JPM,2024-03-31,2024-04-12,4.44,4.13,0.31,7.5061
JPM,2023-12-31,2024-01-12,3.04,3.6,-0.56,-15.5556
JPM,2023-09-30,2023-10-13,4.33,3.96,0.37,9.3434
JPM,2023-06-30,2023-07-14,4.75,4,0.75,18.75
JPM,2023-03-31,2023-04-14,4.1,3.41,0.69,20.2346
JPM,2022-12-31,2023-01-13,3.57,3.1,0.47,15.1613
JPM,2022-09-30,2022-10-14,3.12,2.85,0.27,9.4737
JPM,2022-06-30,2022-07-14,2.76,2.9,-0.14,-4.8276
JPM,2022-03-31,2022-04-13,2.63,2.71,-0.08,-2.952
JPM,2021-12-31,2022-01-14,3.33,3.03,0.3,9.901
JPM,2021-09-30,2021-10-13,3.55,3,0.55,18.3333
JPM,2021-06-30,2021-07-13,3.78,3.17,0.61,19.2429
JPM,2021-03-31,2021-04-14,4.59,3.06,1.53,50
JPM,2020-12-31,2021-01-15,3.07,2.65,0.42,15.8491
JPM,2020-09-30,2020-10-13,3.09,2.24,0.85,37.9464
JPM,2020-06-30,2020-07-14,1.08,1.21,-0.13,-10.7438
JPM,2020-03-31,2020-04-14,2.89,2.2,0.69,31.3636
JPM,2019-12-31,2020-01-14,2.57,2.36,0.21,8.8983
K,2025-03-31,2025-05-01,0.9,1.01,-0.11,-10.8911
K,2024-12-31,2025-02-06,0.92,0.83,0.09,10.8434
K,2024-09-30,2024-10-31,0.91,0.85,0.06,7.0588
K,2024-06-30,2024-08-01,1.01,0.9,0.11,12.2222
K,2024-03-31,2024-05-02,1.01,0.85,0.16,18.8235
K,2023-12-31,2024-02-08,0.78,0.74,0.04,5.4054
K,2023-09-30,2023-11-08,1.03,0.92,0.11,11.9565
K,2023-06-30,2023-08-03,1.25,1.11,0.14,12.6126
K,2023-03-31,2023-05-04,1.1,1,0.1,10
K,2022-12-31,2023-02-09,0.94,0.85,0.09,10.5882
K,2022-09-30,2022-11-03,1.01,0.98,0.03,3.0612
K,2022-06-30,2022-08-04,1.18,1.05,0.13,12.381
K,2022-03-31,2022-05-05,1.1,0.93,0.17,18.2796
K,2021-12-31,2022-02-10,0.83,0.79,0.04,5.0633
K,2021-09-30,2021-11-04,1.09,0.94,0.15,15.9574
K,2021-06-30,2021-08-05,1.14,1.03,0.11,10.6796
K,2021-03-31,2021-05-06,1.11,1.05,0.06,5.7143
K,2020-12-31,2021-02-11,0.86,0.88,-0.02,-2.2727
K,2020-09-30,2020-10-29,0.91,0.88,0.03,3.4091
K,2020-06-30,2020-07-30,1.24,0.94,0.3,31.9149
K,2020-03-31,2020-04-30,1,0.97,0.03,3.0928
K,2019-12-31,2020-02-06,0.91,0.86,0.05,5.814
KEY,2025-03-31,2025-04-17,0.33,0.32,0.01,3.125
KEY,2024-12-31,2025-01-21,0.38,0.33,0.05,15.1515
KEY,2024-09-30,2024-10-17,-0.47,0.22,-0.69,-313.6364
KEY,2024-06-30,2024-07-18,0.25,0.24,0.01,4.1667
KEY,2024-03-31,2024-04-18,0.22,0.22,0,0
KEY,2023-12-31,2024-01-18,0.25,0.23,0.02,8.6957
KEY,2023-09-30,2023-10-19,0.29,0.27,0.02,7.4074
KEY,2023-06-30,2023-07-20,0.27,0.31,-0.04,-12.9032
KEY,2023-03-31,2023-04-20,0.3,0.44,-0.14,-31.8182
KEY,2022-12-31,2023-01-19,0.38,0.54,-0.16,-29.6296
KEY,2022-09-30,2022-10-20,0.55,0.58,-0.03,-5.1724
KEY,2022-06-30,2022-07-21,0.54,0.52,0.02,3.8462
KEY,2022-03-31,2022-04-21,0.45,0.49,-0.04,-8.1633
KEY,2021-12-31,2022-01-20,0.64,0.57,0.07,12.2807
KEY,2021-09-30,2021-10-21,0.66,0.57,0.09,15.7895
KEY,2021-06-30,2021-07-20,0.73,0.54,0.19,35.1852
KEY,2021-03-31,2021-04-20,0.61,0.48,0.13,27.0833
KEY,2020-12-31,2021-01-21,0.57,0.43,0.14,32.5581
KEY,2020-09-30,2020-10-21,0.41,0.37,0.04,10.8108
KEY,2020-06-30,2020-07-22,0.17,0.08,0.09,112.5
KEY,2020-03-31,2020-04-16,0.12,0.18,-0.06,-33.3333
KEY,2019-12-31,2020-01-23,0.48,0.48,0,0
KEYS,2025-04-30,2025-05-20,1.7,1.65,0.05,3.0303
KEYS,2025-01-31,2025-02-25,0.97,1.3,-0.33,-25.3846
KEYS,2024-10-31,2024-11-19,1.65,1.57,0.08,5.0955
KEYS,2024-07-31,2024-08-20,1.57,1.35,0.22,16.2963
KEYS,2024-04-30,2024-05-20,1.41,1.39,0.02,1.4388
KEYS,2024-01-31,2024-02-20,1.63,1.59,0.04,2.5157
KEYS,2023-10-31,2023-11-20,1.99,1.87,0.12,6.4171
KEYS,2023-07-31,2023-08-17,2.19,2.04,0.15,7.3529
KEYS,2023-04-30,2023-05-16,2.12,1.95,0.17,8.7179
KEYS,2023-01-31,2023-02-21,2.02,1.85,0.17,9.1892
KEYS,2022-10-31,2022-11-17,2.14,1.99,0.15,7.5377
KEYS,2022-07-31,2022-08-17,2.01,1.78,0.23,12.9213
KEYS,2022-04-30,2022-05-17,1.83,1.67,0.16,9.5808
KEYS,2022-01-31,2022-02-17,1.65,1.55,0.1,6.4516
KEYS,2021-10-31,2021-11-22,1.82,1.64,0.18,10.9756
KEYS,2021-07-31,2021-08-18,1.54,1.44,0.1,6.9444
KEYS,2021-04-30,2021-05-19,1.44,1.34,0.1,7.4627
KEYS,2021-01-31,2021-02-18,1.43,1.37,0.06,4.3796
KEYS,2020-10-31,2020-11-18,1.62,1.46,0.16,10.9589
KEYS,2020-07-31,2020-08-20,1.19,0.83,0.36,43.3735
KEYS,2020-04-30,2020-05-26,0.78,1.16,-0.38,-32.7586
KEYS,2020-01-31,2020-02-24,1.26,1.08,0.18,16.6667
KHC,2025-03-31,2025-04-29,0.62,0.6014,0.0186,3.0928
KHC,2024-12-31,2025-02-12,0.84,0.779,0.061,7.8306
KHC,2024-09-30,2024-10-30,0.75,0.74,0.01,1.3514
KHC,2024-06-30,2024-07-31,0.78,0.74,0.04,5.4054
KHC,2024-03-31,2024-05-01,0.69,0.69,0,0
KHC,2023-12-31,2024-02-14,0.78,0.77,0.01,1.2987
KHC,2023-09-30,2023-11-01,0.72,0.66,0.06,9.0909
KHC,2023-06-30,2023-08-02,0.79,0.76,0.03,3.9474
KHC,2023-03-31,2023-05-03,0.68,0.6,0.08,13.3333
KHC,2022-12-31,2023-02-15,0.85,0.78,0.07,8.9744
KHC,2022-09-30,2022-10-26,0.63,0.56,0.07,12.5
KHC,2022-06-30,2022-07-27,0.7,0.68,0.02,2.9412
KHC,2022-03-31,2022-04-27,0.6,0.53,0.07,13.2075
KHC,2021-12-31,2022-02-16,0.79,0.63,0.16,25.3968
KHC,2021-09-30,2021-10-27,0.65,0.58,0.07,12.069
KHC,2021-06-30,2021-08-04,0.78,0.72,0.06,8.3333
KHC,2021-03-31,2021-04-29,0.72,0.59,0.13,22.0339
KHC,2020-12-31,2021-02-11,0.8,0.74,0.06,8.1081
KHC,2020-09-30,2020-10-29,0.7,0.62,0.08,12.9032
KHC,2020-06-30,2020-07-30,0.8,0.65,0.15,23.0769
KHC,2020-03-31,2020-04-30,0.58,0.55,0.03,5.4545
KHC,2019-12-31,2020-02-13,0.72,0.68,0.04,5.8824
KIM,2025-03-31,2025-05-01,0.18,0.18,0,0
KIM,2024-12-31,2025-02-07,0.23,0.19,0.04,21.0526
KIM,2024-09-30,2024-10-31,0.19,0.18,0.01,5.5556
KIM,2024-06-30,2024-08-01,0.17,0.16,0.01,6.25
KIM,2024-03-31,2024-05-02,-0.03,0.18,-0.21,-116.6667
KIM,2023-12-31,2024-02-08,0.22,0.16,0.06,37.5
KIM,2023-09-30,2023-10-26,0.19,0.16,0.03,18.75
KIM,2023-06-30,2023-07-27,0.16,0.17,-0.01,-5.8824
KIM,2023-03-31,2023-04-27,0.46,0.2,0.26,130
KIM,2022-12-31,2023-02-09,-0.09,0.16,-0.25,-156.25
KIM,2022-09-30,2022-10-27,0.08,0.16,-0.08,-50
KIM,2022-06-30,2022-07-28,-0.21,0.15,-0.36,-240
KIM,2022-03-31,2022-04-28,0.37,0.15,0.22,146.6667
KIM,2021-12-31,2022-02-10,0.13,0.16,-0.03,-18.75
KIM,2021-09-30,2021-11-05,0.91,0.1,0.81,810
KIM,2021-06-30,2021-07-29,0.26,0.12,0.14,116.6667
KIM,2021-03-31,2021-04-29,0.3,0.1,0.2,200
KIM,2020-12-31,2021-02-11,0.45,0.1,0.35,350
KIM,2020-09-30,2020-11-05,-0.09,0.06,-0.15,-250
KIM,2020-06-30,2020-08-07,1.71,0.07,1.64,2342.8571
KIM,2020-03-31,2020-05-08,0.19,0.18,0.01,5.5556
KIM,2019-12-31,2020-01-30,0.22,0.17,0.05,29.4118
KLAC,2025-03-31,2025-04-30,8.41,8.08,0.33,4.0842
KLAC,2024-12-31,2025-01-30,8.2,7.76,0.44,5.6701
KLAC,2024-09-30,2024-10-30,7.33,7.05,0.28,3.9716
KLAC,2024-06-30,2024-07-24,6.6,6.15,0.45,7.3171
KLAC,2024-03-31,2024-04-25,5.26,5.01,0.25,4.99
KLAC,2023-12-31,2024-01-25,6.16,5.91,0.25,4.2301
KLAC,2023-09-30,2023-10-25,5.74,5.41,0.33,6.0998
KLAC,2023-06-30,2023-07-27,5.4,4.85,0.55,11.3402
KLAC,2023-03-31,2023-04-26,5.49,5.32,0.17,3.1955
KLAC,2022-12-31,2023-01-26,7.38,7.1,0.28,3.9437
KLAC,2022-09-30,2022-10-26,7.06,6.21,0.85,13.6876
KLAC,2022-06-30,2022-07-28,5.81,5.5,0.31,5.6364
KLAC,2022-03-31,2022-04-28,5.13,4.82,0.31,6.4315
KLAC,2021-12-31,2022-01-27,5.59,5.45,0.14,2.5688
KLAC,2021-09-30,2021-10-27,4.64,4.52,0.12,2.6549
KLAC,2021-06-30,2021-07-29,4.43,3.99,0.44,11.0276
KLAC,2021-03-31,2021-04-29,3.85,3.62,0.23,6.3536
KLAC,2020-12-31,2021-02-03,3.24,3.19,0.05,1.5674
KLAC,2020-09-30,2020-10-28,3.03,2.77,0.26,9.3863
KLAC,2020-06-30,2020-08-03,2.73,2.41,0.32,13.278
KLAC,2020-03-31,2020-05-05,2.47,2.28,0.19,8.3333
KLAC,2019-12-31,2020-02-04,2.66,2.58,0.08,3.1008
KMI,2025-03-31,2025-04-16,0.34,0.36,-0.02,-5.5556
KMI,2024-12-31,2025-01-22,0.32,0.33,-0.01,-3.0303
KMI,2024-09-30,2024-10-16,0.25,0.26,-0.01,-3.8462
KMI,2024-06-30,2024-07-17,0.25,0.25,0,0
KMI,2024-03-31,2024-04-17,0.34,0.34,0,0
KMI,2023-12-31,2024-01-17,0.28,0.29,-0.01,-3.4483
KMI,2023-09-30,2023-10-18,0.25,0.25,0,0
KMI,2023-06-30,2023-07-19,0.24,0.24,0,0
KMI,2023-03-31,2023-04-19,0.3,0.29,0.01,3.4483
KMI,2022-12-31,2023-01-18,0.34,0.3,0.04,13.3333
KMI,2022-09-30,2022-10-19,0.25,0.28,-0.03,-10.7143
KMI,2022-06-30,2022-07-20,0.28,0.27,0.01,3.7037
KMI,2022-03-31,2022-04-20,0.29,0.29,0,0
KMI,2021-12-31,2022-01-19,0.27,0.26,0.01,3.8462
KMI,2021-09-30,2021-10-20,0.22,0.24,-0.02,-8.3333
KMI,2021-06-30,2021-07-21,0.23,0.2,0.03,15
KMI,2021-03-31,2021-04-21,0.6,0.25,0.35,140
KMI,2020-12-31,2021-01-20,0.27,0.24,0.03,12.5
KMI,2020-09-30,2020-10-21,0.21,0.2,0.01,5
KMI,2020-06-30,2020-07-22,0.17,0.16,0.01,6.25
KMI,2020-03-31,2020-04-22,0.24,0.25,-0.01,-4
KMI,2019-12-31,2020-01-22,0.26,0.27,-0.01,-3.7037
KMX,2025-05-31,2025-06-20,1.38,1.1666,0.2134,18.2925
KMX,2025-02-28,2025-04-10,0.58,0.6616,-0.0816,-12.3337
KMX,2024-11-30,2024-12-19,0.81,0.6077,0.2023,33.2895
KMX,2024-08-31,2024-09-26,0.85,0.86,-0.01,-1.1628
KMX,2024-05-31,2024-06-21,0.97,0.96,0.01,1.0417
KMX,2024-02-29,2024-04-11,0.32,0.49,-0.17,-34.6939
KMX,2023-11-30,2023-12-21,0.52,0.43,0.09,20.9302
KMX,2023-08-31,2023-09-28,0.75,0.78,-0.03,-3.8462
KMX,2023-05-31,2023-06-23,1.16,0.79,0.37,46.8354
KMX,2023-02-28,2023-04-11,0.44,0.24,0.2,83.3333
KMX,2022-11-30,2022-12-22,0.24,0.7,-0.46,-65.7143
KMX,2022-08-31,2022-09-29,0.79,1.39,-0.6,-43.1655
KMX,2022-05-31,2022-06-24,1.56,1.49,0.07,4.698
KMX,2022-02-28,2022-04-12,0.98,1.25,-0.27,-21.6
KMX,2021-11-30,2021-12-22,1.63,1.44,0.19,13.1944
KMX,2021-08-31,2021-09-30,1.72,1.9,-0.18,-9.4737
KMX,2021-05-31,2021-06-25,2.63,1.63,1,61.3497
KMX,2021-02-28,2021-04-01,1.27,1.26,0.01,0.7937
KMX,2020-11-30,2020-12-22,1.42,1.14,0.28,24.5614
KMX,2020-08-31,2020-09-24,1.79,1.08,0.71,65.7407
KMX,2020-05-31,2020-06-19,-0.15,0.04,-0.19,-475
KMX,2020-02-29,2020-04-02,1.3,1.13,0.17,15.0442
KO,2025-03-31,2025-04-29,0.73,0.72,0.01,1.3889
KO,2024-12-31,2025-02-11,0.55,0.52,0.03,5.7692
KO,2024-09-30,2024-10-23,0.77,0.75,0.02,2.6667
KO,2024-06-30,2024-07-23,0.84,0.81,0.03,3.7037
KO,2024-03-31,2024-04-30,0.72,0.7,0.02,2.8571
KO,2023-12-31,2024-02-13,0.49,0.49,0,0
KO,2023-09-30,2023-10-24,0.74,0.69,0.05,7.2464
KO,2023-06-30,2023-07-26,0.78,0.72,0.06,8.3333
KO,2023-03-31,2023-04-24,0.68,0.65,0.03,4.6154
KO,2022-12-31,2023-02-14,0.45,0.45,0,0
KO,2022-09-30,2022-10-25,0.69,0.64,0.05,7.8125
KO,2022-06-30,2022-07-26,0.7,0.67,0.03,4.4776
KO,2022-03-31,2022-04-25,0.64,0.58,0.06,10.3448
KO,2021-12-31,2022-02-10,0.45,0.41,0.04,9.7561
KO,2021-09-30,2021-10-27,0.65,0.58,0.07,12.069
KO,2021-06-30,2021-07-21,0.68,0.56,0.12,21.4286
KO,2021-03-31,2021-04-19,0.55,0.5,0.05,10
KO,2020-12-31,2021-02-10,0.47,0.42,0.05,11.9048
KO,2020-09-30,2020-10-22,0.55,0.46,0.09,19.5652
KO,2020-06-30,2020-07-21,0.42,0.4,0.02,5
KO,2020-03-31,2020-04-21,0.51,0.44,0.07,15.9091
KO,2019-12-31,2020-01-30,0.44,0.44,0,0
KR,2025-04-30,2025-06-20,1.49,1.46,0.03,2.0548
KR,2025-01-31,2025-03-06,1.14,1.11,0.03,2.7027
KR,2024-10-31,2024-12-05,0.98,0.98,0,0
KR,2024-07-31,2024-09-12,0.93,0.91,0.02,2.1978
KR,2024-04-30,2024-06-20,1.43,1.34,0.09,6.7164
KR,2024-01-31,2024-03-07,1.34,1.13,0.21,18.5841
KR,2023-10-31,2023-11-30,0.95,0.9,0.05,5.5556
KR,2023-07-31,2023-09-08,0.96,0.91,0.05,5.4945
KR,2023-04-30,2023-06-15,1.51,1.44,0.07,4.8611
KR,2023-01-31,2023-03-02,0.99,0.9,0.09,10
KR,2022-10-31,2022-12-01,0.88,0.81,0.07,8.642
KR,2022-07-31,2022-09-09,0.9,0.9,0,0
KR,2022-04-30,2022-06-16,1.45,1.45,0,0
KR,2022-01-31,2022-03-03,0.91,0.91,0,0
KR,2021-10-31,2021-12-02,0.78,0.6665,0.1135,17.0293
KR,2021-07-31,2021-09-10,0.8,0.643,0.157,24.4168
KR,2021-04-30,2021-06-17,1.19,1.01,0.18,17.8218
KR,2021-01-31,2021-03-04,0.81,0.6888,0.1212,17.5958
KR,2020-10-31,2020-12-03,0.71,0.6667,0.0433,6.4947
KR,2020-07-31,2020-09-11,0.73,0.54,0.19,35.1852
KR,2020-04-30,2020-06-18,1.22,1.12,0.1,8.9286
KR,2020-01-31,2020-03-05,0.57,0.56,0.01,1.7857
LDOS,2025-03-31,2025-05-06,2.97,2.5,0.47,18.8
LDOS,2024-12-31,2025-02-11,2.37,2.28,0.09,3.9474
LDOS,2024-09-30,2024-10-29,2.93,2.02,0.91,45.0495
LDOS,2024-06-30,2024-07-30,2.63,2.27,0.36,15.859
LDOS,2024-03-31,2024-04-30,2.29,1.7,0.59,34.7059
LDOS,2023-12-31,2024-02-13,1.99,1.74,0.25,14.3678
LDOS,2023-09-30,2023-10-31,2.03,1.67,0.36,21.5569
LDOS,2023-06-30,2023-08-01,1.8,1.57,0.23,14.6497
LDOS,2023-03-31,2023-05-02,1.47,1.59,-0.12,-7.5472
LDOS,2022-12-31,2023-02-14,1.83,1.61,0.22,13.6646
LDOS,2022-09-30,2022-11-01,1.58,1.57,0.01,0.6369
LDOS,2022-06-30,2022-08-02,1.59,1.56,0.03,1.9231
LDOS,2022-03-31,2022-05-03,1.58,1.5,0.08,5.3333
LDOS,2021-12-31,2022-02-15,1.56,1.6,-0.04,-2.5
LDOS,2021-09-30,2021-11-02,1.8,1.62,0.18,11.1111
LDOS,2021-06-30,2021-08-03,1.52,1.58,-0.06,-3.7975
LDOS,2021-03-31,2021-05-04,1.73,1.48,0.25,16.8919
LDOS,2020-12-31,2021-02-23,1.63,1.61,0.02,1.2422
LDOS,2020-09-30,2020-11-02,1.47,1.24,0.23,18.5484
LDOS,2020-06-30,2020-08-04,1.55,1.09,0.46,42.2018
LDOS,2020-03-31,2020-05-05,1.19,1.23,-0.04,-3.252
LDOS,2019-12-31,2020-02-18,1.51,1.35,0.16,11.8519
LH,2025-03-31,2025-04-29,3.84,3.73,0.11,2.9491
LH,2024-12-31,2025-02-06,3.45,3.39,0.06,1.7699
LH,2024-09-30,2024-10-24,3.5,3.49,0.01,0.2865
LH,2024-06-30,2024-08-01,3.94,3.8,0.14,3.6842
LH,2024-03-31,2024-04-25,3.68,3.48,0.2,5.7471
LH,2023-12-31,2024-02-15,3.3,3.26,0.04,1.227
LH,2023-09-30,2023-10-26,3.38,3.33,0.05,1.5015
LH,2023-06-30,2023-07-27,3.8,3.53,0.27,7.6487
LH,2023-03-31,2023-04-25,3.82,3.96,-0.14,-3.5354
LH,2022-12-31,2023-02-16,4.14,4.1,0.04,0.9756
LH,2022-09-30,2022-10-27,4.68,4.67,0.01,0.2141
LH,2022-06-30,2022-07-28,4.95,4.7,0.25,5.3191
LH,2022-03-31,2022-04-28,6.11,5.98,0.13,2.1739
LH,2021-12-31,2022-02-10,6.77,5.8,0.97,16.7241
LH,2021-09-30,2021-10-28,6.82,4.92,1.9,38.6179
LH,2021-06-30,2021-07-29,6.13,5.53,0.6,10.8499
LH,2021-03-31,2021-04-29,8.79,7.43,1.36,18.3042
LH,2020-12-31,2021-02-11,10.56,8.11,2.45,30.2096
LH,2020-09-30,2020-10-27,8.41,5.31,3.1,58.3804
LH,2020-06-30,2020-07-28,2.57,1,1.57,157
LH,2020-03-31,2020-04-29,2.37,1.95,0.42,21.5385
LH,2019-12-31,2020-02-13,2.86,2.8,0.06,2.1429
LHX,2025-03-31,2025-04-24,2.41,2.32,0.09,3.8793
LHX,2024-12-31,2025-01-30,3.47,3.42,0.05,1.462
LHX,2024-09-30,2024-10-24,3.34,3.26,0.08,2.454
LHX,2024-06-30,2024-07-25,3.24,3.18,0.06,1.8868
LHX,2024-03-31,2024-04-25,3.06,2.9,0.16,5.5172
LHX,2023-12-31,2024-01-25,3.35,3.31,0.04,1.2085
LHX,2023-09-30,2023-10-26,3.19,3.03,0.16,5.2805
LHX,2023-06-30,2023-07-26,2.97,2.94,0.03,1.0204
LHX,2023-03-31,2023-04-27,2.86,2.85,0.01,0.3509
LHX,2022-12-31,2023-01-26,3.27,3.26,0.01,0.3067
LHX,2022-09-30,2022-10-27,3.26,3.39,-0.13,-3.8348
LHX,2022-06-30,2022-07-28,3.23,3.18,0.05,1.5723
LHX,2022-03-31,2022-04-28,3.12,3.05,0.07,2.2951
LHX,2021-12-31,2022-01-31,3.3,3.26,0.04,1.227
LHX,2021-09-30,2021-10-29,3.21,3.18,0.03,0.9434
LHX,2021-06-30,2021-08-03,3.26,3.18,0.08,2.5157
LHX,2021-03-31,2021-04-30,3.18,2.94,0.24,8.1633
LHX,2020-12-31,2021-01-29,3.14,3.09,0.05,1.6181
LHX,2020-09-30,2020-10-30,2.84,2.73,0.11,4.0293
LHX,2020-06-30,2020-07-31,2.83,2.61,0.22,8.4291
LHX,2020-03-31,2020-05-05,2.8,2.62,0.18,6.8702
LHX,2019-12-31,2020-02-04,2.85,2.78,0.07,2.518
LIN,2025-03-31,2025-05-01,3.95,3.92,0.03,0.7653
LIN,2024-12-31,2025-02-06,3.97,3.92,0.05,1.2755
LIN,2024-09-30,2024-10-31,3.94,3.91,0.03,0.7673
LIN,2024-06-30,2024-08-02,3.85,3.78,0.07,1.8519
LIN,2024-03-31,2024-05-02,3.75,3.68,0.07,1.9022
LIN,2023-12-31,2024-02-06,3.59,3.49,0.1,2.8653
LIN,2023-09-30,2023-10-26,3.63,3.57,0.06,1.6807
LIN,2023-06-30,2023-07-27,3.57,3.48,0.09,2.5862
LIN,2023-03-31,2023-04-27,3.42,3.13,0.29,9.2652
LIN,2022-12-31,2023-02-07,3.16,2.91,0.25,8.5911
LIN,2022-09-30,2022-10-27,3.1,2.93,0.17,5.802
LIN,2022-06-30,2022-07-28,3.1,2.96,0.14,4.7297
LIN,2022-03-31,2022-04-28,2.93,2.78,0.15,5.3957
LIN,2021-12-31,2022-02-10,2.77,2.67,0.1,3.7453
LIN,2021-09-30,2021-10-28,2.73,2.66,0.07,2.6316
LIN,2021-06-30,2021-07-30,2.7,2.54,0.16,6.2992
LIN,2021-03-31,2021-05-06,2.49,2.26,0.23,10.177
LIN,2020-12-31,2021-02-05,2.3,2.14,0.16,7.4766
LIN,2020-09-30,2020-11-05,2.15,1.97,0.18,9.1371
LIN,2020-06-30,2020-07-30,1.9,1.65,0.25,15.1515
LIN,2020-03-31,2020-05-07,1.89,1.84,0.05,2.7174
LIN,2019-12-31,2020-02-13,1.89,1.84,0.05,2.7174
LKQ,2025-03-31,2025-04-24,0.79,0.8557,-0.0657,-7.6779
LKQ,2024-12-31,2025-02-20,0.8,0.7424,0.0576,7.7586
LKQ,2024-09-30,2024-10-24,0.88,0.89,-0.01,-1.1236
LKQ,2024-06-30,2024-07-25,0.98,1.03,-0.05,-4.8544
LKQ,2024-03-31,2024-04-23,0.82,0.95,-0.13,-13.6842
LKQ,2023-12-31,2024-02-22,0.84,0.76,0.08,10.5263
LKQ,2023-09-30,2023-10-26,0.86,0.96,-0.1,-10.4167
LKQ,2023-06-30,2023-07-27,1.09,1.09,0,0
LKQ,2023-03-31,2023-04-27,1.04,0.95,0.09,9.4737
LKQ,2022-12-31,2023-02-23,0.78,0.86,-0.08,-9.3023
LKQ,2022-09-30,2022-10-27,0.97,0.96,0.01,1.0417
LKQ,2022-06-30,2022-07-28,1.09,1.02,0.07,6.8627
LKQ,2022-03-31,2022-04-28,1,0.92,0.08,8.6957
LKQ,2021-12-31,2022-02-17,0.87,0.77,0.1,12.987
LKQ,2021-09-30,2021-10-28,1.02,0.86,0.16,18.6047
LKQ,2021-06-30,2021-07-29,1.13,0.75,0.38,50.6667
LKQ,2021-03-31,2021-04-29,0.94,0.63,0.31,49.2063
LKQ,2020-12-31,2021-02-18,0.69,0.59,0.1,16.9492
LKQ,2020-09-30,2020-10-29,0.75,0.53,0.22,41.5094
LKQ,2020-06-30,2020-07-30,0.53,0.16,0.37,231.25
LKQ,2020-03-31,2020-04-30,0.57,0.49,0.08,16.3265
LKQ,2019-12-31,2020-02-20,0.54,0.52,0.02,3.8462
LLY,2025-03-31,2025-05-01,3.34,3.54,-0.2,-5.6497
LLY,2024-12-31,2025-02-06,5.32,5.0668,0.2532,4.9972
LLY,2024-09-30,2024-10-30,1.18,1.47,-0.29,-19.7279
LLY,2024-06-30,2024-08-08,3.92,2.6,1.32,50.7692
LLY,2024-03-31,2024-04-30,2.58,2.46,0.12,4.878
LLY,2023-12-31,2024-02-06,2.49,2.22,0.27,12.1622
LLY,2023-09-30,2023-11-02,0.1,-0.13,0.23,176.9231
LLY,2023-06-30,2023-08-08,2.11,1.98,0.13,6.5657
LLY,2023-03-31,2023-04-27,1.62,1.73,-0.11,-6.3584
LLY,2022-12-31,2023-02-02,2.09,1.78,0.31,17.4157
LLY,2022-09-30,2022-11-01,1.98,1.92,0.06,3.125
LLY,2022-06-30,2022-08-04,1.25,1.69,-0.44,-26.0355
LLY,2022-03-31,2022-04-28,2.77,2.32,0.45,19.3966
LLY,2021-12-31,2022-02-03,2.49,2.46,0.03,1.2195
LLY,2021-09-30,2021-10-26,1.94,1.98,-0.04,-2.0202
LLY,2021-06-30,2021-08-03,1.87,1.89,-0.02,-1.0582
LLY,2021-03-31,2021-04-27,1.87,2.13,-0.26,-12.2066
LLY,2020-12-31,2021-01-29,2.75,2.35,0.4,17.0213
LLY,2020-09-30,2020-10-27,1.54,1.71,-0.17,-9.9415
LLY,2020-06-30,2020-07-30,1.89,1.56,0.33,21.1538
LLY,2020-03-31,2020-04-23,1.75,1.48,0.27,18.2432
LLY,2019-12-31,2020-01-30,1.73,1.52,0.21,13.8158
LMT,2025-03-31,2025-04-22,7.28,6.32,0.96,15.1899
LMT,2024-12-31,2025-01-28,7.71,6.62,1.09,16.4653
LMT,2024-09-30,2024-10-22,6.84,6.44,0.4,6.2112
LMT,2024-06-30,2024-07-23,7.11,6.45,0.66,10.2326
LMT,2024-03-31,2024-04-23,6.33,5.83,0.5,8.5763
LMT,2023-12-31,2024-01-23,7.9,7.25,0.65,8.9655
LMT,2023-09-30,2023-10-17,6.77,6.64,0.13,1.9578
LMT,2023-06-30,2023-07-18,6.73,6.45,0.28,4.3411
LMT,2023-03-31,2023-04-18,6.43,6.06,0.37,6.1056
LMT,2022-12-31,2023-01-24,7.79,7.37,0.42,5.6988
LMT,2022-09-30,2022-10-18,6.87,6.72,0.15,2.2321
LMT,2022-06-30,2022-07-19,6.32,6.39,-0.07,-1.0955
LMT,2022-03-31,2022-04-19,6.44,6.18,0.26,4.2071
LMT,2021-12-31,2022-01-25,7.24,7.14,0.1,1.4006
LMT,2021-09-30,2021-10-26,6.93,6.8,0.13,1.9118
LMT,2021-06-30,2021-07-26,6.52,6.52,0,0
LMT,2021-03-31,2021-04-20,6.56,6.31,0.25,3.962
LMT,2020-12-31,2021-01-26,6.38,6.41,-0.03,-0.468
LMT,2020-09-30,2020-10-20,6.25,6.1,0.15,2.459
LMT,2020-06-30,2020-07-21,5.79,5.71,0.08,1.4011
LMT,2020-03-31,2020-04-21,6.08,5.84,0.24,4.1096
LMT,2019-12-31,2020-01-28,5.29,5.04,0.25,4.9603
LNT,2025-03-31,2025-05-08,0.83,0.71,0.12,16.9014
LNT,2024-12-31,2025-02-20,0.7,0.68,0.02,2.9412
LNT,2024-09-30,2024-10-31,1.15,1.1,0.05,4.5455
LNT,2024-06-30,2024-08-01,0.34,0.64,-0.3,-46.875
LNT,2024-03-31,2024-05-02,0.62,0.62,0,0
LNT,2023-12-31,2024-02-15,0.48,0.55,-0.07,-12.7273
LNT,2023-09-30,2023-11-02,1.02,0.93,0.09,9.6774
LNT,2023-06-30,2023-08-03,0.64,0.57,0.07,12.2807
LNT,2023-03-31,2023-05-04,0.65,0.73,-0.08,-10.9589
LNT,2022-12-31,2023-02-23,0.43,0.47,-0.04,-8.5106
LNT,2022-09-30,2022-11-07,0.93,1.01,-0.08,-7.9208
LNT,2022-06-30,2022-08-04,0.63,0.58,0.05,8.6207
LNT,2022-03-31,2022-04-28,0.77,0.72,0.05,6.9444
LNT,2021-12-31,2022-02-17,0.35,0.36,-0.01,-2.7778
LNT,2021-09-30,2021-11-04,1.02,0.96,0.06,6.25
LNT,2021-06-30,2021-08-05,0.57,0.56,0.01,1.7857
LNT,2021-03-31,2021-05-06,0.68,0.68,0,0
LNT,2020-12-31,2021-02-18,0.24,0.23,0.01,4.3478
LNT,2020-09-30,2020-11-02,0.94,0.88,0.06,6.8182
LNT,2020-06-30,2020-08-06,0.54,0.46,0.08,17.3913
LNT,2020-03-31,2020-05-07,0.7,0.54,0.16,29.6296
LNT,2019-12-31,2020-02-20,0.46,0.43,0.03,6.9767
LOW,2025-04-30,2025-05-21,2.92,2.88,0.04,1.3889
LOW,2025-01-31,2025-02-26,1.93,1.84,0.09,4.8913
LOW,2024-10-31,2024-11-19,2.89,2.81,0.08,2.847
LOW,2024-07-31,2024-08-20,4.1,3.97,0.13,3.2746
LOW,2024-04-30,2024-05-21,3.06,2.94,0.12,4.0816
LOW,2024-01-31,2024-02-27,1.77,1.68,0.09,5.3571
LOW,2023-10-31,2023-11-21,3.06,3.03,0.03,0.9901
LOW,2023-07-31,2023-08-22,4.56,4.49,0.07,1.559
LOW,2023-04-30,2023-05-23,3.67,3.44,0.23,6.686
LOW,2023-01-31,2023-03-01,2.28,2.21,0.07,3.1674
LOW,2022-10-31,2022-11-16,3.27,3.1,0.17,5.4839
LOW,2022-07-31,2022-08-17,4.67,4.58,0.09,1.9651
LOW,2022-04-30,2022-05-18,3.51,3.22,0.29,9.0062
LOW,2022-01-31,2022-02-23,1.78,1.71,0.07,4.0936
LOW,2021-10-31,2021-11-17,2.73,2.36,0.37,15.678
LOW,2021-07-31,2021-08-18,4.25,4.01,0.24,5.985
LOW,2021-04-30,2021-05-19,3.21,2.62,0.59,22.5191
LOW,2021-01-31,2021-02-24,1.33,1.21,0.12,9.9174
LOW,2020-10-31,2020-11-18,1.98,1.99,-0.01,-0.5025
LOW,2020-07-31,2020-08-19,3.75,2.95,0.8,27.1186
LOW,2020-04-30,2020-05-20,1.77,1.32,0.45,34.0909
LOW,2020-01-31,2020-02-26,0.94,0.91,0.03,3.2967
LRCX,2025-03-31,2025-04-23,1.04,1,0.04,4
LRCX,2024-12-31,2025-01-29,0.91,0.88,0.03,3.4091
LRCX,2024-09-30,2024-10-23,0.86,0.81,0.05,6.1728
LRCX,2024-06-30,2024-07-31,8.14,7.58,0.56,7.3879
LRCX,2024-03-31,2024-04-24,7.79,7.3,0.49,6.7123
LRCX,2023-12-31,2024-01-24,7.52,7.1,0.42,5.9155
LRCX,2023-09-30,2023-10-18,6.85,6.12,0.73,11.9281
LRCX,2023-06-30,2023-07-26,5.98,5.07,0.91,17.9487
LRCX,2023-03-31,2023-04-19,6.99,6.54,0.45,6.8807
LRCX,2022-12-31,2023-01-25,10.71,9.96,0.75,7.5301
LRCX,2022-09-30,2022-10-19,10.42,9.54,0.88,9.2243
LRCX,2022-06-30,2022-07-27,8.83,7.32,1.51,20.6284
LRCX,2022-03-31,2022-04-20,7.4,7.51,-0.11,-1.4647
LRCX,2021-12-31,2022-01-26,8.53,8.51,0.02,0.235
LRCX,2021-09-30,2021-10-20,8.36,8.21,0.15,1.827
LRCX,2021-06-30,2021-07-28,8.09,7.55,0.54,7.1523
LRCX,2021-03-31,2021-04-21,7.49,6.62,0.87,13.142
LRCX,2020-12-31,2021-01-27,6.03,5.72,0.31,5.4196
LRCX,2020-09-30,2020-10-21,5.67,5.2,0.47,9.0385
LRCX,2020-06-30,2020-07-29,4.78,4.05,0.73,18.0247
LRCX,2020-03-31,2020-04-22,3.98,3.98,0,0
LRCX,2019-12-31,2020-01-29,4.01,3.85,0.16,4.1558
LUV,2025-03-31,2025-04-23,-0.13,-0.19,0.06,31.5789
LUV,2024-12-31,2025-01-30,0.56,0.46,0.1,21.7391
LUV,2024-09-30,2024-10-24,0.15,0.04,0.11,275
LUV,2024-06-30,2024-07-25,0.58,0.51,0.07,13.7255
LUV,2024-03-31,2024-04-25,-0.36,-0.34,-0.02,-5.8824
LUV,2023-12-31,2024-01-25,0.37,0.13,0.24,184.6154
LUV,2023-09-30,2023-10-26,0.38,0.39,-0.01,-2.5641
LUV,2023-06-30,2023-07-27,1.09,1.1,-0.01,-0.9091
LUV,2023-03-31,2023-04-27,-0.27,-0.23,-0.04,-17.3913
LUV,2022-12-31,2023-01-26,-0.38,-0.11,-0.27,-245.4545
LUV,2022-09-30,2022-10-27,0.5,0.42,0.08,19.0476
LUV,2022-06-30,2022-07-28,1.3,1.18,0.12,10.1695
LUV,2022-03-31,2022-04-28,-0.32,-0.3,-0.02,-6.6667
LUV,2021-12-31,2022-01-27,0.14,0.07,0.07,100
LUV,2021-09-30,2021-10-21,-0.23,-0.27,0.04,14.8148
LUV,2021-06-30,2021-07-22,-0.35,-0.23,-0.12,-52.1739
LUV,2021-03-31,2021-04-22,-1.72,-1.85,0.13,7.027
LUV,2020-12-31,2021-01-28,-1.29,-1.68,0.39,23.2143
LUV,2020-09-30,2020-10-22,-1.99,-2.24,0.25,11.1607
LUV,2020-06-30,2020-07-23,-2.67,-2.75,0.08,2.9091
LUV,2020-03-31,2020-04-28,-0.15,-0.32,0.17,53.125
LUV,2019-12-31,2020-01-23,0.98,1.09,-0.11,-10.0917
LVS,2025-03-31,2025-04-23,0.59,0.57,0.02,3.5088
LVS,2024-12-31,2025-01-29,0.54,0.58,-0.04,-6.8966
LVS,2024-09-30,2024-10-23,0.44,0.53,-0.09,-16.9811
LVS,2024-06-30,2024-07-24,0.55,0.56,-0.01,-1.7857
LVS,2024-03-31,2024-04-17,0.75,0.62,0.13,20.9677
LVS,2023-12-31,2024-01-24,0.57,0.61,-0.04,-6.5574
LVS,2023-09-30,2023-10-18,0.55,0.54,0.01,1.8519
LVS,2023-06-30,2023-07-19,0.46,0.43,0.03,6.9767
LVS,2023-03-31,2023-04-19,0.28,0.2,0.08,40
LVS,2022-12-31,2023-01-25,-0.19,-0.09,-0.1,-111.1111
LVS,2022-09-30,2022-10-19,-0.27,-0.24,-0.03,-12.5
LVS,2022-06-30,2022-07-20,-0.34,-0.29,-0.05,-17.2414
LVS,2022-03-31,2022-04-27,-0.4,-0.23,-0.17,-73.913
LVS,2021-12-31,2022-01-26,-0.22,-0.24,0.02,8.3333
LVS,2021-09-30,2021-10-20,-0.45,-0.2,-0.25,-125
LVS,2021-06-30,2021-07-21,-0.26,-0.17,-0.09,-52.9412
LVS,2021-03-31,2021-04-21,-0.25,-0.26,0.01,3.8462
LVS,2020-12-31,2021-01-27,-0.37,-0.32,-0.05,-15.625
LVS,2020-09-30,2020-10-21,-0.67,-0.73,0.06,8.2192
LVS,2020-06-30,2020-07-22,-1.05,-0.74,-0.31,-41.8919
LVS,2020-03-31,2020-04-22,-0.03,0.08,-0.11,-137.5
LVS,2019-12-31,2020-01-29,0.88,0.78,0.1,12.8205
LYB,2025-03-31,2025-04-25,0.33,0.43,-0.1,-23.2558
LYB,2024-12-31,2025-01-31,0.75,0.7,0.05,7.1429
LYB,2024-09-30,2024-11-01,1.88,1.96,-0.08,-4.0816
LYB,2024-06-30,2024-08-02,2.24,2.23,0.01,0.4484
LYB,2024-03-31,2024-04-26,1.53,1.37,0.16,11.6788
LYB,2023-12-31,2024-02-02,1.39,1.31,0.08,6.1069
LYB,2023-09-30,2023-10-27,2.46,2.03,0.43,21.1823
LYB,2023-06-30,2023-08-04,2.44,2.28,0.16,7.0175
LYB,2023-03-31,2023-04-28,2.51,1.74,0.77,44.2529
LYB,2022-12-31,2023-02-03,1.29,1.22,0.07,5.7377
LYB,2022-09-30,2022-10-28,1.96,2.84,-0.88,-30.9859
LYB,2022-06-30,2022-07-29,5.19,4.67,0.52,11.1349
LYB,2022-03-31,2022-04-29,4,3.53,0.47,13.3144
LYB,2021-12-31,2022-01-28,3.63,3.97,-0.34,-8.5642
LYB,2021-09-30,2021-10-29,5.25,5.75,-0.5,-8.6957
LYB,2021-06-30,2021-07-30,6.13,5.57,0.56,10.0539
LYB,2021-03-31,2021-04-30,3.18,2.59,0.59,22.7799
LYB,2020-12-31,2021-01-29,2.19,1.36,0.83,61.0294
LYB,2020-09-30,2020-10-30,1.27,1.12,0.15,13.3929
LYB,2020-06-30,2020-07-31,0.71,0.65,0.06,9.2308
LYB,2020-03-31,2020-05-01,1.51,1.56,-0.05,-3.2051
LYB,2019-12-31,2020-01-31,1.92,2.26,-0.34,-15.0442
LYV,2025-03-31,2025-05-01,0.0937,0.1269,-0.0332,-26.1623
LYV,2024-12-31,2025-02-20,1.3903,-1.05,2.4403,232.4095
LYV,2024-09-30,2024-11-11,1.66,1.61,0.05,3.1056
LYV,2024-06-30,2024-07-30,1.03,1.07,-0.04,-3.7383
LYV,2024-03-31,2024-05-02,-0.53,-0.19,-0.34,-178.9474
LYV,2023-12-31,2024-02-22,-1.25,-1.04,-0.21,-20.1923
LYV,2023-09-30,2023-11-02,1.78,1.27,0.51,40.1575
LYV,2023-06-30,2023-07-27,1.02,0.63,0.39,61.9048
LYV,2023-03-31,2023-05-04,-0.25,-0.42,0.17,40.4762
LYV,2022-12-31,2023-02-23,-0.87,-0.92,0.05,5.4348
LYV,2022-09-30,2022-11-03,1.39,1.03,0.36,34.9515
LYV,2022-06-30,2022-08-04,0.66,0.51,0.15,29.4118
LYV,2022-03-31,2022-05-05,-0.39,-0.79,0.4,50.6329
LYV,2021-12-31,2022-02-23,-0.86,-0.54,-0.32,-59.2593
LYV,2021-09-30,2021-11-04,0.19,-0.05,0.24,480
LYV,2021-06-30,2021-08-03,-0.9,-1.18,0.28,23.7288
LYV,2021-03-31,2021-05-06,-1.44,-1.55,0.11,7.0968
LYV,2020-12-31,2021-02-25,-2.04,-2.3,0.26,11.3043
LYV,2020-09-30,2020-11-05,-2.45,-2.2,-0.25,-11.3636
LYV,2020-06-30,2020-08-05,-2.67,-2.08,-0.59,-28.3654
LYV,2020-03-31,2020-05-07,-0.94,-0.97,0.03,3.0928
LYV,2019-12-31,2020-02-27,-0.88,-0.71,-0.17,-23.9437
MA,2025-03-31,2025-05-01,3.73,3.56,0.17,4.7753
MA,2024-12-31,2025-01-30,3.82,3.69,0.13,3.523
MA,2024-09-30,2024-10-31,3.89,3.75,0.14,3.7333
MA,2024-06-30,2024-07-31,3.59,3.51,0.08,2.2792
MA,2024-03-31,2024-05-01,3.31,3.24,0.07,2.1605
MA,2023-12-31,2024-01-31,3.18,3.08,0.1,3.2468
MA,2023-09-30,2023-10-26,3.39,3.21,0.18,5.6075
MA,2023-06-30,2023-07-27,2.89,2.83,0.06,2.1201
MA,2023-03-31,2023-04-27,2.8,2.71,0.09,3.321
MA,2022-12-31,2023-01-26,2.65,2.58,0.07,2.7132
MA,2022-09-30,2022-10-27,2.68,2.57,0.11,4.2802
MA,2022-06-30,2022-07-28,2.56,2.36,0.2,8.4746
MA,2022-03-31,2022-04-28,2.76,2.16,0.6,27.7778
MA,2021-12-31,2022-01-27,2.35,2.21,0.14,6.3348
MA,2021-09-30,2021-10-28,2.37,2.19,0.18,8.2192
MA,2021-06-30,2021-07-29,1.95,1.75,0.2,11.4286
MA,2021-03-31,2021-04-29,1.74,1.56,0.18,11.5385
MA,2020-12-31,2021-01-28,1.64,1.52,0.12,7.8947
MA,2020-09-30,2020-10-28,1.6,1.66,-0.06,-3.6145
MA,2020-06-30,2020-07-30,1.36,1.18,0.18,15.2542
MA,2020-03-31,2020-04-29,1.83,1.74,0.09,5.1724
MA,2019-12-31,2020-01-29,1.96,1.87,0.09,4.8128
MCD,2025-03-31,2025-05-01,2.67,2.67,0,0
MCD,2024-12-31,2025-02-10,2.83,2.86,-0.03,-1.049
MCD,2024-09-30,2024-10-29,3.23,3.2,0.03,0.9375
MCD,2024-06-30,2024-07-29,2.97,3.07,-0.1,-3.2573
MCD,2024-03-31,2024-04-30,2.7,2.73,-0.03,-1.0989
MCD,2023-12-31,2024-02-05,2.95,2.83,0.12,4.2403
MCD,2023-09-30,2023-10-30,3.19,2.99,0.2,6.689
MCD,2023-06-30,2023-07-27,3.17,2.79,0.38,13.6201
MCD,2023-03-31,2023-04-25,2.63,2.34,0.29,12.3932
MCD,2022-12-31,2023-01-31,2.59,2.46,0.13,5.2846
MCD,2022-09-30,2022-10-27,2.68,2.58,0.1,3.876
MCD,2022-06-30,2022-07-26,2.55,2.47,0.08,3.2389
MCD,2022-03-31,2022-04-28,2.28,2.18,0.1,4.5872
MCD,2021-12-31,2022-01-27,2.23,2.34,-0.11,-4.7009
MCD,2021-09-30,2021-10-27,2.76,2.47,0.29,11.7409
MCD,2021-06-30,2021-07-28,2.37,2.12,0.25,11.7925
MCD,2021-03-31,2021-04-29,1.92,1.82,0.1,5.4945
MCD,2020-12-31,2021-01-28,1.7,1.78,-0.08,-4.4944
MCD,2020-09-30,2020-11-09,2.22,1.9,0.32,16.8421
MCD,2020-06-30,2020-07-28,0.66,0.75,-0.09,-12
MCD,2020-03-31,2020-04-30,1.47,1.54,-0.07,-4.5455
MCD,2019-12-31,2020-01-29,1.97,1.97,0,0
MCHP,2025-03-31,2025-05-08,0.11,0.1,0.01,10
MCHP,2024-12-31,2025-02-06,0.2,0.28,-0.08,-28.5714
MCHP,2024-09-30,2024-11-05,0.46,0.43,0.03,6.9767
MCHP,2024-06-30,2024-08-01,0.53,0.52,0.01,1.9231
MCHP,2024-03-31,2024-05-06,0.57,0.57,0,0
MCHP,2023-12-31,2024-02-01,1.08,1.04,0.04,3.8462
MCHP,2023-09-30,2023-11-02,1.62,1.62,0,0
MCHP,2023-06-30,2023-08-03,1.64,1.64,0,0
MCHP,2023-03-31,2023-05-04,1.64,1.62,0.02,1.2346
MCHP,2022-12-31,2023-02-02,1.56,1.55,0.01,0.6452
MCHP,2022-09-30,2022-11-03,1.46,1.44,0.02,1.3889
MCHP,2022-06-30,2022-08-02,1.37,1.34,0.03,2.2388
MCHP,2022-03-31,2022-05-09,1.35,1.25,0.1,8
MCHP,2021-12-31,2022-02-03,1.2,1.17,0.03,2.5641
MCHP,2021-09-30,2021-11-04,1.07,1.06,0.01,0.9434
MCHP,2021-06-30,2021-08-03,0.99,0.95,0.04,4.2105
MCHP,2021-03-31,2021-05-06,0.93,0.87,0.06,6.8966
MCHP,2020-12-31,2021-02-04,0.81,0.79,0.02,2.5316
MCHP,2020-09-30,2020-11-05,0.78,0.71,0.07,9.8592
MCHP,2020-06-30,2020-08-04,0.78,0.72,0.06,8.3333
MCHP,2020-03-31,2020-05-07,0.73,0.68,0.05,7.3529
MCHP,2019-12-31,2020-02-04,0.66,0.63,0.03,4.7619
MCK,2025-03-31,2025-05-08,10.12,9.83,0.29,2.9502
MCK,2024-12-31,2025-02-05,8.03,7.99,0.04,0.5006
MCK,2024-09-30,2024-11-06,7.07,6.87,0.2,2.9112
MCK,2024-06-30,2024-08-07,7.88,7.21,0.67,9.2926
MCK,2024-03-31,2024-05-07,6.18,6.34,-0.16,-2.5237
MCK,2023-12-31,2024-02-07,7.74,7.05,0.69,9.7872
MCK,2023-09-30,2023-11-01,6.23,6.15,0.08,1.3008
MCK,2023-06-30,2023-08-02,7.27,5.87,1.4,23.8501
MCK,2023-03-31,2023-05-08,7.19,7.17,0.02,0.2789
MCK,2022-12-31,2023-02-01,6.9,6.35,0.55,8.6614
MCK,2022-09-30,2022-11-01,6.06,6.09,-0.03,-0.4926
MCK,2022-06-30,2022-08-03,5.83,5.28,0.55,10.4167
MCK,2022-03-31,2022-05-05,5.83,6.04,-0.21,-3.4768
MCK,2021-12-31,2022-02-02,6.15,5.42,0.73,13.4686
MCK,2021-09-30,2021-11-01,6.15,4.66,1.49,31.9742
MCK,2021-06-30,2021-08-04,5.56,4.15,1.41,33.9759
MCK,2021-03-31,2021-05-06,5.05,5.04,0.01,0.1984
MCK,2020-12-31,2021-02-02,4.6,4.13,0.47,11.3801
MCK,2020-09-30,2020-11-03,4.8,3.88,0.92,23.7113
MCK,2020-06-30,2020-08-03,2.77,2.32,0.45,19.3966
MCK,2020-03-31,2020-05-20,4.27,4.1,0.17,4.1463
MCK,2019-12-31,2020-02-04,3.81,3.56,0.25,7.0225
MCO,2025-03-31,2025-04-22,3.83,3.5388,0.2912,8.2288
MCO,2024-12-31,2025-02-13,2.62,2.5793,0.0407,1.5779
MCO,2024-09-30,2024-10-22,3.21,2.86,0.35,12.2378
MCO,2024-06-30,2024-07-23,3.28,3.02,0.26,8.6093
MCO,2024-03-31,2024-05-02,3.37,3.04,0.33,10.8553
MCO,2023-12-31,2024-02-13,2.19,2.32,-0.13,-5.6034
MCO,2023-09-30,2023-10-25,2.43,2.3,0.13,5.6522
MCO,2023-06-30,2023-07-25,2.3,2.24,0.06,2.6786
MCO,2023-03-31,2023-04-25,2.99,2.2,0.79,35.9091
MCO,2022-12-31,2023-01-31,1.6,1.44,0.16,11.1111
MCO,2022-09-30,2022-10-25,1.85,2.06,-0.21,-10.1942
MCO,2022-06-30,2022-07-26,2.22,2.3,-0.08,-3.4783
MCO,2022-03-31,2022-05-02,2.89,2.9,-0.01,-0.3448
MCO,2021-12-31,2022-02-10,2.33,2.39,-0.06,-2.5105
MCO,2021-09-30,2021-10-28,2.69,2.54,0.15,5.9055
MCO,2021-06-30,2021-07-28,3.22,2.78,0.44,15.8273
MCO,2021-03-31,2021-04-28,4.06,2.82,1.24,43.9716
MCO,2020-12-31,2021-02-12,1.91,1.97,-0.06,-3.0457
MCO,2020-09-30,2020-10-29,2.69,2.1,0.59,28.0952
MCO,2020-06-30,2020-07-30,2.81,2.23,0.58,26.009
MCO,2020-03-31,2020-04-30,2.73,2.22,0.51,22.973
MCO,2019-12-31,2020-02-12,2,1.93,0.07,3.6269
MDLZ,2025-03-31,2025-04-29,0.74,0.66,0.08,12.1212
MDLZ,2024-12-31,2025-02-04,0.65,0.65,0,0
MDLZ,2024-09-30,2024-10-29,0.99,0.85,0.14,16.4706
MDLZ,2024-06-30,2024-07-30,0.86,0.79,0.07,8.8608
MDLZ,2024-03-31,2024-04-30,0.95,0.89,0.06,6.7416
MDLZ,2023-12-31,2024-01-30,0.84,0.78,0.06,7.6923
MDLZ,2023-09-30,2023-11-01,0.82,0.79,0.03,3.7975
MDLZ,2023-06-30,2023-07-27,0.76,0.69,0.07,10.1449
MDLZ,2023-03-31,2023-04-27,0.89,0.8,0.09,11.25
MDLZ,2022-12-31,2023-01-31,0.73,0.7,0.03,4.2857
MDLZ,2022-09-30,2022-11-01,0.74,0.69,0.05,7.2464
MDLZ,2022-06-30,2022-07-26,0.67,0.64,0.03,4.6875
MDLZ,2022-03-31,2022-04-26,0.84,0.74,0.1,13.5135
MDLZ,2021-12-31,2022-01-27,0.72,0.72,0,0
MDLZ,2021-09-30,2021-11-02,0.7,0.7,0,0
MDLZ,2021-06-30,2021-07-27,0.66,0.65,0.01,1.5385
MDLZ,2021-03-31,2021-04-27,0.77,0.69,0.08,11.5942
MDLZ,2020-12-31,2021-01-28,0.67,0.66,0.01,1.5152
MDLZ,2020-09-30,2020-11-02,0.63,0.62,0.01,1.6129
MDLZ,2020-06-30,2020-07-28,0.63,0.56,0.07,12.5
MDLZ,2020-03-31,2020-04-28,0.69,0.66,0.03,4.5455
MDLZ,2019-12-31,2020-01-29,0.61,0.6,0.01,1.6667
MDT,2025-04-30,2025-05-21,1.62,1.58,0.04,2.5316
MDT,2025-01-31,2025-02-18,1.39,1.36,0.03,2.2059
MDT,2024-10-31,2024-11-19,1.26,1.25,0.01,0.8
MDT,2024-07-31,2024-08-20,1.23,1.2,0.03,2.5
MDT,2024-04-30,2024-05-23,1.46,1.45,0.01,0.6897
MDT,2024-01-31,2024-02-20,1.3,1.26,0.04,3.1746
MDT,2023-10-31,2023-11-21,1.25,1.18,0.07,5.9322
MDT,2023-07-31,2023-08-22,1.2,1.11,0.09,8.1081
MDT,2023-04-30,2023-05-25,1.57,1.56,0.01,0.641
MDT,2023-01-31,2023-02-21,1.3,1.27,0.03,2.3622
MDT,2022-10-31,2022-11-22,1.3,1.28,0.02,1.5625
MDT,2022-07-31,2022-08-23,1.13,1.12,0.01,0.8929
MDT,2022-04-30,2022-05-26,1.52,1.56,-0.04,-2.5641
MDT,2022-01-31,2022-02-22,1.37,1.36,0.01,0.7353
MDT,2021-10-31,2021-11-23,1.32,1.29,0.03,2.3256
MDT,2021-07-31,2021-08-24,1.41,1.32,0.09,6.8182
MDT,2021-04-30,2021-05-27,1.5,1.42,0.08,5.6338
MDT,2021-01-31,2021-02-23,1.29,1.15,0.14,12.1739
MDT,2020-10-31,2020-11-24,1.02,0.8,0.22,27.5
MDT,2020-07-31,2020-08-25,0.62,0.18,0.44,244.4444
MDT,2020-04-30,2020-05-21,0.58,0.68,-0.1,-14.7059
MDT,2020-01-31,2020-02-18,1.44,1.38,0.06,4.3478
META,2025-03-31,2025-04-30,6.43,5.22,1.21,23.1801
META,2024-12-31,2025-01-29,8.02,6.68,1.34,20.0599
META,2024-09-30,2024-10-30,6.03,5.29,0.74,13.9887
META,2024-06-30,2024-07-31,5.16,4.76,0.4,8.4034
META,2024-03-31,2024-04-24,4.71,4.32,0.39,9.0278
META,2023-12-31,2024-02-01,5.33,4.96,0.37,7.4597
META,2023-09-30,2023-10-25,4.39,3.63,0.76,20.9366
META,2023-06-30,2023-07-26,2.98,2.91,0.07,2.4055
META,2023-03-31,2023-04-26,2.2,1.98,0.22,11.1111
META,2022-12-31,2023-02-01,1.76,2.24,-0.48,-21.4286
META,2022-09-30,2022-10-26,1.64,1.86,-0.22,-11.828
META,2022-06-30,2022-07-27,2.46,2.55,-0.09,-3.5294
META,2022-03-31,2022-04-27,2.72,2.55,0.17,6.6667
META,2021-12-31,2022-02-02,3.67,3.83,-0.16,-4.1775
META,2021-09-30,2021-10-25,3.22,3.17,0.05,1.5773
META,2021-06-30,2021-07-28,3.61,3.01,0.6,19.9336
META,2021-03-31,2021-04-28,3.3,2.35,0.95,40.4255
META,2020-12-31,2021-01-27,3.88,3.2,0.68,21.25
META,2020-09-30,2020-10-29,2.71,1.91,0.8,41.8848
META,2020-06-30,2020-07-30,1.8,1.4,0.4,28.5714
META,2020-03-31,2020-04-29,1.71,1.7,0.01,0.5882
META,2019-12-31,2020-01-29,2.56,2.53,0.03,1.1858
MGM,2025-03-31,2025-04-30,0.69,0.46,0.23,50
MGM,2024-12-31,2025-02-12,0.45,0.34,0.11,32.3529
MGM,2024-09-30,2024-10-30,0.54,0.61,-0.07,-11.4754
MGM,2024-06-30,2024-07-31,0.86,0.62,0.24,38.7097
MGM,2024-03-31,2024-05-01,0.74,0.56,0.18,32.1429
MGM,2023-12-31,2024-02-13,1.06,0.71,0.35,49.2958
MGM,2023-09-30,2023-11-08,0.64,0.49,0.15,30.6122
MGM,2023-06-30,2023-08-02,0.59,0.54,0.05,9.2593
MGM,2023-03-31,2023-05-01,0.44,0.1,0.34,340
MGM,2022-12-31,2023-02-08,-1.53,-1.36,-0.17,-12.5
MGM,2022-09-30,2022-11-02,-1.39,0.24,-1.63,-679.1667
MGM,2022-06-30,2022-08-03,0.03,0.23,-0.2,-86.9565
MGM,2022-03-31,2022-05-02,0.01,-0.09,0.1,111.1111
MGM,2021-12-31,2022-02-09,0.12,0.02,0.1,500
MGM,2021-09-30,2021-11-03,0.03,-0.01,0.04,400
MGM,2021-06-30,2021-08-04,-0.13,-0.3,0.17,56.6667
MGM,2021-03-31,2021-04-28,-0.69,-0.85,0.16,18.8235
MGM,2020-12-31,2021-02-10,-0.92,-0.91,-0.01,-1.0989
MGM,2020-09-30,2020-10-29,-1.08,-1.04,-0.04,-3.8462
MGM,2020-06-30,2020-07-30,-1.67,-1.7,0.03,1.7647
MGM,2020-03-31,2020-04-30,-0.47,-0.32,-0.15,-46.875
MGM,2019-12-31,2020-02-12,0.08,0.26,-0.18,-69.2308
MLM,2025-03-31,2025-04-30,1.9273,1.83,0.0973,5.3169
MLM,2024-12-31,2025-02-12,4.8097,4.5586,0.2511,5.5083
MLM,2024-09-30,2024-10-30,5.91,6.28,-0.37,-5.8917
MLM,2024-06-30,2024-08-08,4.76,5.36,-0.6,-11.194
MLM,2024-03-31,2024-04-30,1.93,1.83,0.1,5.4645
MLM,2023-12-31,2024-02-14,4.63,3.99,0.64,16.0401
MLM,2023-09-30,2023-11-01,6.94,6.06,0.88,14.5215
MLM,2023-06-30,2023-07-27,5.6,4.86,0.74,15.2263
MLM,2023-03-31,2023-05-04,2.16,0.98,1.18,120.4082
MLM,2022-12-31,2023-02-15,3.04,3.07,-0.03,-0.9772
MLM,2022-09-30,2022-11-02,4.69,4.63,0.06,1.2959
MLM,2022-06-30,2022-07-28,3.96,3.74,0.22,5.8824
MLM,2022-03-31,2022-05-03,0.41,0.67,-0.26,-38.806
MLM,2021-12-31,2022-02-10,3.15,2.91,0.24,8.2474
MLM,2021-09-30,2021-11-02,4.25,4.24,0.01,0.2358
MLM,2021-06-30,2021-07-29,3.81,3.84,-0.03,-0.7812
MLM,2021-03-31,2021-05-04,1.04,0.5,0.54,108
MLM,2020-12-31,2021-02-09,2.93,2.3,0.63,27.3913
MLM,2020-09-30,2020-10-29,3.85,3.76,0.09,2.3936
MLM,2020-06-30,2020-07-28,3.49,3.02,0.47,15.5629
MLM,2020-03-31,2020-05-05,0.41,0.49,-0.08,-16.3265
MLM,2019-12-31,2020-02-11,2.09,2.19,-0.1,-4.5662
MNST,2025-03-31,2025-05-08,0.45,0.43,0.02,4.6512
MNST,2024-12-31,2025-02-27,0.28,0.4093,-0.1293,-31.5905
MNST,2024-09-30,2024-11-07,0.38,0.43,-0.05,-11.6279
MNST,2024-06-30,2024-08-07,0.41,0.45,-0.04,-8.8889
MNST,2024-03-31,2024-05-02,0.42,0.43,-0.01,-2.3256
MNST,2023-12-31,2024-02-28,0.38,0.38,0,0
MNST,2023-09-30,2023-11-02,0.43,0.4,0.03,7.5
MNST,2023-06-30,2023-08-03,0.39,0.39,0,0
MNST,2023-03-31,2023-05-04,0.38,0.34,0.04,11.7647
MNST,2022-12-31,2023-02-28,0.57,0.63,-0.06,-9.5238
MNST,2022-09-30,2022-11-03,0.6,0.59,0.01,1.6949
MNST,2022-06-30,2022-08-04,0.51,0.7,-0.19,-27.1429
MNST,2022-03-31,2022-05-05,0.55,0.61,-0.06,-9.8361
MNST,2021-12-31,2022-02-24,0.6,0.61,-0.01,-1.6393
MNST,2021-09-30,2021-11-04,0.63,0.67,-0.04,-5.9701
MNST,2021-06-30,2021-08-05,0.75,0.68,0.07,10.2941
MNST,2021-03-31,2021-05-06,0.59,0.61,-0.02,-3.2787
MNST,2020-12-31,2021-02-25,0.88,0.57,0.31,54.386
MNST,2020-09-30,2020-11-05,0.67,0.63,0.04,6.3492
MNST,2020-06-30,2020-08-04,0.59,0.49,0.1,20.4082
MNST,2020-03-31,2020-05-07,0.54,0.48,0.06,12.5
MNST,2019-12-31,2020-02-27,0.49,0.47,0.02,4.2553
MOS,2025-03-31,2025-05-06,0.49,0.4452,0.0448,10.0629
MOS,2024-12-31,2025-02-27,0.45,0.6093,-0.1593,-26.1448
MOS,2024-09-30,2024-11-12,0.3826,0.54,-0.1574,-29.1481
MOS,2024-06-30,2024-08-06,0.54,0.66,-0.12,-18.1818
MOS,2024-03-31,2024-05-01,0.65,0.66,-0.01,-1.5152
MOS,2023-12-31,2024-02-21,0.71,0.86,-0.15,-17.4419
MOS,2023-09-30,2023-11-07,0.68,0.75,-0.07,-9.3333
MOS,2023-06-30,2023-08-01,1.04,1.12,-0.08,-7.1429
MOS,2023-03-31,2023-05-03,1.14,1.29,-0.15,-11.6279
MOS,2022-12-31,2023-02-22,1.74,2.26,-0.52,-23.0088
MOS,2022-09-30,2022-11-07,3.22,3.4,-0.18,-5.2941
MOS,2022-06-30,2022-08-01,3.64,4.04,-0.4,-9.901
MOS,2022-03-31,2022-05-02,2.41,2.4,0.01,0.4167
MOS,2021-12-31,2022-02-22,1.95,1.98,-0.03,-1.5152
MOS,2021-09-30,2021-11-01,1.35,1.56,-0.21,-13.4615
MOS,2021-06-30,2021-08-02,1.17,0.98,0.19,19.3878
MOS,2021-03-31,2021-05-03,0.57,0.52,0.05,9.6154
MOS,2020-12-31,2021-02-17,0.57,0.2,0.37,185
MOS,2020-09-30,2020-11-02,0.23,0.17,0.06,35.2941
MOS,2020-06-30,2020-08-03,0.11,-0.01,0.12,1200
MOS,2020-03-31,2020-05-04,-0.06,-0.08,0.02,25
MOS,2019-12-31,2020-02-19,-0.29,-0.05,-0.24,-480
MPC,2025-03-31,2025-05-06,-0.24,-0.54,0.3,55.5556
MPC,2024-12-31,2025-02-04,0.77,0.02,0.75,3750
MPC,2024-09-30,2024-11-05,1.87,1.28,0.59,46.0938
MPC,2024-06-30,2024-08-06,4.12,3.09,1.03,33.3333
MPC,2024-03-31,2024-04-30,2.58,2.58,0,0
MPC,2023-12-31,2024-01-30,3.98,2.22,1.76,79.2793
MPC,2023-09-30,2023-10-31,8.14,7.75,0.39,5.0323
MPC,2023-06-30,2023-08-01,5.32,4.59,0.73,15.9041
MPC,2023-03-31,2023-05-02,6.09,5.6,0.49,8.75
MPC,2022-12-31,2023-01-31,6.65,5.63,1.02,18.1172
MPC,2022-09-30,2022-11-01,7.81,7.02,0.79,11.2536
MPC,2022-06-30,2022-08-02,10.61,8.5,2.11,24.8235
MPC,2022-03-31,2022-05-03,1.45,1.28,0.17,13.2813
MPC,2021-12-31,2022-02-02,1.3,0.56,0.74,132.1429
MPC,2021-09-30,2021-11-02,0.73,0.7,0.03,4.2857
MPC,2021-06-30,2021-08-04,0.67,0.38,0.29,76.3158
MPC,2021-03-31,2021-05-04,-0.2,-0.71,0.51,71.831
MPC,2020-12-31,2021-02-02,-0.94,-1.24,0.3,24.1935
MPC,2020-09-30,2020-11-02,-1,-1.74,0.74,42.5287
MPC,2020-06-30,2020-08-03,-1.33,-1.76,0.43,24.4318
MPC,2020-03-31,2020-05-05,-0.16,-0.27,0.11,40.7407
MPC,2019-12-31,2020-01-29,1.56,0.85,0.71,83.5294
MRK,2025-03-31,2025-04-24,2.22,2.14,0.08,3.7383
MRK,2024-12-31,2025-02-04,1.72,1.67,0.05,2.994
MRK,2024-09-30,2024-10-31,1.57,1.57,0,0
MRK,2024-06-30,2024-07-30,2.28,2.15,0.13,6.0465
MRK,2024-03-31,2024-04-25,2.07,1.88,0.19,10.1064
MRK,2023-12-31,2024-02-01,0.03,-0.11,0.14,127.2727
MRK,2023-09-30,2023-10-26,2.13,1.95,0.18,9.2308
MRK,2023-06-30,2023-08-01,-2.06,-2.18,0.12,5.5046
MRK,2023-03-31,2023-04-27,1.4,1.32,0.08,6.0606
MRK,2022-12-31,2023-02-02,1.62,1.54,0.08,5.1948
MRK,2022-09-30,2022-10-27,1.85,1.71,0.14,8.1871
MRK,2022-06-30,2022-07-28,1.87,1.7,0.17,10
MRK,2022-03-31,2022-04-28,2.14,1.83,0.31,16.9399
MRK,2021-12-31,2022-02-03,1.8,1.53,0.27,17.6471
MRK,2021-09-30,2021-10-28,1.75,1.55,0.2,12.9032
MRK,2021-06-30,2021-07-29,1.31,1.31,0,0
MRK,2021-03-31,2021-04-29,1.4,1.63,-0.23,-14.1104
MRK,2020-12-31,2021-02-04,1.32,1.38,-0.06,-4.3478
MRK,2020-09-30,2020-10-27,1.74,1.44,0.3,20.8333
MRK,2020-06-30,2020-07-31,1.37,1.04,0.33,31.7308
MRK,2020-03-31,2020-04-28,1.5,1.34,0.16,11.9403
MRK,2019-12-31,2020-02-05,1.16,1.15,0.01,0.8696
MRNA,2025-03-31,2025-05-01,-2.52,-3.03,0.51,16.8317
MRNA,2024-12-31,2025-02-14,-2.91,-2.7599,-0.1501,-5.4386
MRNA,2024-09-30,2024-11-07,0.03,-1.9,1.93,101.5789
MRNA,2024-06-30,2024-08-01,-3.33,-3.38,0.05,1.4793
MRNA,2024-03-31,2024-05-02,-3.07,-3.58,0.51,14.2458
MRNA,2023-12-31,2024-02-22,0.55,-0.97,1.52,156.701
MRNA,2023-09-30,2023-11-02,-9.53,-1.93,-7.6,-393.7824
MRNA,2023-06-30,2023-08-03,-3.62,-4.04,0.42,10.396
MRNA,2023-03-31,2023-05-04,0.19,-1.77,1.96,110.7345
MRNA,2022-12-31,2023-02-23,3.61,4.68,-1.07,-22.8632
MRNA,2022-09-30,2022-11-03,2.53,3.29,-0.76,-23.1003
MRNA,2022-06-30,2022-08-03,5.24,4.55,0.69,15.1648
MRNA,2022-03-31,2022-05-04,8.58,5.21,3.37,64.6833
MRNA,2021-12-31,2022-02-24,11.29,9.9,1.39,14.0404
MRNA,2021-09-30,2021-11-04,7.7,9.05,-1.35,-14.9171
MRNA,2021-06-30,2021-08-05,6.46,5.96,0.5,8.3893
MRNA,2021-03-31,2021-05-06,2.84,2.39,0.45,18.8285
MRNA,2020-12-31,2021-02-25,-0.69,-0.35,-0.34,-97.1429
MRNA,2020-09-30,2020-10-29,-0.59,-0.43,-0.16,-37.2093
MRNA,2020-06-30,2020-08-05,-0.31,-0.35,0.04,11.4286
MRNA,2020-03-31,2020-05-07,-0.35,-0.35,0,0
MRNA,2019-12-31,2020-02-26,-0.37,-0.42,0.05,11.9048
MS,2025-03-31,2025-04-11,2.6,2.19,0.41,18.7215
MS,2024-12-31,2025-01-16,2.22,1.69,0.53,31.3609
MS,2024-09-30,2024-10-16,1.88,1.58,0.3,18.9873
MS,2024-06-30,2024-07-16,1.82,1.65,0.17,10.303
MS,2024-03-31,2024-04-16,2.02,1.66,0.36,21.6867
MS,2023-12-31,2024-01-16,0.99,1.01,-0.02,-1.9802
MS,2023-09-30,2023-10-18,1.38,1.28,0.1,7.8125
MS,2023-06-30,2023-07-18,1.24,1.15,0.09,7.8261
MS,2023-03-31,2023-04-19,1.7,1.62,0.08,4.9383
MS,2022-12-31,2023-01-17,1.26,1.19,0.07,5.8824
MS,2022-09-30,2022-10-14,1.47,1.49,-0.02,-1.3423
MS,2022-06-30,2022-07-14,1.39,1.53,-0.14,-9.1503
MS,2022-03-31,2022-04-14,2.02,1.68,0.34,20.2381
MS,2021-12-31,2022-01-19,2.01,1.91,0.1,5.2356
MS,2021-09-30,2021-10-14,1.98,1.68,0.3,17.8571
MS,2021-06-30,2021-07-15,1.85,1.65,0.2,12.1212
MS,2021-03-31,2021-04-16,2.19,1.7,0.49,28.8235
MS,2020-12-31,2021-01-20,1.92,1.27,0.65,51.1811
MS,2020-09-30,2020-10-15,1.66,1.28,0.38,29.6875
MS,2020-06-30,2020-07-16,1.96,1.12,0.84,75
MS,2020-03-31,2020-04-16,1.01,1.14,-0.13,-11.4035
MS,2019-12-31,2020-01-16,1.3,1,0.3,30
MSFT,2025-03-31,2025-04-30,3.46,3.22,0.24,7.4534
MSFT,2024-12-31,2025-01-29,3.23,3.1,0.13,4.1935
MSFT,2024-09-30,2024-10-30,3.3,3.11,0.19,6.1093
MSFT,2024-06-30,2024-07-30,2.95,2.93,0.02,0.6826
MSFT,2024-03-31,2024-04-25,2.94,2.82,0.12,4.2553
MSFT,2023-12-31,2024-01-30,2.93,2.78,0.15,5.3957
MSFT,2023-09-30,2023-10-24,2.99,2.65,0.34,12.8302
MSFT,2023-06-30,2023-07-25,2.69,2.55,0.14,5.4902
MSFT,2023-03-31,2023-04-25,2.45,2.23,0.22,9.8655
MSFT,2022-12-31,2023-01-24,2.32,2.29,0.03,1.31
MSFT,2022-09-30,2022-10-25,2.35,2.3,0.05,2.1739
MSFT,2022-06-30,2022-07-26,2.23,2.29,-0.06,-2.6201
MSFT,2022-03-31,2022-04-26,2.22,2.19,0.03,1.3699
MSFT,2021-12-31,2022-01-25,2.48,2.31,0.17,7.3593
MSFT,2021-09-30,2021-10-26,2.27,2.07,0.2,9.6618
MSFT,2021-06-30,2021-07-27,2.17,1.92,0.25,13.0208
MSFT,2021-03-31,2021-04-27,1.95,1.78,0.17,9.5506
MSFT,2020-12-31,2021-01-26,2.03,1.64,0.39,23.7805
MSFT,2020-09-30,2020-10-27,1.82,1.54,0.28,18.1818
MSFT,2020-06-30,2020-07-22,1.46,1.34,0.12,8.9552
MSFT,2020-03-31,2020-04-29,1.4,1.26,0.14,11.1111
MSFT,2019-12-31,2020-01-29,1.51,1.32,0.19,14.3939
MSI,2025-03-31,2025-05-01,3.18,3.01,0.17,5.6478
MSI,2024-12-31,2025-02-13,4.04,3.89,0.15,3.856
MSI,2024-09-30,2024-11-07,3.74,3.38,0.36,10.6509
MSI,2024-06-30,2024-08-01,3.24,3.01,0.23,7.6412
MSI,2024-03-31,2024-05-02,2.81,2.53,0.28,11.0672
MSI,2023-12-31,2024-02-08,3.9,3.63,0.27,7.438
MSI,2023-09-30,2023-11-02,3.19,3.02,0.17,5.6291
MSI,2023-06-30,2023-08-03,2.65,2.51,0.14,5.5777
MSI,2023-03-31,2023-05-04,2.22,2.05,0.17,8.2927
MSI,2022-12-31,2023-02-09,3.6,3.43,0.17,4.9563
MSI,2022-09-30,2022-11-03,3,2.88,0.12,4.1667
MSI,2022-06-30,2022-08-04,2.07,1.87,0.2,10.6952
MSI,2022-03-31,2022-05-12,1.7,1.61,0.09,5.5901
MSI,2021-12-31,2022-02-09,2.85,2.74,0.11,4.0146
MSI,2021-09-30,2021-11-04,2.35,2.13,0.22,10.3286
MSI,2021-06-30,2021-08-05,2.07,1.92,0.15,7.8125
MSI,2021-03-31,2021-05-06,1.87,1.62,0.25,15.4321
MSI,2020-12-31,2021-02-04,2.86,2.74,0.12,4.3796
MSI,2020-09-30,2020-10-29,1.95,1.78,0.17,9.5506
MSI,2020-06-30,2020-08-06,1.39,1.21,0.18,14.876
MSI,2020-03-31,2020-05-07,1.49,1.28,0.21,16.4063
MSI,2019-12-31,2020-02-06,2.94,2.78,0.16,5.7554
MTB,2025-03-31,2025-04-14,3.32,3.4,-0.08,-2.3529
MTB,2024-12-31,2025-01-16,3.77,3.74,0.03,0.8021
MTB,2024-09-30,2024-10-17,4.03,3.62,0.41,11.326
MTB,2024-06-30,2024-07-18,3.73,3.5,0.23,6.5714
MTB,2024-03-31,2024-04-15,3.86,3.08,0.78,25.3247
MTB,2023-12-31,2024-01-18,3.61,3.45,0.16,4.6377
MTB,2023-09-30,2023-10-18,3.98,3.93,0.05,1.2723
MTB,2023-06-30,2023-07-19,5.05,4.04,1.01,25
MTB,2023-03-31,2023-04-17,4.01,3.99,0.02,0.5013
MTB,2022-12-31,2023-01-19,4.29,4.3,-0.01,-0.2326
MTB,2022-09-30,2022-10-19,3.53,4.04,-0.51,-12.6238
MTB,2022-06-30,2022-07-20,1.08,2.44,-1.36,-55.7377
MTB,2022-03-31,2022-04-20,2.62,2.19,0.43,19.6347
MTB,2021-12-31,2022-01-20,3.37,2.91,0.46,15.8076
MTB,2021-09-30,2021-10-20,3.69,3.5,0.19,5.4286
MTB,2021-06-30,2021-07-21,3.41,3.62,-0.21,-5.8011
MTB,2021-03-31,2021-04-19,3.39,3,0.39,13
MTB,2020-12-31,2021-01-21,3.52,3.03,0.49,16.1716
MTB,2020-09-30,2020-10-22,2.75,2.61,0.14,5.364
MTB,2020-06-30,2020-07-23,1.74,1.65,0.09,5.4545
MTB,2020-03-31,2020-04-20,1.93,2.47,-0.54,-21.8623
MTB,2019-12-31,2020-01-23,3.6,3.47,0.13,3.7464
MTCH,2025-03-31,2025-05-08,0.68,0.66,0.02,3.0303
MTCH,2024-12-31,2025-02-04,0.82,0.83,-0.01,-1.2048
MTCH,2024-09-30,2024-11-06,0.79,0.79,0,0
MTCH,2024-06-30,2024-07-30,0.69,0.73,-0.04,-5.4795
MTCH,2024-03-31,2024-05-07,0.64,0.62,0.02,3.2258
MTCH,2023-12-31,2024-01-30,1.08,0.72,0.36,50
MTCH,2023-09-30,2023-10-31,0.75,0.76,-0.01,-1.3158
MTCH,2023-06-30,2023-08-01,0.65,0.62,0.03,4.8387
MTCH,2023-03-31,2023-05-02,0.54,0.57,-0.03,-5.2632
MTCH,2022-12-31,2023-01-31,0.87,0.63,0.24,38.0952
MTCH,2022-09-30,2022-11-01,0.58,0.57,0.01,1.7544
MTCH,2022-06-30,2022-08-02,0.69,0.63,0.06,9.5238
MTCH,2022-03-31,2022-05-03,0.77,0.49,0.28,57.1429
MTCH,2021-12-31,2022-02-01,-0.47,0.49,-0.96,-195.9184
MTCH,2021-09-30,2021-11-02,0.56,0.58,-0.02,-3.4483
MTCH,2021-06-30,2021-08-03,0.56,0.54,0.02,3.7037
MTCH,2021-03-31,2021-05-04,0.66,0.45,0.21,46.6667
MTCH,2020-12-31,2021-02-02,0.54,0.53,0.01,1.8868
MTCH,2020-09-30,2020-11-04,0.59,0.52,0.07,13.4615
MTCH,2020-06-30,2020-08-04,0.63,0.48,0.15,31.25
MTCH,2020-03-31,2020-05-06,0.55,0.35,0.2,57.1429
MTCH,2019-12-31,2020-02-05,0.45,0.44,0.01,2.2727
MU,2025-05-31,2025-06-25,1.91,1.59,0.32,20.1258
MU,2025-02-28,2025-03-20,1.56,1.28,0.28,21.875
MU,2024-11-30,2024-12-18,1.79,1.77,0.02,1.1299
MU,2024-08-31,2024-09-25,1.18,1.14,0.04,3.5088
MU,2024-05-31,2024-06-26,0.62,0.51,0.11,21.5686
MU,2024-02-29,2024-03-20,0.42,-0.25,0.67,268
MU,2023-11-30,2023-12-20,-0.95,-0.97,0.02,2.0619
MU,2023-08-31,2023-09-27,-1.07,-1.18,0.11,9.322
MU,2023-05-31,2023-06-28,-1.43,-1.58,0.15,9.4937
MU,2023-02-28,2023-03-28,-1.91,-0.86,-1.05,-122.093
MU,2022-11-30,2022-12-21,-0.04,-0.01,-0.03,-300
MU,2022-08-31,2022-09-29,1.45,1.3,0.15,11.5385
MU,2022-05-31,2022-06-30,2.59,2.43,0.16,6.5844
MU,2022-02-28,2022-03-29,2.14,1.97,0.17,8.6294
MU,2021-11-30,2021-12-20,2.16,2.11,0.05,2.3697
MU,2021-08-31,2021-09-28,2.42,2.33,0.09,3.8627
MU,2021-05-31,2021-06-30,1.88,1.72,0.16,9.3023
MU,2021-02-28,2021-03-31,0.98,0.95,0.03,3.1579
MU,2020-11-30,2021-01-07,0.78,0.71,0.07,9.8592
MU,2020-08-31,2020-09-29,1.08,0.99,0.09,9.0909
MU,2020-05-31,2020-06-29,0.82,0.77,0.05,6.4935
MU,2020-02-29,2020-03-25,0.45,0.37,0.08,21.6216
NCLH,2025-03-31,2025-04-30,0.07,0.11,-0.04,-36.3636
NCLH,2024-12-31,2025-02-27,0.26,0.1071,0.1529,142.7638
NCLH,2024-09-30,2024-10-31,0.99,0.94,0.05,5.3191
NCLH,2024-06-30,2024-07-31,0.4,0.35,0.05,14.2857
NCLH,2024-03-31,2024-05-01,0.16,0.11,0.05,45.4545
NCLH,2023-12-31,2024-02-27,-0.18,-0.14,-0.04,-28.5714
NCLH,2023-09-30,2023-11-01,0.76,0.69,0.07,10.1449
NCLH,2023-06-30,2023-08-01,0.3,0.27,0.03,11.1111
NCLH,2023-03-31,2023-05-01,-0.3,-0.41,0.11,26.8293
NCLH,2022-12-31,2023-02-28,-1.04,-0.85,-0.19,-22.3529
NCLH,2022-09-30,2022-11-08,-0.64,-0.7,0.06,8.5714
NCLH,2022-06-30,2022-08-09,-1.14,-0.86,-0.28,-32.5581
NCLH,2022-03-31,2022-05-10,-1.82,-1.53,-0.29,-18.9542
NCLH,2021-12-31,2022-02-24,-1.95,-1.6,-0.35,-21.875
NCLH,2021-09-30,2021-11-03,-2.17,-2.09,-0.08,-3.8278
NCLH,2021-06-30,2021-08-06,-1.93,-1.97,0.04,2.0305
NCLH,2021-03-31,2021-05-06,-2.03,-2.05,0.02,0.9756
NCLH,2020-12-31,2021-02-25,-2.33,-2.17,-0.16,-7.3733
NCLH,2020-09-30,2020-11-09,-2.35,-2.25,-0.1,-4.4444
NCLH,2020-06-30,2020-08-06,-2.78,-2.26,-0.52,-23.0088
NCLH,2020-03-31,2020-05-14,-0.99,-0.5,-0.49,-98
NCLH,2019-12-31,2020-02-20,0.73,0.7,0.03,4.2857
NDAQ,2025-03-31,2025-04-24,0.79,0.77,0.02,2.5974
NDAQ,2024-12-31,2025-01-29,0.76,0.75,0.01,1.3333
NDAQ,2024-09-30,2024-10-24,0.74,0.69,0.05,7.2464
NDAQ,2024-06-30,2024-07-25,0.69,0.64,0.05,7.8125
NDAQ,2024-03-31,2024-04-25,0.63,0.65,-0.02,-3.0769
NDAQ,2023-12-31,2024-01-31,0.72,0.71,0.01,1.4085
NDAQ,2023-09-30,2023-10-18,0.71,0.68,0.03,4.4118
NDAQ,2023-06-30,2023-07-19,0.71,0.66,0.05,7.5758
NDAQ,2023-03-31,2023-04-19,0.69,0.66,0.03,4.5455
NDAQ,2022-12-31,2023-01-25,0.64,0.65,-0.01,-1.5385
NDAQ,2022-09-30,2022-10-19,0.68,0.65,0.03,4.6154
NDAQ,2022-06-30,2022-07-20,0.69,0.64,0.05,7.8125
NDAQ,2022-03-31,2022-04-20,0.66,0.65,0.01,1.5385
NDAQ,2021-12-31,2022-01-26,0.64,0.59,0.05,8.4746
NDAQ,2021-09-30,2021-10-20,0.59,0.57,0.02,3.5088
NDAQ,2021-06-30,2021-07-21,0.63,0.58,0.05,8.6207
NDAQ,2021-03-31,2021-04-21,0.65,0.58,0.07,12.069
NDAQ,2020-12-31,2021-01-27,0.53,0.48,0.05,10.4167
NDAQ,2020-09-30,2020-10-21,0.51,0.49,0.02,4.0816
NDAQ,2020-06-30,2020-07-22,0.51,0.48,0.03,6.25
NDAQ,2020-03-31,2020-04-22,0.5,0.49,0.01,2.0408
NDAQ,2019-12-31,2020-01-29,0.43,0.42,0.01,2.381
NEE,2025-03-31,2025-04-23,0.99,0.98,0.01,1.0204
NEE,2024-12-31,2025-01-24,0.53,0.53,0,0
NEE,2024-09-30,2024-10-23,0.9,0.84,0.06,7.1429
NEE,2024-06-30,2024-07-24,0.96,0.98,-0.02,-2.0408
NEE,2024-03-31,2024-04-23,0.91,0.78,0.13,16.6667
NEE,2023-12-31,2024-01-25,0.52,0.49,0.03,6.1224
NEE,2023-09-30,2023-10-24,0.94,0.87,0.07,8.046
NEE,2023-06-30,2023-07-25,0.88,0.82,0.06,7.3171
NEE,2023-03-31,2023-04-25,0.84,0.72,0.12,16.6667
NEE,2022-12-31,2023-01-25,0.51,0.49,0.02,4.0816
NEE,2022-09-30,2022-10-28,0.85,0.8,0.05,6.25
NEE,2022-06-30,2022-07-22,0.81,0.73,0.08,10.9589
NEE,2022-03-31,2022-04-21,0.74,0.71,0.03,4.2254
NEE,2021-12-31,2022-01-25,0.41,0.4,0.01,2.5
NEE,2021-09-30,2021-10-20,0.75,0.71,0.04,5.6338
NEE,2021-06-30,2021-07-23,0.71,0.7,0.01,1.4286
NEE,2021-03-31,2021-04-21,0.67,0.59,0.08,13.5593
NEE,2020-12-31,2021-01-26,0.4,0.37,0.03,8.1081
NEE,2020-09-30,2020-10-21,0.67,0.65,0.02,3.0769
NEE,2020-06-30,2020-07-24,0.65,0.63,0.02,3.1746
NEE,2020-03-31,2020-04-22,0.6,0.56,0.04,7.1429
NEE,2019-12-31,2020-01-24,0.36,0.37,-0.01,-2.7027
NEM,2025-03-31,2025-04-23,1.25,0.9119,0.3381,37.0764
NEM,2024-12-31,2025-02-20,1.4,1.0313,0.3687,35.751
NEM,2024-09-30,2024-10-23,0.81,0.86,-0.05,-5.814
NEM,2024-06-30,2024-07-24,0.72,0.62,0.1,16.129
NEM,2024-03-31,2024-04-25,0.55,0.36,0.19,52.7778
NEM,2023-12-31,2024-02-22,0.5,0.46,0.04,8.6957
NEM,2023-09-30,2023-10-26,0.36,0.43,-0.07,-16.2791
NEM,2023-06-30,2023-07-20,0.33,0.44,-0.11,-25
NEM,2023-03-31,2023-04-27,0.4,0.33,0.07,21.2121
NEM,2022-12-31,2023-02-23,0.44,0.46,-0.02,-4.3478
NEM,2022-09-30,2022-11-01,0.27,0.36,-0.09,-25
NEM,2022-06-30,2022-07-25,0.46,0.63,-0.17,-26.9841
NEM,2022-03-31,2022-04-22,0.69,0.71,-0.02,-2.8169
NEM,2021-12-31,2022-02-24,0.78,0.77,0.01,1.2987
NEM,2021-09-30,2021-10-28,0.6,0.74,-0.14,-18.9189
NEM,2021-06-30,2021-07-22,0.83,0.78,0.05,6.4103
NEM,2021-03-31,2021-04-29,0.74,0.77,-0.03,-3.8961
NEM,2020-12-31,2021-02-18,1.06,0.95,0.11,11.5789
NEM,2020-09-30,2020-10-29,0.87,0.85,0.02,2.3529
NEM,2020-06-30,2020-07-30,0.32,0.31,0.01,3.2258
NEM,2020-03-31,2020-05-05,0.4,0.42,-0.02,-4.7619
NEM,2019-12-31,2020-02-20,0.5,0.48,0.02,4.1667
NFLX,2025-03-31,2025-04-17,6.61,5.68,0.93,16.3732
NFLX,2024-12-31,2025-01-21,4.27,4.2,0.07,1.6667
NFLX,2024-09-30,2024-10-17,5.4,5.13,0.27,5.2632
NFLX,2024-06-30,2024-07-18,4.88,4.76,0.12,2.521
NFLX,2024-03-31,2024-04-18,5.28,4.52,0.76,16.8142
NFLX,2023-12-31,2024-01-23,2.11,2.23,-0.12,-5.3812
NFLX,2023-09-30,2023-10-18,3.73,3.49,0.24,6.8768
NFLX,2023-06-30,2023-07-19,3.29,2.86,0.43,15.035
NFLX,2023-03-31,2023-04-18,2.88,2.86,0.02,0.6993
NFLX,2022-12-31,2023-01-19,0.12,0.51,-0.39,-76.4706
NFLX,2022-09-30,2022-10-18,3.1,2.16,0.94,43.5185
NFLX,2022-06-30,2022-07-19,3.2,2.94,0.26,8.8435
NFLX,2022-03-31,2022-04-19,3.53,2.92,0.61,20.8904
NFLX,2021-12-31,2022-01-20,1.33,0.82,0.51,62.1951
NFLX,2021-09-30,2021-10-19,3.19,2.56,0.63,24.6094
NFLX,2021-06-30,2021-07-20,2.97,3.16,-0.19,-6.0127
NFLX,2021-03-31,2021-04-20,3.75,2.99,0.76,25.4181
NFLX,2020-12-31,2021-01-19,1.19,1.39,-0.2,-14.3885
NFLX,2020-09-30,2020-10-20,1.74,2.14,-0.4,-18.6916
NFLX,2020-06-30,2020-07-16,1.59,1.81,-0.22,-12.1547
NFLX,2020-03-31,2020-04-21,1.57,1.64,-0.07,-4.2683
NFLX,2019-12-31,2020-01-21,1.3,0.52,0.78,150
NI,2025-03-31,2025-05-07,0.98,0.9,0.08,8.8889
NI,2024-12-31,2025-02-12,0.49,0.5016,-0.0116,-2.3126
NI,2024-09-30,2024-10-30,0.2,0.16,0.04,25
NI,2024-06-30,2024-08-07,0.21,0.17,0.04,23.5294
NI,2024-03-31,2024-05-08,0.85,0.83,0.02,2.4096
NI,2023-12-31,2024-02-21,0.53,0.54,-0.01,-1.8519
NI,2023-09-30,2023-11-01,0.19,0.16,0.03,18.75
NI,2023-06-30,2023-08-02,0.11,0.11,0,0
NI,2023-03-31,2023-05-03,0.77,0.75,0.02,2.6667
NI,2022-12-31,2023-02-22,0.5,0.48,0.02,4.1667
NI,2022-09-30,2022-11-07,0.1,0.11,-0.01,-9.0909
NI,2022-06-30,2022-08-03,0.12,0.12,0,0
NI,2022-03-31,2022-05-04,0.75,0.78,-0.03,-3.8462
NI,2021-12-31,2022-02-23,0.39,0.36,0.03,8.3333
NI,2021-09-30,2021-11-03,0.11,0.09,0.02,22.2222
NI,2021-06-30,2021-08-04,0.13,0.13,0,0
NI,2021-03-31,2021-05-05,0.77,0.77,0,0
NI,2020-12-31,2021-02-17,0.34,0.33,0.01,3.0303
NI,2020-09-30,2020-11-02,0.09,0.03,0.06,200
NI,2020-06-30,2020-08-05,0.13,0.08,0.05,62.5
NI,2020-03-31,2020-05-06,0.76,0.8,-0.04,-5
NI,2019-12-31,2020-02-26,0.45,0.43,0.02,4.6512
NKE,2025-05-31,2025-06-26,0.14,0.12,0.02,16.6667
NKE,2025-02-28,2025-03-20,0.54,0.28,0.26,92.8571
NKE,2024-11-30,2024-12-19,0.78,0.63,0.15,23.8095
NKE,2024-08-31,2024-10-01,0.7,0.52,0.18,34.6154
NKE,2024-05-31,2024-06-27,0.99,0.83,0.16,19.2771
NKE,2024-02-29,2024-03-21,0.77,0.71,0.06,8.4507
NKE,2023-11-30,2023-12-21,1.03,0.85,0.18,21.1765
NKE,2023-08-31,2023-09-28,0.94,0.76,0.18,23.6842
NKE,2023-05-31,2023-06-29,0.66,0.68,-0.02,-2.9412
NKE,2023-02-28,2023-03-21,0.79,0.54,0.25,46.2963
NKE,2022-11-30,2022-12-20,0.85,0.64,0.21,32.8125
NKE,2022-08-31,2022-09-29,0.93,0.92,0.01,1.087
NKE,2022-05-31,2022-06-27,0.9,0.81,0.09,11.1111
NKE,2022-02-28,2022-03-21,0.87,0.72,0.15,20.8333
NKE,2021-11-30,2021-12-20,0.83,0.62,0.21,33.871
NKE,2021-08-31,2021-09-23,1.16,1.12,0.04,3.5714
NKE,2021-05-31,2021-06-24,0.93,0.51,0.42,82.3529
NKE,2021-02-28,2021-03-18,0.9,0.76,0.14,18.4211
NKE,2020-11-30,2020-12-18,0.78,0.62,0.16,25.8065
NKE,2020-08-31,2020-09-22,0.95,0.48,0.47,97.9167
NKE,2020-05-31,2020-06-25,-0.51,-0.05,-0.46,-920
NKE,2020-02-29,2020-03-24,0.53,0.54,-0.01,-1.8519
NOC,2025-03-31,2025-04-22,3.32,6.26,-2.94,-46.9649
NOC,2024-12-31,2025-01-30,8.66,6.37,2.29,35.9498
NOC,2024-09-30,2024-10-24,7,6.07,0.93,15.3213
NOC,2024-06-30,2024-07-25,6.36,5.93,0.43,7.2513
NOC,2024-03-31,2024-04-25,6.32,5.78,0.54,9.3426
NOC,2023-12-31,2024-01-25,6.27,5.8,0.47,8.1034
NOC,2023-09-30,2023-10-26,6.18,5.8,0.38,6.5517
NOC,2023-06-30,2023-07-27,5.34,5.32,0.02,0.3759
NOC,2023-03-31,2023-04-27,5.5,5.09,0.41,8.055
NOC,2022-12-31,2023-01-26,7.5,6.57,0.93,14.1553
NOC,2022-09-30,2022-10-27,5.89,6.11,-0.22,-3.6007
NOC,2022-06-30,2022-07-28,6.06,6.1,-0.04,-0.6557
NOC,2022-03-31,2022-04-28,6.1,5.98,0.12,2.0067
NOC,2021-12-31,2022-01-27,6,5.96,0.04,0.6711
NOC,2021-09-30,2021-10-28,6.63,5.98,0.65,10.8696
NOC,2021-06-30,2021-07-29,6.42,5.85,0.57,9.7436
NOC,2021-03-31,2021-04-29,6.57,5.48,1.09,19.8905
NOC,2020-12-31,2021-01-28,6.59,5.71,0.88,15.4116
NOC,2020-09-30,2020-10-22,5.89,5.6,0.29,5.1786
NOC,2020-06-30,2020-07-30,6.01,5.28,0.73,13.8258
NOC,2020-03-31,2020-04-29,5.15,5.49,-0.34,-6.1931
NOC,2019-12-31,2020-01-30,5.61,4.77,0.84,17.6101
NOW,2025-03-31,2025-04-23,4.04,3.83,0.21,5.483
NOW,2024-12-31,2025-01-29,3.67,3.66,0.01,0.2732
NOW,2024-09-30,2024-10-23,3.72,3.45,0.27,7.8261
NOW,2024-06-30,2024-07-24,1.26,0.99,0.27,27.2727
NOW,2024-03-31,2024-04-24,3.41,3.13,0.28,8.9457
NOW,2023-12-31,2024-01-24,3.11,2.78,0.33,11.8705
NOW,2023-09-30,2023-10-25,2.92,2.55,0.37,14.5098
NOW,2023-06-30,2023-07-26,2.37,2.05,0.32,15.6098
NOW,2023-03-31,2023-04-26,2.37,2.04,0.33,16.1765
NOW,2022-12-31,2023-01-25,2.28,2.02,0.26,12.8713
NOW,2022-09-30,2022-10-26,1.96,1.85,0.11,5.9459
NOW,2022-06-30,2022-07-27,1.62,1.55,0.07,4.5161
NOW,2022-03-31,2022-04-27,1.73,1.7,0.03,1.7647
NOW,2021-12-31,2022-01-26,1.46,1.43,0.03,2.0979
NOW,2021-09-30,2021-10-27,1.55,1.39,0.16,11.5108
NOW,2021-06-30,2021-07-28,1.42,1.21,0.21,17.3554
NOW,2021-03-31,2021-04-28,1.52,1.35,0.17,12.5926
NOW,2020-12-31,2021-01-27,1.17,1.06,0.11,10.3774
NOW,2020-09-30,2020-10-28,1.21,1.03,0.18,17.4757
NOW,2020-06-30,2020-07-29,1.23,1.02,0.21,20.5882
NOW,2020-03-31,2020-04-29,1.05,0.95,0.1,10.5263
NOW,2019-12-31,2020-01-29,0.96,0.87,0.09,10.3448
NRG,2025-03-31,2025-05-12,2.62,1.6742,0.9458,56.4927
NRG,2024-12-31,2025-02-26,1.52,0.9396,0.5804,61.771
NRG,2024-09-30,2024-11-08,1.9,1.83,0.07,3.8251
NRG,2024-06-30,2024-08-08,3.37,1.55,1.82,117.4194
NRG,2024-03-31,2024-05-07,2.31,0.66,1.65,250
NRG,2023-12-31,2024-02-28,2.02,3.01,-0.99,-32.8904
NRG,2023-09-30,2023-11-02,1.41,4.04,-2.63,-65.099
NRG,2023-06-30,2023-08-08,1.25,2.47,-1.22,-49.3927
NRG,2023-03-31,2023-05-04,-5.82,1.05,-6.87,-654.2857
NRG,2022-12-31,2023-02-16,-4.45,-1.33,-3.12,-234.5865
NRG,2022-09-30,2022-11-07,0.29,1.43,-1.14,-79.7203
NRG,2022-06-30,2022-08-04,2.16,0.65,1.51,232.3077
NRG,2022-03-31,2022-05-06,7.17,0.6,6.57,1095
NRG,2021-12-31,2022-02-24,-1.73,0.12,-1.85,-1541.6667
NRG,2021-09-30,2021-11-04,6.6,2.25,4.35,193.3333
NRG,2021-06-30,2021-08-05,4.4,1.38,3.02,218.8406
NRG,2021-03-31,2021-05-06,3.61,0.13,3.48,2676.9231
NRG,2020-12-31,2021-03-01,-0.71,0.41,-1.12,-273.1707
NRG,2020-09-30,2020-11-05,1.02,1.64,-0.62,-37.8049
NRG,2020-06-30,2020-08-06,1.27,1.17,0.1,8.547
NRG,2020-03-31,2020-05-07,0.53,0.49,0.04,8.1633
NRG,2019-12-31,2020-02-27,0.43,0.59,-0.16,-27.1186
NSC,2025-03-31,2025-04-23,2.69,2.68,0.01,0.3731
NSC,2024-12-31,2025-01-29,3.23,2.98,0.25,8.3893
NSC,2024-09-30,2024-10-22,3.25,3.11,0.14,4.5016
NSC,2024-06-30,2024-07-25,3.06,2.86,0.2,6.993
NSC,2024-03-31,2024-04-24,3.29,2.53,0.76,30.0395
NSC,2023-12-31,2024-01-26,2.83,2.87,-0.04,-1.3937
NSC,2023-09-30,2023-10-25,2.65,2.7,-0.05,-1.8519
NSC,2023-06-30,2023-07-27,2.95,3.11,-0.16,-5.1447
NSC,2023-03-31,2023-04-26,3.32,3.15,0.17,5.3968
NSC,2022-12-31,2023-01-25,3.42,3.44,-0.02,-0.5814
NSC,2022-09-30,2022-10-26,3.75,3.6,0.15,4.1667
NSC,2022-06-30,2022-07-27,3.45,3.47,-0.02,-0.5764
NSC,2022-03-31,2022-04-27,2.93,2.92,0.01,0.3425
NSC,2021-12-31,2022-01-26,3.12,3.04,0.08,2.6316
NSC,2021-09-30,2021-10-27,3.06,2.92,0.14,4.7945
NSC,2021-06-30,2021-07-28,3.28,2.97,0.31,10.4377
NSC,2021-03-31,2021-04-28,2.66,2.54,0.12,4.7244
NSC,2020-12-31,2021-01-27,2.64,2.48,0.16,6.4516
NSC,2020-09-30,2020-10-28,2.51,2.37,0.14,5.9072
NSC,2020-06-30,2020-07-29,1.53,1.36,0.17,12.5
NSC,2020-03-31,2020-04-29,2.58,2.24,0.34,15.1786
NSC,2019-12-31,2020-01-29,2.55,2.28,0.27,11.8421
NTAP,2025-04-30,2025-05-29,1.93,1.9,0.03,1.5789
NTAP,2025-01-31,2025-02-27,1.91,1.91,0,0
NTAP,2024-10-31,2024-11-21,1.87,1.78,0.09,5.0562
NTAP,2024-07-31,2024-08-28,1.56,1.45,0.11,7.5862
NTAP,2024-04-30,2024-05-30,1.8,1.79,0.01,0.5587
NTAP,2024-01-31,2024-02-29,1.94,1.69,0.25,14.7929
NTAP,2023-10-31,2023-11-28,1.58,1.39,0.19,13.6691
NTAP,2023-07-31,2023-08-23,1.15,1.07,0.08,7.4766
NTAP,2023-04-30,2023-05-31,1.54,1.34,0.2,14.9254
NTAP,2023-01-31,2023-02-22,1.37,1.31,0.06,4.5802
NTAP,2022-10-31,2022-11-29,1.48,1.33,0.15,11.2782
NTAP,2022-07-31,2022-08-24,1.2,1.1,0.1,9.0909
NTAP,2022-04-30,2022-06-01,1.42,1.28,0.14,10.9375
NTAP,2022-01-31,2022-02-23,1.44,1.29,0.15,11.6279
NTAP,2021-10-31,2021-11-30,1.28,1.21,0.07,5.7851
NTAP,2021-07-31,2021-08-25,1.15,0.95,0.2,21.0526
NTAP,2021-04-30,2021-06-02,1.17,1.12,0.05,4.4643
NTAP,2021-01-31,2021-02-24,1.1,1.01,0.09,8.9109
NTAP,2020-10-31,2020-12-01,1.05,0.73,0.32,43.8356
NTAP,2020-07-31,2020-08-26,0.73,0.41,0.32,78.0488
NTAP,2020-04-30,2020-05-27,1.19,1.04,0.15,14.4231
NTAP,2020-01-31,2020-02-12,1.16,1.18,-0.02,-1.6949
NUE,2025-03-31,2025-04-28,0.67,0.61,0.06,9.8361
NUE,2024-12-31,2025-01-27,1.22,0.64,0.58,90.625
NUE,2024-09-30,2024-10-21,1.05,1.17,-0.12,-10.2564
NUE,2024-06-30,2024-07-22,2.68,2.35,0.33,14.0426
NUE,2024-03-31,2024-04-22,3.46,3.66,-0.2,-5.4645
NUE,2023-12-31,2024-01-29,3.16,2.9,0.26,8.9655
NUE,2023-09-30,2023-10-23,4.57,4.25,0.32,7.5294
NUE,2023-06-30,2023-07-24,5.81,5.53,0.28,5.0633
NUE,2023-03-31,2023-04-20,4.45,3.81,0.64,16.7979
NUE,2022-12-31,2023-01-26,4.89,4.19,0.7,16.7064
NUE,2022-09-30,2022-10-20,6.5,6.73,-0.23,-3.4175
NUE,2022-06-30,2022-07-21,9.67,8.85,0.82,9.2655
NUE,2022-03-31,2022-04-21,7.67,7.29,0.38,5.2126
NUE,2021-12-31,2022-01-27,7.97,7.91,0.06,0.7585
NUE,2021-09-30,2021-10-21,7.28,7.28,0,0
NUE,2021-06-30,2021-07-22,5.15,4.79,0.36,7.5157
NUE,2021-03-31,2021-04-22,3.12,3.09,0.03,0.9709
NUE,2020-12-31,2021-01-28,1.29,1.18,0.11,9.322
NUE,2020-09-30,2020-10-22,0.65,0.51,0.14,27.451
NUE,2020-06-30,2020-07-23,0.37,0.14,0.23,164.2857
NUE,2020-03-31,2020-04-28,0.99,0.95,0.04,4.2105
NUE,2019-12-31,2020-01-28,0.52,0.31,0.21,67.7419
NVDA,2025-04-30,2025-05-28,0.81,0.75,0.06,8
NVDA,2025-01-31,2025-02-26,0.89,0.85,0.04,4.7059
NVDA,2024-10-31,2024-11-20,0.81,0.75,0.06,8
NVDA,2024-07-31,2024-08-28,0.68,0.63,0.05,7.9365
NVDA,2024-04-30,2024-05-22,0.612,0.559,0.053,9.4812
NVDA,2024-01-31,2024-02-21,0.516,0.461,0.055,11.9306
NVDA,2023-10-31,2023-11-21,0.402,0.336,0.066,19.6429
NVDA,2023-07-31,2023-08-23,0.27,0.207,0.063,30.4348
NVDA,2023-04-30,2023-05-24,0.109,0.092,0.017,18.4783
NVDA,2023-01-31,2023-02-22,0.088,0.081,0.007,8.642
NVDA,2022-10-31,2022-11-16,0.058,0.071,-0.013,-18.3099
NVDA,2022-07-31,2022-08-24,0.051,0.0499,0.0011,2.2044
NVDA,2022-04-30,2022-05-25,0.136,0.13,0.006,4.6154
NVDA,2022-01-31,2022-02-16,0.132,0.123,0.009,7.3171
NVDA,2021-10-31,2021-11-17,0.117,0.111,0.006,5.4054
NVDA,2021-07-31,2021-08-18,0.104,0.102,0.002,1.9608
NVDA,2021-04-30,2021-05-26,0.0915,0.0822,0.0093,11.3139
NVDA,2021-01-31,2021-02-24,0.0775,0.08,-0.0025,-3.125
NVDA,2020-10-31,2020-11-18,0.073,0.064,0.009,14.0625
NVDA,2020-07-31,2020-08-19,0.055,0.049,0.006,12.2449
NVDA,2020-04-30,2020-05-21,0.045,0.042,0.003,7.1429
NVDA,2020-01-31,2020-02-13,0.0473,0.05,-0.0027,-5.4
NVR,2025-03-31,2025-04-22,94.83,106.07,-11.24,-10.5968
NVR,2024-12-31,2025-01-28,139.93,129.35,10.58,8.1794
NVR,2024-09-30,2024-10-22,130.5,131,-0.5,-0.3817
NVR,2024-06-30,2024-07-23,120.69,121.21,-0.52,-0.429
NVR,2024-03-31,2024-04-23,116.41,103.97,12.44,11.965
NVR,2023-12-31,2024-01-30,121.56,121.5,0.06,0.0494
NVR,2023-09-30,2023-10-24,125.26,115.6,9.66,8.3564
NVR,2023-06-30,2023-07-25,116.54,101.5,15.04,14.8177
NVR,2023-03-31,2023-04-25,99.89,88.96,10.93,12.2864
NVR,2022-12-31,2023-01-31,133.44,98.88,34.56,34.9515
NVR,2022-09-30,2022-10-25,118.51,121.71,-3.2,-2.6292
NVR,2022-06-30,2022-07-26,123.65,126.82,-3.17,-2.4996
NVR,2022-03-31,2022-04-26,116.56,96.94,19.62,20.2393
NVR,2021-12-31,2022-02-01,89.09,99.77,-10.68,-10.7046
NVR,2021-09-30,2021-10-21,86.44,88.98,-2.54,-2.8546
NVR,2021-06-30,2021-07-21,82.45,72.43,10.02,13.834
NVR,2021-03-31,2021-04-21,63.21,65.08,-1.87,-2.8734
NVR,2020-12-31,2021-01-28,76.93,79.82,-2.89,-3.6206
NVR,2020-09-30,2020-10-20,65.11,60.22,4.89,8.1202
NVR,2020-06-30,2020-07-22,42.5,43.93,-1.43,-3.2552
NVR,2020-03-31,2020-04-23,44.96,45.61,-0.65,-1.4251
NVR,2019-12-31,2020-01-28,64.41,59,5.41,9.1695
NWSA,2025-03-31,2025-05-08,0.18,0.13,0.05,38.4615
NWSA,2024-12-31,2025-02-05,0.33,0.31,0.02,6.4516
NWSA,2024-09-30,2024-11-07,0.21,0.15,0.06,40
NWSA,2024-06-30,2024-08-08,0.17,0.16,0.01,6.25
NWSA,2024-03-31,2024-05-08,0.11,0.1,0.01,10
NWSA,2023-12-31,2024-02-07,0.26,0.19,0.07,36.8421
NWSA,2023-09-30,2023-11-09,0.16,0.1,0.06,60
NWSA,2023-06-30,2023-08-10,0.14,0.08,0.06,75
NWSA,2023-03-31,2023-05-11,0.09,0.05,0.04,80
NWSA,2022-12-31,2023-02-09,0.14,0.19,-0.05,-26.3158
NWSA,2022-09-30,2022-11-08,0.12,0.15,-0.03,-20
NWSA,2022-06-30,2022-08-08,0.37,0.07,0.3,428.5714
NWSA,2022-03-31,2022-05-05,0.16,0.14,0.02,14.2857
NWSA,2021-12-31,2022-02-03,0.44,0.31,0.13,41.9355
NWSA,2021-09-30,2021-11-04,0.23,0.14,0.09,64.2857
NWSA,2021-06-30,2021-08-05,0.16,0.04,0.12,300
NWSA,2021-03-31,2021-05-06,0.09,0.05,0.04,80
NWSA,2020-12-31,2021-02-04,0.34,0.11,0.23,209.0909
NWSA,2020-09-30,2020-11-05,0.08,0.0021,0.0779,3709.5238
NWSA,2020-06-30,2020-08-06,-0.03,-0.09,0.06,66.6667
NWSA,2020-03-31,2020-05-07,0.03,0.01,0.02,200
NWSA,2019-12-31,2020-02-06,0.18,0.15,0.03,20
O,2025-03-31,2025-05-05,0.2794,0.3287,-0.0493,-14.9985
O,2024-12-31,2025-02-24,0.2174,0.3909,-0.1735,-44.3848
O,2024-09-30,2024-11-04,0.3,0.36,-0.06,-16.6667
O,2024-06-30,2024-08-05,0.29,0.36,-0.07,-19.4444
O,2024-03-31,2024-05-06,0.16,0.39,-0.23,-58.9744
O,2023-12-31,2024-02-20,0.3,0.32,-0.02,-6.25
O,2023-09-30,2023-11-06,0.33,0.32,0.01,3.125
O,2023-06-30,2023-08-02,0.29,0.34,-0.05,-14.7059
O,2023-03-31,2023-05-03,0.34,0.34,0,0
O,2022-12-31,2023-02-21,0.36,0.32,0.04,12.5
O,2022-09-30,2022-11-02,0.36,0.33,0.03,9.0909
O,2022-06-30,2022-08-03,0.37,0.38,-0.01,-2.6316
O,2022-03-31,2022-05-04,0.34,0.42,-0.08,-19.0476
O,2021-12-31,2022-02-22,0.01,0.37,-0.36,-97.2973
O,2021-09-30,2021-11-01,0.34,0.4,-0.06,-15
O,2021-06-30,2021-08-02,0.33,0.37,-0.04,-10.8108
O,2021-03-31,2021-05-03,0.26,0.3,-0.04,-13.3333
O,2020-12-31,2021-02-22,0.33,0.34,-0.01,-2.9412
O,2020-09-30,2020-11-02,0.07,0.35,-0.28,-80
O,2020-06-30,2020-08-03,0.31,0.32,-0.01,-3.125
O,2020-03-31,2020-05-04,0.46,0.45,0.01,2.2222
O,2019-12-31,2020-02-19,0.39,0.34,0.05,14.7059
ODFL,2025-03-31,2025-04-23,1.19,1.14,0.05,4.386
ODFL,2024-12-31,2025-02-05,1.23,1.16,0.07,6.0345
ODFL,2024-09-30,2024-10-23,1.43,1.42,0.01,0.7042
ODFL,2024-06-30,2024-07-24,1.48,1.45,0.03,2.069
ODFL,2024-03-31,2024-04-24,1.34,1.34,0,0
ODFL,2023-12-31,2024-01-31,2.94,2.85,0.09,3.1579
ODFL,2023-09-30,2023-10-25,3.09,2.92,0.17,5.8219
ODFL,2023-06-30,2023-07-26,2.65,2.65,0,0
ODFL,2023-03-31,2023-04-26,2.58,2.7,-0.12,-4.4444
ODFL,2022-12-31,2023-02-01,2.92,2.68,0.24,8.9552
ODFL,2022-09-30,2022-10-26,3.36,3.07,0.29,9.4463
ODFL,2022-06-30,2022-07-27,3.3,3.14,0.16,5.0955
ODFL,2022-03-31,2022-04-27,2.6,2.39,0.21,8.7866
ODFL,2021-12-31,2022-02-02,2.41,2.26,0.15,6.6372
ODFL,2021-09-30,2021-10-27,2.47,2.37,0.1,4.2194
ODFL,2021-06-30,2021-07-28,2.31,2.16,0.15,6.9444
ODFL,2021-03-31,2021-04-22,1.7,1.58,0.12,7.5949
ODFL,2020-12-31,2021-02-04,1.61,1.57,0.04,2.5478
ODFL,2020-09-30,2020-10-27,1.71,1.53,0.18,11.7647
ODFL,2020-06-30,2020-07-30,1.25,1.07,0.18,16.8224
ODFL,2020-03-31,2020-04-23,1.17,1.12,0.05,4.4643
ODFL,2019-12-31,2020-02-06,1.2,1.18,0.02,1.6949
OKE,2025-03-31,2025-04-29,1.04,1.2283,-0.1883,-15.3301
OKE,2024-12-31,2025-02-24,1.57,1.44,0.13,9.0278
OKE,2024-09-30,2024-10-29,1.18,1.23,-0.05,-4.065
OKE,2024-06-30,2024-08-05,1.33,1.21,0.12,9.9174
OKE,2024-03-31,2024-04-30,1.09,1.16,-0.07,-6.0345
OKE,2023-12-31,2024-02-26,1.18,1.2,-0.02,-1.6667
OKE,2023-09-30,2023-10-31,0.99,1.05,-0.06,-5.7143
OKE,2023-06-30,2023-08-07,1.04,1.02,0.02,1.9608
OKE,2023-03-31,2023-05-02,1.08,2.28,-1.2,-52.6316
OKE,2022-12-31,2023-02-27,1.08,1.02,0.06,5.8824
OKE,2022-09-30,2022-11-01,1.03,0.96,0.07,7.2917
OKE,2022-06-30,2022-08-08,0.92,0.87,0.05,5.7471
OKE,2022-03-31,2022-05-03,0.87,0.89,-0.02,-2.2472
OKE,2021-12-31,2022-02-28,0.85,0.89,-0.04,-4.4944
OKE,2021-09-30,2021-11-02,0.88,0.82,0.06,7.3171
OKE,2021-06-30,2021-08-03,0.77,0.75,0.02,2.6667
OKE,2021-03-31,2021-04-27,0.86,0.77,0.09,11.6883
OKE,2020-12-31,2021-02-22,0.69,0.73,-0.04,-5.4795
OKE,2020-09-30,2020-10-27,0.7,0.61,0.09,14.7541
OKE,2020-06-30,2020-07-28,0.32,0.51,-0.19,-37.2549
OKE,2020-03-31,2020-04-28,0.83,0.8,0.03,3.75
OKE,2019-12-31,2020-02-24,0.77,0.77,0,0
OMC,2025-03-31,2025-04-15,1.7,1.6622,0.0378,2.2741
OMC,2024-12-31,2025-02-04,2.41,2.3908,0.0192,0.8031
OMC,2024-09-30,2024-10-15,2.03,2.02,0.01,0.495
OMC,2024-06-30,2024-07-16,1.95,1.93,0.02,1.0363
OMC,2024-03-31,2024-04-16,1.67,1.55,0.12,7.7419
OMC,2023-12-31,2024-02-06,2.2,2.16,0.04,1.8519
OMC,2023-09-30,2023-10-17,1.86,1.84,0.02,1.087
OMC,2023-06-30,2023-07-18,1.81,1.8,0.01,0.5556
OMC,2023-03-31,2023-04-18,1.56,1.39,0.17,12.2302
OMC,2022-12-31,2023-02-07,2.09,1.98,0.11,5.5556
OMC,2022-09-30,2022-10-18,1.77,1.68,0.09,5.3571
OMC,2022-06-30,2022-07-19,1.68,1.57,0.11,7.0064
OMC,2022-03-31,2022-04-19,1.39,1.31,0.08,6.1069
OMC,2021-12-31,2022-02-08,1.95,1.73,0.22,12.7168
OMC,2021-09-30,2021-10-19,1.65,1.36,0.29,21.3235
OMC,2021-06-30,2021-07-20,1.46,1.38,0.08,5.7971
OMC,2021-03-31,2021-04-20,1.33,1.13,0.2,17.6991
OMC,2020-12-31,2021-02-18,1.9,1.65,0.25,15.1515
OMC,2020-09-30,2020-10-27,1.21,1.07,0.14,13.0841
OMC,2020-06-30,2020-07-28,0.92,0.92,0,0
OMC,2020-03-31,2020-04-28,1.2,1.14,0.06,5.2632
OMC,2019-12-31,2020-02-11,1.89,1.85,0.04,2.1622
ON,2025-03-31,2025-05-05,0.55,0.5,0.05,10
ON,2024-12-31,2025-02-10,0.95,0.97,-0.02,-2.0619
ON,2024-09-30,2024-10-28,0.99,0.97,0.02,2.0619
ON,2024-06-30,2024-07-29,0.96,0.92,0.04,4.3478
ON,2024-03-31,2024-04-29,1.08,1.04,0.04,3.8462
ON,2023-12-31,2024-02-05,1.25,1.21,0.04,3.3058
ON,2023-09-30,2023-10-30,1.39,1.34,0.05,3.7313
ON,2023-06-30,2023-07-31,1.33,1.21,0.12,9.9174
ON,2023-03-31,2023-05-01,1.19,1.09,0.1,9.1743
ON,2022-12-31,2023-02-06,1.32,1.27,0.05,3.937
ON,2022-09-30,2022-10-31,1.45,1.31,0.14,10.687
ON,2022-06-30,2022-08-01,1.34,1.26,0.08,6.3492
ON,2022-03-31,2022-05-02,1.22,1.05,0.17,16.1905
ON,2021-12-31,2022-02-07,1.09,0.94,0.15,15.9574
ON,2021-09-30,2021-11-01,0.87,0.74,0.13,17.5676
ON,2021-06-30,2021-08-02,0.63,0.49,0.14,28.5714
ON,2021-03-31,2021-05-03,0.35,0.34,0.01,2.9412
ON,2020-12-31,2021-02-01,0.35,0.28,0.07,25
ON,2020-09-30,2020-10-31,0.27,0.2,0.07,35
ON,2020-06-30,2020-08-08,0.12,0.02,0.1,500
ON,2020-03-31,2020-05-09,0.1,0.15,-0.05,-33.3333
ON,2019-12-31,2020-02-03,0.3,0.32,-0.02,-6.25
ORCL,2025-05-31,2025-06-11,1.7,1.64,0.06,3.6585
ORCL,2025-02-28,2025-03-10,1.47,1.49,-0.02,-1.3423
ORCL,2024-11-30,2024-12-09,1.47,1.48,-0.01,-0.6757
ORCL,2024-08-31,2024-09-09,1.39,1.33,0.06,4.5113
ORCL,2024-05-31,2024-06-11,1.63,1.65,-0.02,-1.2121
ORCL,2024-02-29,2024-03-11,1.41,1.38,0.03,2.1739
ORCL,2023-11-30,2023-12-11,1.34,1.33,0.01,0.7519
ORCL,2023-08-31,2023-09-11,1.19,1.15,0.04,3.4783
ORCL,2023-05-31,2023-06-12,1.67,1.58,0.09,5.6962
ORCL,2023-02-28,2023-03-09,1.22,1.2,0.02,1.6667
ORCL,2022-11-30,2022-12-12,1.21,1.17,0.04,3.4188
ORCL,2022-08-31,2022-09-12,1.03,1.08,-0.05,-4.6296
ORCL,2022-05-31,2022-06-13,1.54,1.38,0.16,11.5942
ORCL,2022-02-28,2022-03-10,1.13,1.18,-0.05,-4.2373
ORCL,2021-11-30,2021-12-09,1.21,1.11,0.1,9.009
ORCL,2021-08-31,2021-09-13,1.03,0.97,0.06,6.1856
ORCL,2021-05-31,2021-06-15,1.54,1.33,0.21,15.7895
ORCL,2021-02-28,2021-03-10,1.16,1.11,0.05,4.5045
ORCL,2020-11-30,2020-12-10,1.06,1,0.06,6
ORCL,2020-08-31,2020-09-10,0.93,0.86,0.07,8.1395
ORCL,2020-05-31,2020-06-16,1.2,1.15,0.05,4.3478
ORCL,2020-02-29,2020-03-12,0.97,0.96,0.01,1.0417
ORLY,2025-03-31,2025-04-23,0.62,0.66,-0.04,-6.0606
ORLY,2024-12-31,2025-02-05,0.63,0.65,-0.02,-3.0769
ORLY,2024-09-30,2024-10-23,0.76,0.77,-0.01,-1.2987
ORLY,2024-06-30,2024-07-24,0.7,0.73,-0.03,-4.1096
ORLY,2024-03-31,2024-04-24,0.61,0.62,-0.01,-1.6129
ORLY,2023-12-31,2024-02-07,0.62,0.61,0.01,1.6393
ORLY,2023-09-30,2023-10-25,0.71,0.69,0.02,2.8986
ORLY,2023-06-30,2023-07-26,0.68,0.67,0.01,1.4925
ORLY,2023-03-31,2023-04-26,0.55,0.54,0.01,1.8519
ORLY,2022-12-31,2023-02-08,0.56,0.52,0.04,7.6923
ORLY,2022-09-30,2022-10-26,0.61,0.57,0.04,7.0175
ORLY,2022-06-30,2022-07-27,0.59,0.6,-0.01,-1.6667
ORLY,2022-03-31,2022-04-27,0.48,0.5,-0.02,-4
ORLY,2021-12-31,2022-02-09,0.51,0.4,0.11,27.5
ORLY,2021-09-30,2021-10-27,0.54,0.48,0.06,12.5
ORLY,2021-06-30,2021-07-28,0.56,0.5,0.06,12
ORLY,2021-03-31,2021-04-28,0.47,0.36,0.11,30.5556
ORLY,2020-12-31,2021-02-10,0.36,0.34,0.02,5.8824
ORLY,2020-09-30,2020-10-28,0.47,0.43,0.04,9.3023
ORLY,2020-06-30,2020-07-29,0.47,0.28,0.19,67.8571
ORLY,2020-03-31,2020-04-22,0.26,0.26,0,0
ORLY,2019-12-31,2020-02-05,0.28,0.28,0,0
OXY,2025-03-31,2025-05-07,0.87,0.76,0.11,14.4737
OXY,2024-12-31,2025-02-18,0.8,0.67,0.13,19.403
OXY,2024-09-30,2024-11-12,1,0.75,0.25,33.3333
OXY,2024-06-30,2024-08-07,1.03,0.77,0.26,33.7662
OXY,2024-03-31,2024-05-07,0.63,0.6,0.03,5
OXY,2023-12-31,2024-02-14,0.74,0.71,0.03,4.2254
OXY,2023-09-30,2023-11-07,1.18,0.84,0.34,40.4762
OXY,2023-06-30,2023-08-02,0.68,0.72,-0.04,-5.5556
OXY,2023-03-31,2023-05-09,1.09,1.24,-0.15,-12.0968
OXY,2022-12-31,2023-02-27,1.61,1.8,-0.19,-10.5556
OXY,2022-09-30,2022-11-08,2.44,2.46,-0.02,-0.813
OXY,2022-06-30,2022-08-02,3.16,3.02,0.14,4.6358
OXY,2022-03-31,2022-05-10,2.12,2.03,0.09,4.4335
OXY,2021-12-31,2022-02-24,1.48,1.1,0.38,34.5455
OXY,2021-09-30,2021-11-04,0.87,0.66,0.21,31.8182
OXY,2021-06-30,2021-08-03,0.32,0.03,0.29,966.6667
OXY,2021-03-31,2021-05-10,-0.15,-0.33,0.18,54.5455
OXY,2020-12-31,2021-02-22,-0.78,-0.59,-0.19,-32.2034
OXY,2020-09-30,2020-11-09,-0.84,-0.72,-0.12,-16.6667
OXY,2020-06-30,2020-08-10,-1.76,-1.68,-0.08,-4.7619
OXY,2020-03-31,2020-05-05,-0.52,-0.63,0.11,17.4603
OXY,2019-12-31,2020-02-27,-0.3,-0.19,-0.11,-57.8947
PANW,2025-04-30,2025-05-20,0.8,0.77,0.03,3.8961
PANW,2025-01-31,2025-02-13,0.81,0.78,0.03,3.8462
PANW,2024-10-31,2024-11-20,0.78,0.74,0.04,5.4054
PANW,2024-07-31,2024-08-19,1.51,1.41,0.1,7.0922
PANW,2024-04-30,2024-05-20,1.32,1.25,0.07,5.6
PANW,2024-01-31,2024-02-20,1.46,1.3,0.16,12.3077
PANW,2023-10-31,2023-11-15,1.38,1.16,0.22,18.9655
PANW,2023-07-31,2023-08-18,1.44,1.28,0.16,12.5
PANW,2023-04-30,2023-05-23,1.1,0.93,0.17,18.2796
PANW,2023-01-31,2023-02-21,1.05,0.78,0.27,34.6154
PANW,2022-10-31,2022-11-17,0.83,0.69,0.14,20.2899
PANW,2022-07-31,2022-08-22,0.8,0.76,0.04,5.2632
PANW,2022-04-30,2022-05-19,0.6,0.56,0.04,7.1429
PANW,2022-01-31,2022-02-22,0.58,0.55,0.03,5.4545
PANW,2021-10-31,2021-11-18,0.55,0.52,0.03,5.7692
PANW,2021-07-31,2021-08-23,0.53,0.48,0.05,10.4167
PANW,2021-04-30,2021-05-20,0.46,0.43,0.03,6.9767
PANW,2021-01-31,2021-02-22,0.52,0.48,0.04,8.3333
PANW,2020-10-31,2020-11-16,0.54,0.44,0.1,22.7273
PANW,2020-07-31,2020-08-24,0.49,0.46,0.03,6.5217
PANW,2020-04-30,2020-05-21,0.39,0.31,0.08,25.8065
PANW,2020-01-31,2020-02-24,0.4,0.37,0.03,8.1081
PAYC,2025-03-31,2025-05-07,2.8,2.56,0.24,9.375
PAYC,2024-12-31,2025-02-12,2.32,1.97,0.35,17.7665
PAYC,2024-09-30,2024-10-30,1.67,1.61,0.06,3.7267
PAYC,2024-06-30,2024-07-31,1.62,1.6,0.02,1.25
PAYC,2024-03-31,2024-05-01,2.59,2.45,0.14,5.7143
PAYC,2023-12-31,2024-02-07,1.93,1.78,0.15,8.427
PAYC,2023-09-30,2023-10-31,1.77,1.61,0.16,9.9379
PAYC,2023-06-30,2023-08-01,1.62,1.59,0.03,1.8868
PAYC,2023-03-31,2023-05-02,2.46,2.35,0.11,4.6809
PAYC,2022-12-31,2023-02-07,1.73,1.49,0.24,16.1074
PAYC,2022-09-30,2022-11-01,1.27,1.18,0.09,7.6271
PAYC,2022-06-30,2022-08-02,1.26,1.12,0.14,12.5
PAYC,2022-03-31,2022-05-03,1.9,1.75,0.15,8.5714
PAYC,2021-12-31,2022-02-08,1.11,1.08,0.03,2.7778
PAYC,2021-09-30,2021-11-02,0.92,0.9,0.02,2.2222
PAYC,2021-06-30,2021-08-03,0.97,0.84,0.13,15.4762
PAYC,2021-03-31,2021-05-04,1.47,1.42,0.05,3.5211
PAYC,2020-12-31,2021-02-10,0.84,0.79,0.05,6.3291
PAYC,2020-09-30,2020-11-04,0.7,0.55,0.15,27.2727
PAYC,2020-06-30,2020-08-04,0.62,0.62,0,0
PAYC,2020-03-31,2020-04-28,1.33,1.26,0.07,5.5556
PAYC,2019-12-31,2020-02-05,0.86,0.77,0.09,11.6883
PAYX,2025-05-31,2025-06-25,1.19,1.2,-0.01,-0.8333
PAYX,2025-02-28,2025-03-26,1.49,1.48,0.01,0.6757
PAYX,2024-11-30,2024-12-19,1.14,1.12,0.02,1.7857
PAYX,2024-08-31,2024-10-01,1.18,1.13,0.05,4.4248
PAYX,2024-05-31,2024-06-26,1.12,1.1,0.02,1.8182
PAYX,2024-02-29,2024-04-02,1.38,1.37,0.01,0.7299
PAYX,2023-11-30,2023-12-21,1.08,1.07,0.01,0.9346
PAYX,2023-08-31,2023-09-27,1.14,1.12,0.02,1.7857
PAYX,2023-05-31,2023-06-29,0.97,0.97,0,0
PAYX,2023-02-28,2023-03-29,1.29,1.24,0.05,4.0323
PAYX,2022-11-30,2022-12-22,0.99,0.96,0.03,3.125
PAYX,2022-08-31,2022-09-28,1.03,0.97,0.06,6.1856
PAYX,2022-05-31,2022-06-29,0.81,0.79,0.02,2.5316
PAYX,2022-02-28,2022-03-30,1.15,1.05,0.1,9.5238
PAYX,2021-11-30,2021-12-22,0.91,0.8,0.11,13.75
PAYX,2021-08-31,2021-09-30,0.89,0.8,0.09,11.25
PAYX,2021-05-31,2021-06-25,0.72,0.67,0.05,7.4627
PAYX,2021-02-28,2021-04-06,0.96,0.92,0.04,4.3478
PAYX,2020-11-30,2020-12-23,0.73,0.66,0.07,10.6061
PAYX,2020-08-31,2020-10-06,0.63,0.55,0.08,14.5455
PAYX,2020-05-31,2020-07-07,0.61,0.6,0.01,1.6667
PAYX,2020-02-29,2020-03-25,0.97,0.94,0.03,3.1915
PCAR,2025-03-31,2025-04-29,0.96,1.59,-0.63,-39.6226
PCAR,2024-12-31,2025-01-28,1.66,1.69,-0.03,-1.7751
PCAR,2024-09-30,2024-10-22,1.85,1.82,0.03,1.6484
PCAR,2024-06-30,2024-07-23,2.13,2.14,-0.01,-0.4673
PCAR,2024-03-31,2024-04-30,2.27,2.2,0.07,3.1818
PCAR,2023-12-31,2024-01-23,2.7,2.22,0.48,21.6216
PCAR,2023-09-30,2023-10-24,2.34,2.12,0.22,10.3774
PCAR,2023-06-30,2023-07-25,2.33,2.18,0.15,6.8807
PCAR,2023-03-31,2023-04-25,2.25,1.81,0.44,24.3094
PCAR,2022-12-31,2023-01-24,1.76,1.47,0.29,19.7279
PCAR,2022-09-30,2022-10-25,1.47,1.32,0.15,11.3636
PCAR,2022-06-30,2022-07-26,1.38,1.21,0.17,14.0496
PCAR,2022-03-31,2022-04-26,1.15,1.03,0.12,11.6505
PCAR,2021-12-31,2022-01-25,0.98,0.88,0.1,11.3636
PCAR,2021-09-30,2021-10-26,0.72,0.8,-0.08,-10
PCAR,2021-06-30,2021-07-27,0.94,0.93,0.01,1.0753
PCAR,2021-03-31,2021-04-27,0.9,0.85,0.05,5.8824
PCAR,2020-12-31,2021-01-26,0.78,0.81,-0.03,-3.7037
PCAR,2020-09-30,2020-10-20,0.74,0.65,0.09,13.8462
PCAR,2020-06-30,2020-07-21,0.29,0.21,0.08,38.0952
PCAR,2020-03-31,2020-04-21,0.69,0.8,-0.11,-13.75
PCAR,2019-12-31,2020-01-28,1.02,1,0.02,2
PEG,2025-03-31,2025-04-30,1.43,1.4332,-0.0032,-0.2233
PEG,2024-12-31,2025-02-25,0.84,0.8279,0.0121,1.4615
PEG,2024-09-30,2024-11-04,0.9,0.87,0.03,3.4483
PEG,2024-06-30,2024-07-30,0.63,0.63,0,0
PEG,2024-03-31,2024-04-30,1.31,1.31,0,0
PEG,2023-12-31,2024-02-26,0.54,0.52,0.02,3.8462
PEG,2023-09-30,2023-10-31,0.85,0.75,0.1,13.3333
PEG,2023-06-30,2023-08-01,0.7,0.63,0.07,11.1111
PEG,2023-03-31,2023-05-02,1.39,1.24,0.15,12.0968
PEG,2022-12-31,2023-02-21,0.64,0.63,0.01,1.5873
PEG,2022-09-30,2022-10-31,0.86,0.83,0.03,3.6145
PEG,2022-06-30,2022-08-02,0.64,0.64,0,0
PEG,2022-03-31,2022-05-03,1.33,1.12,0.21,18.75
PEG,2021-12-31,2022-02-24,0.69,0.66,0.03,4.5455
PEG,2021-09-30,2021-11-02,0.98,0.92,0.06,6.5217
PEG,2021-06-30,2021-08-03,0.7,0.7,0,0
PEG,2021-03-31,2021-05-05,1.28,1.12,0.16,14.2857
PEG,2020-12-31,2021-02-26,0.65,0.65,0,0
PEG,2020-09-30,2020-10-30,0.96,0.97,-0.01,-1.0309
PEG,2020-06-30,2020-07-31,0.79,0.6,0.19,31.6667
PEG,2020-03-31,2020-05-04,1.03,1.01,0.02,1.9802
PEG,2019-12-31,2020-02-26,0.64,0.61,0.03,4.918
PEP,2025-03-31,2025-04-24,1.48,1.49,-0.01,-0.6711
PEP,2024-12-31,2025-02-04,1.96,1.95,0.01,0.5128
PEP,2024-09-30,2024-10-08,2.31,2.29,0.02,0.8734
PEP,2024-06-30,2024-07-11,2.28,2.16,0.12,5.5556
PEP,2024-03-31,2024-04-23,1.61,1.52,0.09,5.9211
PEP,2023-12-31,2024-02-09,1.78,1.72,0.06,3.4884
PEP,2023-09-30,2023-10-10,2.25,2.15,0.1,4.6512
PEP,2023-06-30,2023-07-13,2.09,1.96,0.13,6.6327
PEP,2023-03-31,2023-04-25,1.5,1.39,0.11,7.9137
PEP,2022-12-31,2023-02-09,1.67,1.65,0.02,1.2121
PEP,2022-09-30,2022-10-12,1.97,1.85,0.12,6.4865
PEP,2022-06-30,2022-07-12,1.86,1.74,0.12,6.8966
PEP,2022-03-31,2022-04-26,1.29,1.23,0.06,4.878
PEP,2021-12-31,2022-02-10,1.53,1.52,0.01,0.6579
PEP,2021-09-30,2021-10-05,1.79,1.73,0.06,3.4682
PEP,2021-06-30,2021-07-13,1.72,1.53,0.19,12.4183
PEP,2021-03-31,2021-04-15,1.21,1.12,0.09,8.0357
PEP,2020-12-31,2021-02-11,1.47,1.46,0.01,0.6849
PEP,2020-09-30,2020-10-01,1.66,1.49,0.17,11.4094
PEP,2020-06-30,2020-07-13,1.32,1.25,0.07,5.6
PEP,2020-03-31,2020-04-28,1.07,1.03,0.04,3.8835
PEP,2019-12-31,2020-02-13,1.45,1.44,0.01,0.6944
PFE,2025-03-31,2025-04-29,0.92,0.67,0.25,37.3134
PFE,2024-12-31,2025-02-04,0.63,0.46,0.17,36.9565
PFE,2024-09-30,2024-10-29,1.06,0.61,0.45,73.7705
PFE,2024-06-30,2024-07-30,0.6,0.46,0.14,30.4348
PFE,2024-03-31,2024-05-01,0.82,0.51,0.31,60.7843
PFE,2023-12-31,2024-01-30,0.1,-0.18,0.28,155.5556
PFE,2023-09-30,2023-10-31,-0.42,-0.5,0.08,16
PFE,2023-06-30,2023-08-01,0.67,0.58,0.09,15.5172
PFE,2023-03-31,2023-05-02,1.23,0.99,0.24,24.2424
PFE,2022-12-31,2023-01-31,1.14,1.04,0.1,9.6154
PFE,2022-09-30,2022-11-01,1.78,1.4,0.38,27.1429
PFE,2022-06-30,2022-07-28,2.04,1.78,0.26,14.6067
PFE,2022-03-31,2022-05-03,1.62,1.57,0.05,3.1847
PFE,2021-12-31,2022-02-08,1.08,0.87,0.21,24.1379
PFE,2021-09-30,2021-11-02,1.34,1.09,0.25,22.9358
PFE,2021-06-30,2021-07-28,1.07,0.98,0.09,9.1837
PFE,2021-03-31,2021-05-04,0.93,0.78,0.15,19.2308
PFE,2020-12-31,2021-02-02,0.42,0.46,-0.04,-8.6957
PFE,2020-09-30,2020-10-27,0.72,0.71,0.01,1.4085
PFE,2020-06-30,2020-07-28,0.78,0.66,0.12,18.1818
PFE,2020-03-31,2020-04-28,0.8,0.73,0.07,9.589
PFE,2019-12-31,2020-01-28,0.55,0.58,-0.03,-5.1724
PG,2025-03-31,2025-04-24,1.54,1.53,0.01,0.6536
PG,2024-12-31,2025-01-22,1.88,1.86,0.02,1.0753
PG,2024-09-30,2024-10-18,1.93,1.9,0.03,1.5789
PG,2024-06-30,2024-07-30,1.4,1.37,0.03,2.1898
PG,2024-03-31,2024-04-19,1.52,1.41,0.11,7.8014
PG,2023-12-31,2024-01-23,1.84,1.7,0.14,8.2353
PG,2023-09-30,2023-10-18,1.83,1.72,0.11,6.3953
PG,2023-06-30,2023-07-28,1.37,1.32,0.05,3.7879
PG,2023-03-31,2023-04-21,1.37,1.32,0.05,3.7879
PG,2022-12-31,2023-01-19,1.59,1.59,0,0
PG,2022-09-30,2022-10-19,1.57,1.55,0.02,1.2903
PG,2022-06-30,2022-07-29,1.21,1.23,-0.02,-1.626
PG,2022-03-31,2022-04-20,1.33,1.29,0.04,3.1008
PG,2021-12-31,2022-01-19,1.66,1.65,0.01,0.6061
PG,2021-09-30,2021-10-19,1.61,1.59,0.02,1.2579
PG,2021-06-30,2021-07-30,1.13,1.09,0.04,3.6697
PG,2021-03-31,2021-04-20,1.26,1.19,0.07,5.8824
PG,2020-12-31,2021-01-20,1.64,1.51,0.13,8.6093
PG,2020-09-30,2020-10-20,1.63,1.42,0.21,14.7887
PG,2020-06-30,2020-07-30,1.16,1.01,0.15,14.8515
PG,2020-03-31,2020-04-17,1.17,1.13,0.04,3.5398
PG,2019-12-31,2020-01-23,1.42,1.37,0.05,3.6496
PGR,2025-03-31,2025-04-16,4.65,4.75,-0.1,-2.1053
PGR,2024-12-31,2025-01-29,4.0802,3.23,0.8502,26.322
PGR,2024-09-30,2024-10-15,3.59,3.64,-0.05,-1.3736
PGR,2024-06-30,2024-07-16,2.65,2.01,0.64,31.8408
PGR,2024-03-31,2024-05-15,3.75,3.21,0.54,16.8224
PGR,2023-12-31,2024-01-24,2.97,2.39,0.58,24.2678
PGR,2023-09-30,2023-10-13,2.09,1.72,0.37,21.5116
PGR,2023-06-30,2023-07-13,0.79,0.87,-0.08,-9.1954
PGR,2023-03-31,2023-04-13,0.63,1.37,-0.74,-54.0146
PGR,2022-12-31,2023-01-25,1.52,1.43,0.09,6.2937
PGR,2022-09-30,2022-10-13,0.49,0.89,-0.4,-44.9438
PGR,2022-06-30,2022-07-15,1.07,0.93,0.14,15.0538
PGR,2022-03-31,2022-04-14,1.1,1.15,-0.05,-4.3478
PGR,2021-12-31,2022-01-26,0.9,1,-0.1,-10
PGR,2021-09-30,2021-10-14,0.14,0.21,-0.07,-33.3333
PGR,2021-06-30,2021-07-15,0.72,1.08,-0.36,-33.3333
PGR,2021-03-31,2021-04-15,1.72,1.72,0,0
PGR,2020-12-31,2021-01-27,1.83,1.67,0.16,9.5808
PGR,2020-09-30,2020-10-14,1.89,1.72,0.17,9.8837
PGR,2020-06-30,2020-07-15,1.84,1.74,0.1,5.7471
PGR,2020-03-31,2020-04-15,1.91,1.52,0.39,25.6579
PGR,2019-12-31,2020-01-29,1.18,1.16,0.02,1.7241
PH,2025-03-31,2025-05-01,6.94,6.72,0.22,3.2738
PH,2024-12-31,2025-01-30,6.53,6.23,0.3,4.8154
PH,2024-09-30,2024-10-31,6.2,6.14,0.06,0.9772
PH,2024-06-30,2024-08-08,6.77,6.22,0.55,8.8424
PH,2024-03-31,2024-05-02,6.51,6.15,0.36,5.8537
PH,2023-12-31,2024-02-01,6.15,5.26,0.89,16.9202
PH,2023-09-30,2023-11-02,5.96,5.31,0.65,12.2411
PH,2023-06-30,2023-08-03,6.08,5.48,0.6,10.9489
PH,2023-03-31,2023-05-04,5.93,5.01,0.92,18.3633
PH,2022-12-31,2023-02-02,4.76,4.46,0.3,6.7265
PH,2022-09-30,2022-11-03,4.74,4.17,0.57,13.6691
PH,2022-06-30,2022-08-04,5.16,4.67,0.49,10.4925
PH,2022-03-31,2022-05-05,4.83,4.65,0.18,3.871
PH,2021-12-31,2022-02-03,4.46,3.91,0.55,14.0665
PH,2021-09-30,2021-11-04,4.26,3.68,0.58,15.7609
PH,2021-06-30,2021-08-05,4.38,4.33,0.05,1.1547
PH,2021-03-31,2021-04-29,4.11,3.78,0.33,8.7302
PH,2020-12-31,2021-02-04,3.44,2.6,0.84,32.3077
PH,2020-09-30,2020-11-05,3.07,2.34,0.73,31.1966
PH,2020-06-30,2020-08-06,2.55,1.51,1.04,68.8742
PH,2020-03-31,2020-04-30,2.92,2.27,0.65,28.6344
PH,2019-12-31,2020-01-30,2.54,2.27,0.27,11.8943
PHM,2025-03-31,2025-04-22,2.57,2.44,0.13,5.3279
PHM,2024-12-31,2025-01-30,4.43,3.27,1.16,35.474
PHM,2024-09-30,2024-10-22,3.35,3.18,0.17,5.3459
PHM,2024-06-30,2024-07-23,3.83,3.25,0.58,17.8462
PHM,2024-03-31,2024-04-23,3.1,2.36,0.74,31.3559
PHM,2023-12-31,2024-01-30,3.52,3.23,0.29,8.9783
PHM,2023-09-30,2023-10-24,2.9,2.82,0.08,2.8369
PHM,2023-06-30,2023-07-25,3,2.54,0.46,18.1102
PHM,2023-03-31,2023-04-25,2.35,1.82,0.53,29.1209
PHM,2022-12-31,2023-01-31,3.85,2.92,0.93,31.8493
PHM,2022-09-30,2022-10-25,2.69,2.81,-0.12,-4.2705
PHM,2022-06-30,2022-07-26,2.73,2.62,0.11,4.1985
PHM,2022-03-31,2022-04-28,1.83,1.73,0.1,5.7803
PHM,2021-12-31,2022-02-01,2.61,2.33,0.28,12.0172
PHM,2021-09-30,2021-10-26,1.82,1.79,0.03,1.676
PHM,2021-06-30,2021-07-27,1.72,1.73,-0.01,-0.578
PHM,2021-03-31,2021-04-27,1.28,1.22,0.06,4.918
PHM,2020-12-31,2021-01-28,1.49,1.4,0.09,6.4286
PHM,2020-09-30,2020-10-22,1.34,1.15,0.19,16.5217
PHM,2020-06-30,2020-07-23,1.29,0.89,0.4,44.9438
PHM,2020-03-31,2020-04-23,0.81,0.7,0.11,15.7143
PHM,2019-12-31,2020-01-28,1.14,1.1,0.04,3.6364
PLD,2025-03-31,2025-04-16,0.63,0.63,0,0
PLD,2024-12-31,2025-01-21,1.37,0.68,0.69,101.4706
PLD,2024-09-30,2024-10-16,1.08,0.64,0.44,68.75
PLD,2024-06-30,2024-07-17,0.92,0.6,0.32,53.3333
PLD,2024-03-31,2024-04-17,0.63,0.56,0.07,12.5
PLD,2023-12-31,2024-01-17,0.68,0.62,0.06,9.6774
PLD,2023-09-30,2023-10-17,0.8,0.59,0.21,35.5932
PLD,2023-06-30,2023-07-18,1.31,0.99,0.32,32.3232
PLD,2023-03-31,2023-04-18,0.5,0.56,-0.06,-10.7143
PLD,2022-12-31,2023-01-18,0.62,0.54,0.08,14.8148
PLD,2022-09-30,2022-10-19,1.32,1.21,0.11,9.0909
PLD,2022-06-30,2022-07-18,0.8,0.66,0.14,21.2121
PLD,2022-03-31,2022-04-19,1.5,0.58,0.92,158.6207
PLD,2021-12-31,2022-01-19,1.67,0.63,1.04,165.0794
PLD,2021-09-30,2021-10-15,0.97,0.47,0.5,106.383
PLD,2021-06-30,2021-07-19,0.81,0.44,0.37,84.0909
PLD,2021-03-31,2021-04-19,0.49,0.41,0.08,19.5122
PLD,2020-12-31,2021-01-26,0.38,0.38,0,0
PLD,2020-09-30,2020-10-20,0.4,0.31,0.09,29.0323
PLD,2020-06-30,2020-07-21,0.54,0.48,0.06,12.5
PLD,2020-03-31,2020-04-21,0.7,0.42,0.28,66.6667
PLD,2019-12-31,2020-01-22,0.61,0.41,0.2,48.7805
PM,2025-03-31,2025-04-23,1.69,1.6128,0.0772,4.7867
PM,2024-12-31,2025-02-06,1.55,1.4988,0.0512,3.4161
PM,2024-09-30,2024-10-22,1.91,1.82,0.09,4.9451
PM,2024-06-30,2024-07-23,1.59,1.57,0.02,1.2739
PM,2024-03-31,2024-04-23,1.5,1.41,0.09,6.383
PM,2023-12-31,2024-02-08,1.36,1.45,-0.09,-6.2069
PM,2023-09-30,2023-10-19,1.67,1.61,0.06,3.7267
PM,2023-06-30,2023-07-20,1.6,1.47,0.13,8.8435
PM,2023-03-31,2023-04-20,1.38,1.34,0.04,2.9851
PM,2022-12-31,2023-02-09,1.39,1.24,0.15,12.0968
PM,2022-09-30,2022-10-20,1.53,1.36,0.17,12.5
PM,2022-06-30,2022-07-21,1.48,1.26,0.22,17.4603
PM,2022-03-31,2022-04-21,1.56,1.49,0.07,4.698
PM,2021-12-31,2022-02-10,1.35,1.33,0.02,1.5038
PM,2021-09-30,2021-10-19,1.58,1.55,0.03,1.9355
PM,2021-06-30,2021-07-20,1.57,1.55,0.02,1.2903
PM,2021-03-31,2021-04-20,1.57,1.4,0.17,12.1429
PM,2020-12-31,2021-02-04,1.26,1.21,0.05,4.1322
PM,2020-09-30,2020-10-20,1.42,1.36,0.06,4.4118
PM,2020-06-30,2020-07-21,1.29,1.1,0.19,17.2727
PM,2020-03-31,2020-04-21,1.21,1.13,0.08,7.0796
PM,2019-12-31,2020-02-06,1.22,1.21,0.01,0.8264
PNC,2025-03-31,2025-04-15,3.51,3.39,0.12,3.5398
PNC,2024-12-31,2025-01-16,3.64,3.31,0.33,9.9698
PNC,2024-09-30,2024-10-15,3.77,3.29,0.48,14.5897
PNC,2024-06-30,2024-07-16,3.3,3.07,0.23,7.4919
PNC,2024-03-31,2024-04-16,3.36,3.08,0.28,9.0909
PNC,2023-12-31,2024-01-16,3.16,2.71,0.45,16.6052
PNC,2023-09-30,2023-10-13,3.6,3.14,0.46,14.6497
PNC,2023-06-30,2023-07-18,3.36,3.27,0.09,2.7523
PNC,2023-03-31,2023-04-14,3.98,3.64,0.34,9.3407
PNC,2022-12-31,2023-01-18,3.49,3.96,-0.47,-11.8687
PNC,2022-09-30,2022-10-14,3.78,3.7,0.08,2.1622
PNC,2022-06-30,2022-07-15,3.42,3.11,0.31,9.9678
PNC,2022-03-31,2022-04-14,3.23,2.75,0.48,17.4545
PNC,2021-12-31,2022-01-18,3.68,3.6,0.08,2.2222
PNC,2021-09-30,2021-10-15,3.3,3.36,-0.06,-1.7857
PNC,2021-06-30,2021-07-14,2.43,2.71,-0.28,-10.3321
PNC,2021-03-31,2021-04-16,4.1,2.79,1.31,46.9534
PNC,2020-12-31,2021-01-15,3.26,2.58,0.68,26.3566
PNC,2020-09-30,2020-10-14,3.39,2.13,1.26,59.1549
PNC,2020-06-30,2020-07-15,-1.89,0.77,-2.66,-345.4545
PNC,2020-03-31,2020-04-15,1.95,2.14,-0.19,-8.8785
PNC,2019-12-31,2020-01-15,2.97,2.94,0.03,1.0204
PNR,2025-03-31,2025-04-22,1.11,1.01,0.1,9.901
PNR,2024-12-31,2025-02-04,1.08,1.02,0.06,5.8824
PNR,2024-09-30,2024-10-22,1.09,1.07,0.02,1.8692
PNR,2024-06-30,2024-07-23,1.22,1.14,0.08,7.0175
PNR,2024-03-31,2024-04-23,0.94,0.9,0.04,4.4444
PNR,2023-12-31,2024-01-30,0.87,0.86,0.01,1.1628
PNR,2023-09-30,2023-10-24,0.94,0.87,0.07,8.046
PNR,2023-06-30,2023-07-27,1.03,0.95,0.08,8.4211
PNR,2023-03-31,2023-04-27,0.91,0.77,0.14,18.1818
PNR,2022-12-31,2023-01-31,0.82,0.79,0.03,3.7975
PNR,2022-09-30,2022-10-25,0.99,0.93,0.06,6.4516
PNR,2022-06-30,2022-07-26,1.02,1,0.02,2
PNR,2022-03-31,2022-04-21,0.85,0.81,0.04,4.9383
PNR,2021-12-31,2022-02-01,0.87,0.85,0.02,2.3529
PNR,2021-09-30,2021-10-26,0.89,0.84,0.05,5.9524
PNR,2021-06-30,2021-07-27,0.84,0.8,0.04,5
PNR,2021-03-31,2021-04-22,0.81,0.62,0.19,30.6452
PNR,2020-12-31,2021-01-28,0.7,0.63,0.07,11.1111
PNR,2020-09-30,2020-10-20,0.7,0.51,0.19,37.2549
PNR,2020-06-30,2020-07-23,0.59,0.49,0.1,20.4082
PNR,2020-03-31,2020-04-30,0.52,0.44,0.08,18.1818
PNR,2019-12-31,2020-01-28,0.68,0.65,0.03,4.6154
PODD,2025-03-31,2025-05-08,1.02,0.79,0.23,29.1139
PODD,2024-12-31,2025-02-20,1.15,1.021,0.129,12.6347
PODD,2024-09-30,2024-11-07,0.9,0.76,0.14,18.4211
PODD,2024-06-30,2024-08-08,0.55,0.56,-0.01,-1.7857
PODD,2024-03-31,2024-05-09,0.73,0.39,0.34,87.1795
PODD,2023-12-31,2024-02-22,1.4,0.66,0.74,112.1212
PODD,2023-09-30,2023-11-02,0.71,0.4,0.31,77.5
PODD,2023-06-30,2023-08-08,0.38,0.26,0.12,46.1538
PODD,2023-03-31,2023-05-04,0.23,0.11,0.12,109.0909
PODD,2022-12-31,2023-02-23,0.24,0.21,0.03,14.2857
PODD,2022-09-30,2022-11-03,0.35,0.15,0.2,133.3333
PODD,2022-06-30,2022-08-04,-0.5,0.22,-0.72,-327.2727
PODD,2022-03-31,2022-05-05,0.4,0.23,0.17,73.913
PODD,2021-12-31,2022-02-23,0.42,0.32,0.1,31.25
PODD,2021-09-30,2021-11-04,0.18,0.24,-0.06,-25
PODD,2021-06-30,2021-08-05,0.23,0.13,0.1,76.9231
PODD,2021-03-31,2021-05-06,0,0.07,-0.07,-100
PODD,2020-12-31,2021-02-23,-0.04,-0.04,0,0
PODD,2020-09-30,2020-11-04,0.17,0.08,0.09,112.5
PODD,2020-06-30,2020-08-06,0.22,0.011,0.209,1900
PODD,2020-03-31,2020-05-07,-0.03,-0.01,-0.02,-200
PODD,2019-12-31,2020-02-25,0.08,0.11,-0.03,-27.2727
POOL,2025-03-31,2025-04-24,1.32,1.54,-0.22,-14.2857
POOL,2024-12-31,2025-02-20,0.97,0.8938,0.0762,8.5254
POOL,2024-09-30,2024-10-24,3.27,3.14,0.13,4.1401
POOL,2024-06-30,2024-07-25,4.99,4.9,0.09,1.8367
POOL,2024-03-31,2024-04-25,2.04,1.91,0.13,6.8063
POOL,2023-12-31,2024-02-22,1.32,1.25,0.07,5.6
POOL,2023-09-30,2023-10-19,3.51,3.49,0.02,0.5731
POOL,2023-06-30,2023-07-20,5.91,6.1,-0.19,-3.1148
POOL,2023-03-31,2023-04-20,2.58,3.21,-0.63,-19.6262
POOL,2022-12-31,2023-02-16,1.82,1.99,-0.17,-8.5427
POOL,2022-09-30,2022-10-20,4.78,4.59,0.19,4.1394
POOL,2022-06-30,2022-07-21,7.63,7.52,0.11,1.4628
POOL,2022-03-31,2022-04-21,4.23,3.15,1.08,34.2857
POOL,2021-12-31,2022-02-17,2.63,1.88,0.75,39.8936
POOL,2021-09-30,2021-10-21,4.51,3.85,0.66,17.1429
POOL,2021-06-30,2021-07-22,6.37,5.48,0.89,16.2409
POOL,2021-03-31,2021-04-22,2.42,1.15,1.27,110.4348
POOL,2020-12-31,2021-02-11,1.45,0.76,0.69,90.7895
POOL,2020-09-30,2020-10-22,2.92,2.18,0.74,33.945
POOL,2020-06-30,2020-07-23,3.87,3.1,0.77,24.8387
POOL,2020-03-31,2020-04-23,0.9,0.65,0.25,38.4615
POOL,2019-12-31,2020-02-13,0.44,0.36,0.08,22.2222
PPG,2025-03-31,2025-04-29,1.72,1.62,0.1,6.1728
PPG,2024-12-31,2025-01-30,1.61,1.63,-0.02,-1.227
PPG,2024-09-30,2024-10-16,2.13,2.15,-0.02,-0.9302
PPG,2024-06-30,2024-07-18,2.5,2.48,0.02,0.8065
PPG,2024-03-31,2024-04-18,1.86,1.86,0,0
PPG,2023-12-31,2024-01-18,1.53,1.5,0.03,2
PPG,2023-09-30,2023-10-18,2.07,1.94,0.13,6.701
PPG,2023-06-30,2023-07-20,2.25,2.14,0.11,5.1402
PPG,2023-03-31,2023-04-20,1.82,1.55,0.27,17.4194
PPG,2022-12-31,2023-01-19,1.22,1.13,0.09,7.9646
PPG,2022-09-30,2022-10-19,1.66,1.65,0.01,0.6061
PPG,2022-06-30,2022-07-21,1.81,1.73,0.08,4.6243
PPG,2022-03-31,2022-04-21,1.37,1.11,0.26,23.4234
PPG,2021-12-31,2022-01-20,1.26,1.19,0.07,5.8824
PPG,2021-09-30,2021-10-20,1.69,1.59,0.1,6.2893
PPG,2021-06-30,2021-07-19,1.94,2.18,-0.24,-11.0092
PPG,2021-03-31,2021-04-15,1.88,1.55,0.33,21.2903
PPG,2020-12-31,2021-01-21,1.59,1.58,0.01,0.6329
PPG,2020-09-30,2020-10-19,1.93,1.92,0.01,0.5208
PPG,2020-06-30,2020-07-16,0.99,0.71,0.28,39.4366
PPG,2020-03-31,2020-04-27,1.19,1.16,0.03,2.5862
PPG,2019-12-31,2020-01-16,1.31,1.34,-0.03,-2.2388
PPL,2025-03-31,2025-04-30,0.5571,0.5404,0.0167,3.0903
PPL,2024-12-31,2025-02-13,0.34,0.3732,-0.0332,-8.896
PPL,2024-09-30,2024-11-01,0.42,0.42,0,0
PPL,2024-06-30,2024-08-02,0.38,0.33,0.05,15.1515
PPL,2024-03-31,2024-05-01,0.54,0.5,0.04,8
PPL,2023-12-31,2024-02-16,0.4,0.38,0.02,5.2632
PPL,2023-09-30,2023-11-02,0.43,0.42,0.01,2.381
PPL,2023-06-30,2023-08-04,0.29,0.32,-0.03,-9.375
PPL,2023-03-31,2023-05-04,0.48,0.46,0.02,4.3478
PPL,2022-12-31,2023-02-17,0.28,0.28,0,0
PPL,2022-09-30,2022-11-04,0.41,0.42,-0.01,-2.381
PPL,2022-06-30,2022-08-03,0.3,0.3,0,0
PPL,2022-03-31,2022-05-05,0.41,0.39,0.02,5.1282
PPL,2021-12-31,2022-02-18,0.22,0.32,-0.1,-31.25
PPL,2021-09-30,2021-11-04,0.36,0.38,-0.02,-5.2632
PPL,2021-06-30,2021-08-05,0.19,0.24,-0.05,-20.8333
PPL,2021-03-31,2021-05-06,0.28,0.64,-0.36,-56.25
PPL,2020-12-31,2021-02-18,0.59,0.61,-0.02,-3.2787
PPL,2020-09-30,2020-11-05,0.58,0.62,-0.04,-6.4516
PPL,2020-06-30,2020-08-10,0.55,0.55,0,0
PPL,2020-03-31,2020-05-08,0.67,0.71,-0.04,-5.6338
PPL,2019-12-31,2020-02-14,0.57,0.53,0.04,7.5472
PRU,2025-03-31,2025-04-30,3.29,3.18,0.11,3.4591
PRU,2024-12-31,2025-02-04,2.96,3.26,-0.3,-9.2025
PRU,2024-09-30,2024-10-30,3.48,3.48,0,0
PRU,2024-06-30,2024-08-01,3.39,3.45,-0.06,-1.7391
PRU,2024-03-31,2024-04-30,3.12,3.13,-0.01,-0.3195
PRU,2023-12-31,2024-02-06,2.58,2.67,-0.09,-3.3708
PRU,2023-09-30,2023-11-01,3.44,3.13,0.31,9.9042
PRU,2023-06-30,2023-08-01,2.94,3.01,-0.07,-2.3256
PRU,2023-03-31,2023-05-02,2.66,2.93,-0.27,-9.215
PRU,2022-12-31,2023-02-07,2.42,2.51,-0.09,-3.5857
PRU,2022-09-30,2022-11-01,2.13,2.02,0.11,5.4455
PRU,2022-06-30,2022-08-02,1.74,2.33,-0.59,-25.3219
PRU,2022-03-31,2022-05-03,3.17,2.68,0.49,18.2836
PRU,2021-12-31,2022-02-03,3.18,2.36,0.82,34.7458
PRU,2021-09-30,2021-11-02,3.78,2.73,1.05,38.4615
PRU,2021-06-30,2021-08-03,3.79,3.1,0.69,22.2581
PRU,2021-03-31,2021-05-04,4.11,2.75,1.36,49.4545
PRU,2020-12-31,2021-02-04,2.93,2.57,0.36,14.0078
PRU,2020-09-30,2020-11-03,3.21,2.67,0.54,20.2247
PRU,2020-06-30,2020-08-04,1.85,1.72,0.13,7.5581
PRU,2020-03-31,2020-05-05,2.32,2.8,-0.48,-17.1429
PRU,2019-12-31,2020-02-04,2.33,2.05,0.28,13.6585
PSA,2025-03-31,2025-04-30,2.4249,2.395,0.0299,1.2484
PSA,2024-12-31,2025-02-24,2.5093,2.55,-0.0407,-1.5961
PSA,2024-09-30,2024-10-30,2.16,2.6,-0.44,-16.9231
PSA,2024-06-30,2024-07-30,2.66,2.6,0.06,2.3077
PSA,2024-03-31,2024-04-30,2.6,2.47,0.13,5.2632
PSA,2023-12-31,2024-02-20,2.21,2.73,-0.52,-19.0476
PSA,2023-09-30,2023-10-30,3.2,2.81,0.39,13.879
PSA,2023-06-30,2023-08-02,3,2.91,0.09,3.0928
PSA,2023-03-31,2023-05-03,2.65,2.69,-0.04,-1.487
PSA,2022-12-31,2023-02-21,2.06,2.65,-0.59,-22.2642
PSA,2022-09-30,2022-11-01,3.3,2.73,0.57,20.8791
PSA,2022-06-30,2022-08-04,3.42,2.54,0.88,34.6457
PSA,2022-03-31,2022-05-03,2.63,2.32,0.31,13.3621
PSA,2021-12-31,2022-02-22,3.17,2.17,1,46.0829
PSA,2021-09-30,2021-11-01,2.52,2.13,0.39,18.3099
PSA,2021-06-30,2021-08-03,1.97,1.87,0.1,5.3476
PSA,2021-03-31,2021-04-28,2.21,1.77,0.44,24.8588
PSA,2020-12-31,2021-02-24,1.67,1.94,-0.27,-13.9175
PSA,2020-09-30,2020-11-04,1.41,1.69,-0.28,-16.568
PSA,2020-06-30,2020-08-05,1.41,1.62,-0.21,-12.963
PSA,2020-03-31,2020-04-30,1.79,1.71,0.08,4.6784
PSA,2019-12-31,2020-02-25,1.87,2.01,-0.14,-6.9652
PSX,2025-03-31,2025-04-25,-0.9,-0.72,-0.18,-25
PSX,2024-12-31,2025-01-31,-0.15,-0.23,0.08,34.7826
PSX,2024-09-30,2024-10-29,2.04,1.66,0.38,22.8916
PSX,2024-06-30,2024-07-30,2.31,1.98,0.33,16.6667
PSX,2024-03-31,2024-04-26,1.9,2.17,-0.27,-12.4424
PSX,2023-12-31,2024-01-31,3.09,2.35,0.74,31.4894
PSX,2023-09-30,2023-10-27,4.63,4.76,-0.13,-2.7311
PSX,2023-06-30,2023-08-02,3.87,3.56,0.31,8.7079
PSX,2023-03-31,2023-05-03,4.21,3.56,0.65,18.2584
PSX,2022-12-31,2023-01-31,4,4.35,-0.35,-8.046
PSX,2022-09-30,2022-11-01,6.46,5.04,1.42,28.1746
PSX,2022-06-30,2022-07-29,6.77,5.97,0.8,13.4003
PSX,2022-03-31,2022-04-29,1.32,1.28,0.04,3.125
PSX,2021-12-31,2022-01-28,2.94,1.95,0.99,50.7692
PSX,2021-09-30,2021-10-29,3.18,1.95,1.23,63.0769
PSX,2021-06-30,2021-08-03,0.74,0.6,0.14,23.3333
PSX,2021-03-31,2021-04-30,-1.16,-1.4,0.24,17.1429
PSX,2020-12-31,2021-01-29,-1.16,-1.06,-0.1,-9.434
PSX,2020-09-30,2020-10-30,-0.01,-0.8,0.79,98.75
PSX,2020-06-30,2020-07-31,-0.74,-0.93,0.19,20.4301
PSX,2020-03-31,2020-05-01,1.02,0.72,0.3,41.6667
PSX,2019-12-31,2020-01-31,1.54,1.56,-0.02,-1.2821
PTC,2025-03-31,2025-04-30,1.79,1.4,0.39,27.8571
PTC,2024-12-31,2025-02-05,1.1,0.89,0.21,23.5955
PTC,2024-09-30,2024-11-06,1.54,1.46,0.08,5.4795
PTC,2024-06-30,2024-07-31,0.98,0.96,0.02,2.0833
PTC,2024-03-31,2024-05-01,1.46,1.22,0.24,19.6721
PTC,2023-12-31,2024-01-31,1.11,0.97,0.14,14.433
PTC,2023-09-30,2023-11-01,1.2,1.14,0.06,5.2632
PTC,2023-06-30,2023-07-26,0.99,1,-0.01,-1
PTC,2023-03-31,2023-04-26,1.16,1.15,0.01,0.8696
PTC,2022-12-31,2023-02-01,0.99,1.03,-0.04,-3.8835
PTC,2022-09-30,2022-11-02,1.27,1.15,0.12,10.4348
PTC,2022-06-30,2022-07-27,0.97,1.06,-0.09,-8.4906
PTC,2022-03-31,2022-04-27,1.39,1.13,0.26,23.0088
PTC,2021-12-31,2022-01-26,0.95,1.03,-0.08,-7.767
PTC,2021-09-30,2021-11-03,1.1,0.68,0.42,61.7647
PTC,2021-06-30,2021-07-28,0.83,0.62,0.21,33.871
PTC,2021-03-31,2021-04-28,1.08,0.7,0.38,54.2857
PTC,2020-12-31,2021-01-27,0.97,0.66,0.31,46.9697
PTC,2020-09-30,2020-10-28,0.78,0.57,0.21,36.8421
PTC,2020-06-30,2020-07-29,0.62,0.43,0.19,44.186
PTC,2020-03-31,2020-04-29,0.59,0.44,0.15,34.0909
PTC,2019-12-31,2020-01-22,0.57,0.44,0.13,29.5455
PWR,2025-03-31,2025-05-01,1.78,1.78,0,0
PWR,2024-12-31,2025-02-20,2.94,2.6239,0.3161,12.047
PWR,2024-09-30,2024-10-31,2.72,2.69,0.03,1.1152
PWR,2024-06-30,2024-08-01,1.9,1.89,0.01,0.5291
PWR,2024-03-31,2024-05-02,1.41,1.29,0.12,9.3023
PWR,2023-12-31,2024-02-22,2.04,1.98,0.06,3.0303
PWR,2023-09-30,2023-11-02,2.24,2.11,0.13,6.1611
PWR,2023-06-30,2023-08-03,1.65,1.64,0.01,0.6098
PWR,2023-03-31,2023-05-04,1.24,1.13,0.11,9.7345
PWR,2022-12-31,2023-02-23,1.68,1.6,0.08,5
PWR,2022-09-30,2022-11-03,1.77,1.77,0,0
PWR,2022-06-30,2022-08-04,1.54,1.52,0.02,1.3158
PWR,2022-03-31,2022-05-05,1.37,1.22,0.15,12.2951
PWR,2021-12-31,2022-02-24,1.54,1.41,0.13,9.2199
PWR,2021-09-30,2021-11-04,1.48,1.45,0.03,2.069
PWR,2021-06-30,2021-08-05,1.06,1.04,0.02,1.9231
PWR,2021-03-31,2021-05-06,0.83,0.73,0.1,13.6986
PWR,2020-12-31,2021-02-25,1.22,0.99,0.23,23.2323
PWR,2020-09-30,2020-10-29,1.4,1.1,0.3,27.2727
PWR,2020-06-30,2020-08-06,0.74,0.48,0.26,54.1667
PWR,2020-03-31,2020-05-07,0.47,0.46,0.01,2.1739
PWR,2019-12-31,2020-02-27,0.93,0.83,0.1,12.0482
PYPL,2025-03-31,2025-04-29,1.33,1.16,0.17,14.6552
PYPL,2024-12-31,2025-02-04,1.19,1.12,0.07,6.25
PYPL,2024-09-30,2024-10-29,1.2,1.07,0.13,12.1495
PYPL,2024-06-30,2024-07-30,1.19,0.99,0.2,20.202
PYPL,2024-03-31,2024-04-30,1.4,1.22,0.18,14.7541
PYPL,2023-12-31,2024-02-07,1.48,1.36,0.12,8.8235
PYPL,2023-09-30,2023-11-01,1.3,1.23,0.07,5.6911
PYPL,2023-06-30,2023-08-02,1.16,1.16,0,0
PYPL,2023-03-31,2023-05-08,1.17,1.1,0.07,6.3636
PYPL,2022-12-31,2023-02-09,1.24,1.2,0.04,3.3333
PYPL,2022-09-30,2022-11-03,1.08,0.96,0.12,12.5
PYPL,2022-06-30,2022-08-02,0.93,0.87,0.06,6.8966
PYPL,2022-03-31,2022-04-27,0.88,0.88,0,0
PYPL,2021-12-31,2022-02-01,1.11,1.12,-0.01,-0.8929
PYPL,2021-09-30,2021-11-08,1.11,1.08,0.03,2.7778
PYPL,2021-06-30,2021-07-28,1.15,1.12,0.03,2.6786
PYPL,2021-03-31,2021-05-05,1.22,1.02,0.2,19.6078
PYPL,2020-12-31,2021-02-03,1.08,1,0.08,8
PYPL,2020-09-30,2020-11-02,1.07,0.94,0.13,13.8298
PYPL,2020-06-30,2020-07-29,1.07,0.87,0.2,22.9885
PYPL,2020-03-31,2020-05-06,0.66,0.75,-0.09,-12
PYPL,2019-12-31,2020-01-29,0.86,0.83,0.03,3.6145
QCOM,2025-03-31,2025-04-30,2.85,2.82,0.03,1.0638
QCOM,2024-12-31,2025-02-05,3.41,2.99,0.42,14.0468
QCOM,2024-09-30,2024-11-06,2.69,2.57,0.12,4.6693
QCOM,2024-06-30,2024-07-31,2.33,2.25,0.08,3.5556
QCOM,2024-03-31,2024-05-01,2.44,2.32,0.12,5.1724
QCOM,2023-12-31,2024-01-31,2.75,2.37,0.38,16.0338
QCOM,2023-09-30,2023-11-01,2.02,1.91,0.11,5.7592
QCOM,2023-06-30,2023-08-02,1.87,1.81,0.06,3.3149
QCOM,2023-03-31,2023-05-03,2.15,2.15,0,0
QCOM,2022-12-31,2023-02-02,2.37,2.34,0.03,1.2821
QCOM,2022-09-30,2022-11-02,3.13,3.13,0,0
QCOM,2022-06-30,2022-07-27,2.96,2.87,0.09,3.1359
QCOM,2022-03-31,2022-04-27,3.21,2.91,0.3,10.3093
QCOM,2021-12-31,2022-02-02,3.23,3.01,0.22,7.309
QCOM,2021-09-30,2021-11-03,2.55,2.26,0.29,12.8319
QCOM,2021-06-30,2021-07-28,1.92,1.68,0.24,14.2857
QCOM,2021-03-31,2021-04-28,1.9,1.67,0.23,13.7725
QCOM,2020-12-31,2021-02-03,2.17,2.1,0.07,3.3333
QCOM,2020-09-30,2020-11-04,1.45,1.17,0.28,23.9316
QCOM,2020-06-30,2020-07-29,0.86,0.71,0.15,21.1268
QCOM,2020-03-31,2020-04-29,0.88,0.78,0.1,12.8205
QCOM,2019-12-31,2020-02-05,0.99,0.85,0.14,16.4706
QRVO,2025-03-31,2025-04-29,1.42,1,0.42,42
QRVO,2024-12-31,2025-01-28,1.61,1.21,0.4,33.0579
QRVO,2024-09-30,2024-10-29,1.88,1.85,0.03,1.6216
QRVO,2024-06-30,2024-07-30,0.87,0.71,0.16,22.5352
QRVO,2024-03-31,2024-05-01,1.39,1.21,0.18,14.876
QRVO,2023-12-31,2024-01-31,2.1,1.66,0.44,26.506
QRVO,2023-09-30,2023-11-01,2.39,1.77,0.62,35.0282
QRVO,2023-06-30,2023-08-02,0.34,0.15,0.19,126.6667
QRVO,2023-03-31,2023-05-03,0.26,0.13,0.13,100
QRVO,2022-12-31,2023-02-01,0.75,0.64,0.11,17.1875
QRVO,2022-09-30,2022-11-02,2.66,2.54,0.12,4.7244
QRVO,2022-06-30,2022-08-03,2.25,2.12,0.13,6.1321
QRVO,2022-03-31,2022-05-04,3.12,2.93,0.19,6.4846
QRVO,2021-12-31,2022-02-02,2.98,2.76,0.22,7.971
QRVO,2021-09-30,2021-11-03,3.42,3.25,0.17,5.2308
QRVO,2021-06-30,2021-08-04,2.83,2.45,0.38,15.5102
QRVO,2021-03-31,2021-05-05,2.74,2.43,0.31,12.7572
QRVO,2020-12-31,2021-02-03,3.08,2.68,0.4,14.9254
QRVO,2020-09-30,2020-11-04,2.43,2.12,0.31,14.6226
QRVO,2020-06-30,2020-07-29,1.5,1.13,0.37,32.7434
QRVO,2020-03-31,2020-05-07,1.57,1.33,0.24,18.0451
QRVO,2019-12-31,2020-01-29,1.86,1.68,0.18,10.7143
REG,2025-03-31,2025-04-29,0.58,0.57,0.01,1.7544
REG,2024-12-31,2025-02-06,0.46,0.47,-0.01,-2.1277
REG,2024-09-30,2024-10-28,0.54,0.47,0.07,14.8936
REG,2024-06-30,2024-08-01,0.54,0.46,0.08,17.3913
REG,2024-03-31,2024-05-02,0.58,0.47,0.11,23.4043
REG,2023-12-31,2024-02-08,0.47,0.5,-0.03,-6
REG,2023-09-30,2023-11-02,0.5,0.47,0.03,6.383
REG,2023-06-30,2023-08-03,0.51,0.5,0.01,2
REG,2023-03-31,2023-05-04,0.57,0.51,0.06,11.7647
REG,2022-12-31,2023-02-09,0.56,0.46,0.1,21.7391
REG,2022-09-30,2022-11-03,0.51,0.46,0.05,10.8696
REG,2022-06-30,2022-08-04,0.61,0.45,0.16,35.5556
REG,2022-03-31,2022-05-03,1.13,0.43,0.7,162.7907
REG,2021-12-31,2022-02-10,0.39,0.46,-0.07,-15.2174
REG,2021-09-30,2021-11-04,0.69,0.52,0.17,32.6923
REG,2021-06-30,2021-08-05,0.56,0.29,0.27,93.1034
REG,2021-03-31,2021-05-06,0.47,0.17,0.3,176.4706
REG,2020-12-31,2021-02-11,0.23,0.17,0.06,35.2941
REG,2020-09-30,2020-11-05,0.07,0.21,-0.14,-66.6667
REG,2020-06-30,2020-08-03,0.11,0.27,-0.16,-59.2593
REG,2020-03-31,2020-05-07,-0.15,0.36,-0.51,-141.6667
REG,2019-12-31,2020-02-12,0.24,0.4,-0.16,-40
REGN,2025-03-31,2025-04-29,8.22,8.48,-0.26,-3.066
REGN,2024-12-31,2025-02-04,12.07,11.19,0.88,7.8642
REGN,2024-09-30,2024-10-31,12.46,11.7,0.76,6.4957
REGN,2024-06-30,2024-08-01,11.56,10.61,0.95,8.9538
REGN,2024-03-31,2024-05-02,9.55,10.09,-0.54,-5.3518
REGN,2023-12-31,2024-02-02,11.86,10.73,1.13,10.5312
REGN,2023-09-30,2023-11-02,11.59,10.72,0.87,8.1157
REGN,2023-06-30,2023-08-03,10.24,9.84,0.4,4.065
REGN,2023-03-31,2023-05-04,10.09,9.56,0.53,5.5439
REGN,2022-12-31,2023-02-03,12.56,10.03,2.53,25.2243
REGN,2022-09-30,2022-11-03,11.14,9.48,1.66,17.5105
REGN,2022-06-30,2022-08-03,9.77,8.84,0.93,10.5204
REGN,2022-03-31,2022-05-04,8.93,9.74,-0.81,-8.3162
REGN,2021-12-31,2022-02-04,21.32,18.35,2.97,16.1853
REGN,2021-09-30,2021-11-04,14.37,10.1,4.27,42.2772
REGN,2021-06-30,2021-08-05,25.8,17.53,8.27,47.1763
REGN,2021-03-31,2021-05-06,9.89,9,0.89,9.8889
REGN,2020-12-31,2021-02-05,9.53,8.39,1.14,13.5876
REGN,2020-09-30,2020-11-05,8.36,7.14,1.22,17.0868
REGN,2020-06-30,2020-08-05,7.16,5.98,1.18,19.7324
REGN,2020-03-31,2020-05-05,6.6,6.13,0.47,7.6672
REGN,2019-12-31,2020-02-06,7.5,6.91,0.59,8.5384
RF,2025-03-31,2025-04-17,0.54,0.51,0.03,5.8824
RF,2024-12-31,2025-01-17,0.59,0.55,0.04,7.2727
RF,2024-09-30,2024-10-18,0.49,0.52,-0.03,-5.7692
RF,2024-06-30,2024-07-19,0.54,0.49,0.05,10.2041
RF,2024-03-31,2024-04-19,0.44,0.46,-0.02,-4.3478
RF,2023-12-31,2024-01-19,0.52,0.48,0.04,8.3333
RF,2023-09-30,2023-10-20,0.5,0.58,-0.08,-13.7931
RF,2023-06-30,2023-07-21,0.59,0.59,0,0
RF,2023-03-31,2023-04-21,0.63,0.64,-0.01,-1.5625
RF,2022-12-31,2023-01-20,0.67,0.65,0.02,3.0769
RF,2022-09-30,2022-10-21,0.56,0.59,-0.03,-5.0847
RF,2022-06-30,2022-07-22,0.59,0.53,0.06,11.3208
RF,2022-03-31,2022-04-22,0.55,0.47,0.08,17.0213
RF,2021-12-31,2022-01-20,0.44,0.5,-0.06,-12
RF,2021-09-30,2021-10-22,0.65,0.53,0.12,22.6415
RF,2021-06-30,2021-07-23,0.76,0.53,0.23,43.3962
RF,2021-03-31,2021-04-23,0.64,0.48,0.16,33.3333
RF,2020-12-31,2021-01-22,0.62,0.42,0.2,47.619
RF,2020-09-30,2020-10-20,0.49,0.33,0.16,48.4848
RF,2020-06-30,2020-07-17,-0.25,0.06,-0.31,-516.6667
RF,2020-03-31,2020-04-17,0.15,0.31,-0.16,-51.6129
RF,2019-12-31,2020-01-17,0.4,0.39,0.01,2.5641
RJF,2025-03-31,2025-04-23,2.42,2.44,-0.02,-0.8197
RJF,2024-12-31,2025-01-29,2.93,2.69,0.24,8.9219
RJF,2024-09-30,2024-10-23,2.95,2.41,0.54,22.4066
RJF,2024-06-30,2024-07-24,2.39,2.32,0.07,3.0172
RJF,2024-03-31,2024-04-24,2.31,2.31,0,0
RJF,2023-12-31,2024-01-24,2.4,2.26,0.14,6.1947
RJF,2023-09-30,2023-10-25,2.13,2.28,-0.15,-6.5789
RJF,2023-06-30,2023-07-26,1.85,2.16,-0.31,-14.3519
RJF,2023-03-31,2023-04-26,2.03,2.23,-0.2,-8.9686
RJF,2022-12-31,2023-01-25,2.29,2.28,0.01,0.4386
RJF,2022-09-30,2022-10-26,2.08,2,0.08,4
RJF,2022-06-30,2022-07-27,1.61,1.66,-0.05,-3.012
RJF,2022-03-31,2022-04-27,1.55,1.64,-0.09,-5.4878
RJF,2021-12-31,2022-01-26,2.12,1.76,0.36,20.4545
RJF,2021-09-30,2021-10-27,2.06,1.71,0.35,20.4678
RJF,2021-06-30,2021-07-28,1.83,1.59,0.24,15.0943
RJF,2021-03-31,2021-04-28,1.67,1.45,0.22,15.1724
RJF,2020-12-31,2021-01-27,1.49,1.15,0.34,29.5652
RJF,2020-09-30,2020-10-28,1.19,0.89,0.3,33.7079
RJF,2020-06-30,2020-07-29,0.82,0.65,0.17,26.1538
RJF,2020-03-31,2020-04-29,0.8,0.97,-0.17,-17.5258
RJF,2019-12-31,2020-01-22,1.26,1.29,-0.03,-2.3256
RL,2025-03-31,2025-05-22,2.27,2.04,0.23,11.2745
RL,2024-12-31,2025-02-06,4.82,4.53,0.29,6.4018
RL,2024-09-30,2024-11-07,2.54,2.42,0.12,4.9587
RL,2024-06-30,2024-08-07,2.7,2.47,0.23,9.3117
RL,2024-03-31,2024-05-23,1.71,1.66,0.05,3.012
RL,2023-12-31,2024-02-08,4.17,3.54,0.63,17.7966
RL,2023-09-30,2023-11-08,2.1,1.93,0.17,8.8083
RL,2023-06-30,2023-08-10,2.34,2.13,0.21,9.8592
RL,2023-03-31,2023-05-25,0.9,0.61,0.29,47.541
RL,2022-12-31,2023-02-09,3.35,2.92,0.43,14.726
RL,2022-09-30,2022-11-10,2.23,2.08,0.15,7.2115
RL,2022-06-30,2022-08-09,1.88,1.75,0.13,7.4286
RL,2022-03-31,2022-05-24,0.49,0.36,0.13,36.1111
RL,2021-12-31,2022-02-03,2.94,2.17,0.77,35.4839
RL,2021-09-30,2021-11-02,2.62,2,0.62,31
RL,2021-06-30,2021-08-03,2.29,0.88,1.41,160.2273
RL,2021-03-31,2021-05-20,0.38,-0.73,1.11,152.0548
RL,2020-12-31,2021-02-04,1.67,1.63,0.04,2.454
RL,2020-09-30,2020-10-29,1.44,0.9,0.54,60
RL,2020-06-30,2020-08-04,-1.82,-1.72,-0.1,-5.814
RL,2020-03-31,2020-05-27,-0.68,-0.4,-0.28,-70
RL,2019-12-31,2020-02-04,2.86,2.45,0.41,16.7347
RMD,2025-03-31,2025-04-23,2.37,2.36,0.01,0.4237
RMD,2024-12-31,2025-01-30,2.43,2.31,0.12,5.1948
RMD,2024-09-30,2024-10-24,2.2,2.04,0.16,7.8431
RMD,2024-06-30,2024-08-01,2.08,2.07,0.01,0.4831
RMD,2024-03-31,2024-04-25,2.13,1.91,0.22,11.5183
RMD,2023-12-31,2024-01-24,1.88,1.8,0.08,4.4444
RMD,2023-09-30,2023-10-26,1.64,1.62,0.02,1.2346
RMD,2023-06-30,2023-08-03,1.6,1.69,-0.09,-5.3254
RMD,2023-03-31,2023-04-27,1.68,1.59,0.09,5.6604
RMD,2022-12-31,2023-01-26,1.66,1.62,0.04,2.4691
RMD,2022-09-30,2022-10-27,1.51,1.52,-0.01,-0.6579
RMD,2022-06-30,2022-08-11,1.49,1.45,0.04,2.7586
RMD,2022-03-31,2022-04-28,1.32,1.42,-0.1,-7.0423
RMD,2021-12-31,2022-01-27,1.47,1.52,-0.05,-3.2895
RMD,2021-09-30,2021-10-28,1.51,1.36,0.15,11.0294
RMD,2021-06-30,2021-08-05,1.35,1.3,0.05,3.8462
RMD,2021-03-31,2021-04-29,1.3,1.27,0.03,2.3622
RMD,2020-12-31,2021-01-28,1.41,1.27,0.14,11.0236
RMD,2020-09-30,2020-10-29,1.27,1.03,0.24,23.301
RMD,2020-06-30,2020-08-05,1.33,1.08,0.25,23.1481
RMD,2020-03-31,2020-04-30,1.29,1.05,0.24,22.8571
RMD,2019-12-31,2020-01-30,1.21,1.02,0.19,18.6275
ROK,2025-03-31,2025-05-07,2.45,2.12,0.33,15.566
ROK,2024-12-31,2025-02-10,1.83,1.58,0.25,15.8228
ROK,2024-09-30,2024-11-07,2.47,2.47,0,0
ROK,2024-06-30,2024-08-07,2.71,2.08,0.63,30.2885
ROK,2024-03-31,2024-05-07,2.5,2.16,0.34,15.7407
ROK,2023-12-31,2024-01-31,2.04,2.64,-0.6,-22.7273
ROK,2023-09-30,2023-11-02,3.64,3.45,0.19,5.5072
ROK,2023-06-30,2023-08-01,3.01,3.17,-0.16,-5.0473
ROK,2023-03-31,2023-04-27,3.01,2.6,0.41,15.7692
ROK,2022-12-31,2023-01-26,2.46,1.88,0.58,30.8511
ROK,2022-09-30,2022-11-02,3.04,2.97,0.07,2.3569
ROK,2022-06-30,2022-07-27,2.66,2.38,0.28,11.7647
ROK,2022-03-31,2022-05-03,1.66,2.26,-0.6,-26.5487
ROK,2021-12-31,2022-01-27,2.14,1.91,0.23,12.0419
ROK,2021-09-30,2021-11-02,2.33,2.17,0.16,7.3733
ROK,2021-06-30,2021-07-27,2.31,2.09,0.22,10.5263
ROK,2021-03-31,2021-04-28,2.41,2.16,0.25,11.5741
ROK,2020-12-31,2021-01-26,2.38,1.89,0.49,25.9259
ROK,2020-09-30,2020-11-10,1.87,1.74,0.13,7.4713
ROK,2020-06-30,2020-07-28,1.27,1.15,0.12,10.4348
ROK,2020-03-31,2020-04-28,2.43,1.82,0.61,33.5165
ROK,2019-12-31,2020-01-29,2.11,2.1,0.01,0.4762
ROL,2025-03-31,2025-04-23,0.22,0.2172,0.0028,1.2891
ROL,2024-12-31,2025-02-12,0.23,0.2318,-0.0018,-0.7765
ROL,2024-09-30,2024-10-23,0.29,0.3,-0.01,-3.3333
ROL,2024-06-30,2024-07-24,0.27,0.27,0,0
ROL,2024-03-31,2024-04-24,0.2,0.2,0,0
ROL,2023-12-31,2024-02-14,0.21,0.21,0,0
ROL,2023-09-30,2023-10-25,0.28,0.25,0.03,12
ROL,2023-06-30,2023-07-26,0.23,0.23,0,0
ROL,2023-03-31,2023-04-26,0.18,0.17,0.01,5.8824
ROL,2022-12-31,2023-02-15,0.17,0.17,0,0
ROL,2022-09-30,2022-10-26,0.22,0.21,0.01,4.7619
ROL,2022-06-30,2022-07-27,0.2,0.2,0,0
ROL,2022-03-31,2022-04-27,0.15,0.14,0.01,7.1429
ROL,2021-12-31,2022-01-26,0.14,0.15,-0.01,-6.6667
ROL,2021-09-30,2021-10-27,0.19,0.2,-0.01,-5
ROL,2021-06-30,2021-07-28,0.2,0.18,0.02,11.1111
ROL,2021-03-31,2021-04-28,0.14,0.11,0.03,27.2727
ROL,2020-12-31,2021-01-27,0.13,0.13,0,0
ROL,2020-09-30,2020-10-28,0.17,0.16,0.01,6.25
ROL,2020-06-30,2020-07-29,0.15,0.12,0.03,25
ROL,2020-03-31,2020-04-29,0.09,0.09,0,0
ROL,2019-12-31,2020-01-29,0.11,0.11,0,0
ROP,2025-03-31,2025-04-28,4.78,4.74,0.04,0.8439
ROP,2024-12-31,2025-01-30,4.81,4.73,0.08,1.6913
ROP,2024-09-30,2024-10-23,4.62,4.53,0.09,1.9868
ROP,2024-06-30,2024-07-24,4.48,4.46,0.02,0.4484
ROP,2024-03-31,2024-04-26,4.41,4.34,0.07,1.6129
ROP,2023-12-31,2024-01-31,4.37,4.34,0.03,0.6912
ROP,2023-09-30,2023-10-25,4.32,4.22,0.1,2.3697
ROP,2023-06-30,2023-07-21,4.12,3.99,0.13,3.2581
ROP,2023-03-31,2023-04-27,3.9,3.85,0.05,1.2987
ROP,2022-12-31,2023-01-27,3.92,3.77,0.15,3.9788
ROP,2022-09-30,2022-10-26,3.67,3.46,0.21,6.0694
ROP,2022-06-30,2022-07-22,3.95,3.59,0.36,10.0279
ROP,2022-03-31,2022-04-26,3.77,3.69,0.08,2.168
ROP,2021-12-31,2022-02-02,3.73,3.67,0.06,1.6349
ROP,2021-09-30,2021-10-22,3.91,3.83,0.08,2.0888
ROP,2021-06-30,2021-07-23,3.76,3.67,0.09,2.4523
ROP,2021-03-31,2021-04-27,3.6,3.32,0.28,8.4337
ROP,2020-12-31,2021-01-29,3.56,3.48,0.08,2.2989
ROP,2020-09-30,2020-10-27,3.17,3.05,0.12,3.9344
ROP,2020-06-30,2020-07-28,2.94,2.67,0.27,10.1124
ROP,2020-03-31,2020-04-28,3.05,2.91,0.14,4.811
ROP,2019-12-31,2020-01-30,3.39,3.35,0.04,1.194
ROST,2025-04-30,2025-05-22,1.47,1.43,0.04,2.7972
ROST,2025-01-31,2025-03-04,1.79,1.66,0.13,7.8313
ROST,2024-10-31,2024-11-21,1.48,1.4,0.08,5.7143
ROST,2024-07-31,2024-08-22,1.59,1.5,0.09,6
ROST,2024-04-30,2024-05-23,1.46,1.35,0.11,8.1481
ROST,2024-01-31,2024-03-05,1.82,1.65,0.17,10.303
ROST,2023-10-31,2023-11-16,1.33,1.22,0.11,9.0164
ROST,2023-07-31,2023-08-17,1.32,1.16,0.16,13.7931
ROST,2023-04-30,2023-05-18,1.09,1.06,0.03,2.8302
ROST,2023-01-31,2023-02-28,1.31,1.24,0.07,5.6452
ROST,2022-10-31,2022-11-17,1,0.81,0.19,23.4568
ROST,2022-07-31,2022-08-18,1.11,1.11,0,0
ROST,2022-04-30,2022-05-19,0.97,0.97,0,0
ROST,2022-01-31,2022-03-01,1.04,1.04,0,0
ROST,2021-10-31,2021-11-18,1.09,1.09,0,0
ROST,2021-07-31,2021-08-19,1.39,1.39,0,0
ROST,2021-04-30,2021-05-20,1.34,1.34,0,0
ROST,2021-01-31,2021-03-02,0.57,0.57,0,0
ROST,2020-10-31,2020-11-19,1.02,1.02,0,0
ROST,2020-07-31,2020-08-20,0.06,0.06,0,0
ROST,2020-04-30,2020-05-21,-0.87,-0.87,0,0
ROST,2020-01-31,2020-03-03,1.28,1.28,0,0
RSG,2025-03-31,2025-04-24,1.58,1.5303,0.0497,3.2477
RSG,2024-12-31,2025-02-13,1.58,1.3903,0.1897,13.6445
RSG,2024-09-30,2024-10-29,1.81,1.61,0.2,12.4224
RSG,2024-06-30,2024-07-24,1.61,1.53,0.08,5.2288
RSG,2024-03-31,2024-04-30,1.45,1.35,0.1,7.4074
RSG,2023-12-31,2024-02-27,1.41,1.29,0.12,9.3023
RSG,2023-09-30,2023-10-26,1.54,1.42,0.12,8.4507
RSG,2023-06-30,2023-07-31,1.41,1.32,0.09,6.8182
RSG,2023-03-31,2023-04-27,1.24,1.13,0.11,9.7345
RSG,2022-12-31,2023-02-15,1.13,1.02,0.11,10.7843
RSG,2022-09-30,2022-10-27,1.34,1.22,0.12,9.8361
RSG,2022-06-30,2022-08-04,1.32,1.18,0.14,11.8644
RSG,2022-03-31,2022-05-05,1.14,1.05,0.09,8.5714
RSG,2021-12-31,2022-02-10,1.02,1.01,0.01,0.9901
RSG,2021-09-30,2021-10-28,1.11,1.05,0.06,5.7143
RSG,2021-06-30,2021-07-29,1.09,0.96,0.13,13.5417
RSG,2021-03-31,2021-05-05,0.93,0.86,0.07,8.1395
RSG,2020-12-31,2021-02-22,1,0.82,0.18,21.9512
RSG,2020-09-30,2020-11-05,1,0.82,0.18,21.9512
RSG,2020-06-30,2020-08-06,0.81,0.59,0.22,37.2881
RSG,2020-03-31,2020-05-05,0.77,0.76,0.01,1.3158
RSG,2019-12-31,2020-02-13,0.91,0.89,0.02,2.2472
RTX,2025-03-31,2025-04-22,1.47,1.37,0.1,7.2993
RTX,2024-12-31,2025-01-28,1.54,1.38,0.16,11.5942
RTX,2024-09-30,2024-10-22,1.45,1.34,0.11,8.209
RTX,2024-06-30,2024-07-25,1.41,1.3,0.11,8.4615
RTX,2024-03-31,2024-04-23,1.34,1.23,0.11,8.9431
RTX,2023-12-31,2024-01-23,1.29,1.25,0.04,3.2
RTX,2023-09-30,2023-10-24,1.25,1.22,0.03,2.459
RTX,2023-06-30,2023-07-25,1.29,1.18,0.11,9.322
RTX,2023-03-31,2023-04-25,1.22,1.13,0.09,7.9646
RTX,2022-12-31,2023-01-24,1.27,1.25,0.02,1.6
RTX,2022-09-30,2022-10-25,1.21,1.14,0.07,6.1404
RTX,2022-06-30,2022-07-26,1.16,1.11,0.05,4.5045
RTX,2022-03-31,2022-04-26,1.15,1.02,0.13,12.7451
RTX,2021-12-31,2022-01-25,1.08,1.02,0.06,5.8824
RTX,2021-09-30,2021-10-26,1.26,1.09,0.17,15.5963
RTX,2021-06-30,2021-07-27,1.03,0.93,0.1,10.7527
RTX,2021-03-31,2021-04-27,0.9,0.83,0.07,8.4337
RTX,2020-12-31,2021-01-26,0.74,0.69,0.05,7.2464
RTX,2020-09-30,2020-10-27,0.58,0.5,0.08,16
RTX,2020-06-30,2020-07-28,0.4,0.12,0.28,233.3333
RTX,2020-03-31,2020-05-07,1.78,1.33,0.45,33.8346
RTX,2019-12-31,2020-01-28,1.94,1.84,0.1,5.4348
SEDG,2025-03-31,2025-05-06,-1.6951,-1.18,-0.5151,-43.6525
SEDG,2024-12-31,2025-02-19,-3.52,-1.6595,-1.8605,-112.1121
SEDG,2024-09-30,2024-11-06,-15.33,-1.63,-13.7,-840.4908
SEDG,2024-06-30,2024-08-07,-1.79,-1.58,-0.21,-13.2911
SEDG,2024-03-31,2024-05-08,-1.9,-1.57,-0.33,-21.0191
SEDG,2023-12-31,2024-02-20,-0.92,-1.33,0.41,30.8271
SEDG,2023-09-30,2023-11-01,-0.55,0.89,-1.44,-161.7978
SEDG,2023-06-30,2023-08-01,2.62,2.52,0.1,3.9683
SEDG,2023-03-31,2023-05-03,2.9,1.93,0.97,50.2591
SEDG,2022-12-31,2023-02-13,2.86,1.56,1.3,83.3333
SEDG,2022-09-30,2022-11-07,0.91,1.44,-0.53,-36.8056
SEDG,2022-06-30,2022-08-02,0.95,1.39,-0.44,-31.6547
SEDG,2022-03-31,2022-05-02,1.2,1.27,-0.07,-5.5118
SEDG,2021-12-31,2022-02-15,1.1,1.31,-0.21,-16.0305
SEDG,2021-09-30,2021-11-02,1.45,1.36,0.09,6.6176
SEDG,2021-06-30,2021-08-02,1.28,1.12,0.16,14.2857
SEDG,2021-03-31,2021-05-03,0.98,0.99,-0.01,-1.0101
SEDG,2020-12-31,2021-02-16,0.98,0.87,0.11,12.6437
SEDG,2020-09-30,2020-11-02,1.21,0.82,0.39,47.561
SEDG,2020-06-30,2020-08-03,0.97,0.69,0.28,40.5797
SEDG,2020-03-31,2020-05-06,0.95,1.25,-0.3,-24
SEDG,2019-12-31,2020-02-19,1.65,1.24,0.41,33.0645
SHW,2025-03-31,2025-04-29,2.25,2.16,0.09,4.1667
SHW,2024-12-31,2025-01-30,2.09,2.06,0.03,1.4563
SHW,2024-09-30,2024-10-22,3.37,3.54,-0.17,-4.8023
SHW,2024-06-30,2024-07-23,3.7,3.48,0.22,6.3218
SHW,2024-03-31,2024-04-23,2.17,2.21,-0.04,-1.81
SHW,2023-12-31,2024-01-25,1.81,1.8,0.01,0.5556
SHW,2023-09-30,2023-10-24,3.2,2.77,0.43,15.5235
SHW,2023-06-30,2023-07-25,3.29,2.69,0.6,22.3048
SHW,2023-03-31,2023-04-25,2.04,1.78,0.26,14.6067
SHW,2022-12-31,2023-01-26,1.89,1.87,0.02,1.0695
SHW,2022-09-30,2022-10-25,2.83,2.56,0.27,10.5469
SHW,2022-06-30,2022-07-27,2.41,2.77,-0.36,-12.9964
SHW,2022-03-31,2022-04-26,1.61,1.54,0.07,4.5455
SHW,2021-12-31,2022-01-27,1.34,1.38,-0.04,-2.8986
SHW,2021-09-30,2021-10-26,2.09,2.1,-0.01,-0.4762
SHW,2021-06-30,2021-07-27,2.65,2.68,-0.03,-1.1194
SHW,2021-03-31,2021-04-27,2.06,1.64,0.42,25.6098
SHW,2020-12-31,2021-01-28,1.7,1.62,0.08,4.9383
SHW,2020-09-30,2020-10-27,2.76,2.6,0.16,6.1538
SHW,2020-06-30,2020-07-28,2.37,1.95,0.42,21.5385
SHW,2020-03-31,2020-04-29,1.36,1.31,0.05,3.8168
SHW,2019-12-31,2020-01-30,1.42,1.46,-0.04,-2.7397
SLB,2025-03-31,2025-04-25,0.58,0.74,-0.16,-21.6216
SLB,2024-12-31,2025-01-17,0.92,0.9,0.02,2.2222
SLB,2024-09-30,2024-10-18,0.89,0.88,0.01,1.1364
SLB,2024-06-30,2024-07-19,0.85,0.83,0.02,2.4096
SLB,2024-03-31,2024-04-19,0.75,0.75,0,0
SLB,2023-12-31,2024-01-19,0.86,0.83,0.03,3.6145
SLB,2023-09-30,2023-10-20,0.78,0.77,0.01,1.2987
SLB,2023-06-30,2023-07-21,0.72,0.71,0.01,1.4085
SLB,2023-03-31,2023-04-21,0.63,0.61,0.02,3.2787
SLB,2022-12-31,2023-01-20,0.71,0.68,0.03,4.4118
SLB,2022-09-30,2022-10-21,0.63,0.55,0.08,14.5455
SLB,2022-06-30,2022-07-22,0.5,0.4,0.1,25
SLB,2022-03-31,2022-04-22,0.34,0.33,0.01,3.0303
SLB,2021-12-31,2022-01-21,0.41,0.39,0.02,5.1282
SLB,2021-09-30,2021-10-22,0.36,0.36,0,0
SLB,2021-06-30,2021-07-23,0.3,0.26,0.04,15.3846
SLB,2021-03-31,2021-04-23,0.21,0.19,0.02,10.5263
SLB,2020-12-31,2021-01-22,0.22,0.17,0.05,29.4118
SLB,2020-09-30,2020-10-16,0.16,0.13,0.03,23.0769
SLB,2020-06-30,2020-07-24,0.05,-0.01,0.06,600
SLB,2020-03-31,2020-04-17,0.25,0.24,0.01,4.1667
SLB,2019-12-31,2020-01-17,0.39,0.37,0.02,5.4054
SNA,2025-03-31,2025-04-17,4.51,4.8188,-0.3088,-6.4082
SNA,2024-12-31,2025-02-06,4.82,4.7943,0.0257,0.5361
SNA,2024-09-30,2024-10-17,4.7,4.59,0.11,2.3965
SNA,2024-06-30,2024-07-18,5.07,4.94,0.13,2.6316
SNA,2024-03-31,2024-04-18,4.75,4.64,0.11,2.3707
SNA,2023-12-31,2024-02-08,4.75,4.66,0.09,1.9313
SNA,2023-09-30,2023-10-19,4.51,4.44,0.07,1.5766
SNA,2023-06-30,2023-07-20,4.89,4.58,0.31,6.7686
SNA,2023-03-31,2023-04-20,4.6,4.15,0.45,10.8434
SNA,2022-12-31,2023-02-02,4.42,4.2,0.22,5.2381
SNA,2022-09-30,2022-10-20,4.14,3.86,0.28,7.2539
SNA,2022-06-30,2022-07-21,4.27,3.95,0.32,8.1013
SNA,2022-03-31,2022-04-21,4,3.66,0.34,9.2896
SNA,2021-12-31,2022-02-03,4.1,3.69,0.41,11.1111
SNA,2021-09-30,2021-10-21,3.57,3.38,0.19,5.6213
SNA,2021-06-30,2021-07-22,3.76,3.22,0.54,16.7702
SNA,2021-03-31,2021-04-22,3.5,3.06,0.44,14.3791
SNA,2020-12-31,2021-02-04,3.84,2.95,0.89,30.1695
SNA,2020-09-30,2020-10-22,3.28,2.16,1.12,51.8519
SNA,2020-06-30,2020-07-31,1.91,1.83,0.08,4.3716
SNA,2020-03-31,2020-04-21,2.6,2.7,-0.1,-3.7037
SNA,2019-12-31,2020-02-06,3.08,3.08,0,0
SNPS,2025-04-30,2025-05-28,3.67,3.4,0.27,7.9412
SNPS,2025-01-31,2025-02-26,3.03,2.79,0.24,8.6022
SNPS,2024-10-31,2024-12-04,3.4,3.3,0.1,3.0303
SNPS,2024-07-31,2024-08-21,3.43,3.28,0.15,4.5732
SNPS,2024-04-30,2024-05-22,3,2.95,0.05,1.6949
SNPS,2024-01-31,2024-02-21,3.56,3.43,0.13,3.7901
SNPS,2023-10-31,2023-11-29,3.17,3.04,0.13,4.2763
SNPS,2023-07-31,2023-08-16,2.88,2.74,0.14,5.1095
SNPS,2023-04-30,2023-05-17,2.54,2.46,0.08,3.252
SNPS,2023-01-31,2023-02-15,2.62,2.5,0.12,4.8
SNPS,2022-10-31,2022-11-30,1.91,1.85,0.06,3.2432
SNPS,2022-07-31,2022-08-17,2.1,1.99,0.11,5.5276
SNPS,2022-04-30,2022-05-18,2.5,2.37,0.13,5.4852
SNPS,2022-01-31,2022-02-16,2.4,2.37,0.03,1.2658
SNPS,2021-10-31,2021-12-01,1.82,1.78,0.04,2.2472
SNPS,2021-07-31,2021-08-18,1.81,1.78,0.03,1.6854
SNPS,2021-04-30,2021-05-19,1.7,1.52,0.18,11.8421
SNPS,2021-01-31,2021-02-17,1.52,1.47,0.05,3.4014
SNPS,2020-10-31,2020-12-02,1.58,1.58,0,0
SNPS,2020-07-31,2020-08-19,1.74,1.35,0.39,28.8889
SNPS,2020-04-30,2020-05-20,1.22,0.99,0.23,23.2323
SNPS,2020-01-31,2020-02-19,1.01,0.92,0.09,9.7826
SO,2025-03-31,2025-05-01,1.23,1.14,0.09,7.8947
SO,2024-12-31,2025-02-20,0.5,0.53,-0.03,-5.6604
SO,2024-09-30,2024-10-31,1.43,1.34,0.09,6.7164
SO,2024-06-30,2024-08-01,1.1,0.92,0.18,19.5652
SO,2024-03-31,2024-05-02,1.03,0.91,0.12,13.1868
SO,2023-12-31,2024-02-15,0.64,0.6,0.04,6.6667
SO,2023-09-30,2023-11-02,1.42,1.32,0.1,7.5758
SO,2023-06-30,2023-08-03,0.79,0.75,0.04,5.3333
SO,2023-03-31,2023-04-27,0.79,0.71,0.08,11.2676
SO,2022-12-31,2023-02-16,0.26,0.24,0.02,8.3333
SO,2022-09-30,2022-10-27,1.31,1.33,-0.02,-1.5038
SO,2022-06-30,2022-07-28,1.07,0.84,0.23,27.381
SO,2022-03-31,2022-04-28,0.97,0.9,0.07,7.7778
SO,2021-12-31,2022-02-17,0.36,0.35,0.01,2.8571
SO,2021-09-30,2021-11-04,1.23,1.22,0.01,0.8197
SO,2021-06-30,2021-07-29,0.84,0.79,0.05,6.3291
SO,2021-03-31,2021-04-29,0.98,0.83,0.15,18.0723
SO,2020-12-31,2021-02-18,0.47,0.42,0.05,11.9048
SO,2020-09-30,2020-10-29,1.22,1.21,0.01,0.8264
SO,2020-06-30,2020-07-30,0.78,0.67,0.11,16.4179
SO,2020-03-31,2020-04-30,0.78,0.71,0.07,9.8592
SO,2019-12-31,2020-02-20,0.27,0.27,0,0
SPG,2025-03-31,2025-05-12,1.45,1.32,0.13,9.8485
SPG,2024-12-31,2025-02-04,1.79,1.85,-0.06,-3.2432
SPG,2024-09-30,2024-11-01,1.46,1.53,-0.07,-4.5752
SPG,2024-06-30,2024-08-05,1.51,1.51,0,0
SPG,2024-03-31,2024-05-06,2.25,1.38,0.87,63.0435
SPG,2023-12-31,2024-02-05,2.29,1.87,0.42,22.4599
SPG,2023-09-30,2023-10-30,1.82,1.55,0.27,17.4194
SPG,2023-06-30,2023-08-02,1.49,1.54,-0.05,-3.2468
SPG,2023-03-31,2023-05-02,1.38,1.39,-0.01,-0.7194
SPG,2022-12-31,2023-02-06,2.06,1.7,0.36,21.1765
SPG,2022-09-30,2022-11-01,1.65,1.44,0.21,14.5833
SPG,2022-06-30,2022-08-01,1.51,1.43,0.08,5.5944
SPG,2022-03-31,2022-05-09,1.3,1.29,0.01,0.7752
SPG,2021-12-31,2022-02-07,1.53,1.44,0.09,6.25
SPG,2021-09-30,2021-11-01,1.77,1.09,0.68,62.3853
SPG,2021-06-30,2021-08-02,1.56,1.01,0.55,54.4554
SPG,2021-03-31,2021-05-10,1.36,0.96,0.4,41.6667
SPG,2020-12-31,2021-02-08,0.86,0.88,-0.02,-2.2727
SPG,2020-09-30,2020-11-09,0.74,0.9,-0.16,-17.7778
SPG,2020-06-30,2020-08-10,0.83,0.98,-0.15,-15.3061
SPG,2020-03-31,2020-05-11,1.43,1.65,-0.22,-13.3333
SPG,2019-12-31,2020-02-04,1.66,1.56,0.1,6.4103
SPGI,2025-03-31,2025-04-29,4.37,4.21,0.16,3.8005
SPGI,2024-12-31,2025-02-11,3.77,3.4721,0.2979,8.5798
SPGI,2024-09-30,2024-10-24,3.89,3.64,0.25,6.8681
SPGI,2024-06-30,2024-07-30,4.04,3.65,0.39,10.6849
SPGI,2024-03-31,2024-04-25,4.01,3.66,0.35,9.5628
SPGI,2023-12-31,2024-02-08,3.13,3.15,-0.02,-0.6349
SPGI,2023-09-30,2023-11-02,3.21,3.05,0.16,5.2459
SPGI,2023-06-30,2023-07-27,3.12,3.14,-0.02,-0.6369
SPGI,2023-03-31,2023-04-27,3.15,2.91,0.24,8.2474
SPGI,2022-12-31,2023-02-09,2.54,2.48,0.06,2.4194
SPGI,2022-09-30,2022-10-27,2.93,2.79,0.14,5.0179
SPGI,2022-06-30,2022-08-02,2.81,2.94,-0.13,-4.4218
SPGI,2022-03-31,2022-05-03,2.89,2.98,-0.09,-3.0201
SPGI,2021-12-31,2022-02-08,3.15,3.13,0.02,0.639
SPGI,2021-09-30,2021-10-26,3.54,3.15,0.39,12.381
SPGI,2021-06-30,2021-07-29,3.62,3.27,0.35,10.7034
SPGI,2021-03-31,2021-04-29,3.39,3.03,0.36,11.8812
SPGI,2020-12-31,2021-02-09,2.71,2.51,0.2,7.9681
SPGI,2020-09-30,2020-10-27,2.85,2.57,0.28,10.8949
SPGI,2020-06-30,2020-07-28,3.4,2.67,0.73,27.3408
SPGI,2020-03-31,2020-04-28,2.73,2.3,0.43,18.6957
SPGI,2019-12-31,2020-02-06,2.53,2.43,0.1,4.1152
SRE,2025-03-31,2025-05-08,1.44,1.3171,0.1229,9.3311
SRE,2024-12-31,2025-02-25,1.5,1.5507,-0.0507,-3.2695
SRE,2024-09-30,2024-11-06,0.89,1.05,-0.16,-15.2381
SRE,2024-06-30,2024-08-06,0.89,0.94,-0.05,-5.3191
SRE,2024-03-31,2024-05-07,1.34,1.34,0,0
SRE,2023-12-31,2024-02-27,1.13,1.12,0.01,0.8929
SRE,2023-09-30,2023-11-03,1.08,1.01,0.07,6.9307
SRE,2023-06-30,2023-08-03,1.88,1.75,0.13,7.4286
SRE,2023-03-31,2023-05-04,2.92,2.77,0.15,5.4152
SRE,2022-12-31,2023-02-28,2.35,2.04,0.31,15.1961
SRE,2022-09-30,2022-11-03,1.97,1.79,0.18,10.0559
SRE,2022-06-30,2022-08-04,1.98,1.76,0.22,12.5
SRE,2022-03-31,2022-05-05,2.91,2.77,0.14,5.0542
SRE,2021-12-31,2022-02-25,2.16,2,0.16,8
SRE,2021-09-30,2021-11-05,1.7,1.7,0,0
SRE,2021-06-30,2021-08-05,1.63,1.59,0.04,2.5157
SRE,2021-03-31,2021-05-05,2.95,2.71,0.24,8.8561
SRE,2020-12-31,2021-02-25,1.9,1.56,0.34,21.7949
SRE,2020-09-30,2020-11-05,1.31,1.52,-0.21,-13.8158
SRE,2020-06-30,2020-08-05,1.65,1.5,0.15,10
SRE,2020-03-31,2020-05-04,3.08,2.26,0.82,36.2832
SRE,2019-12-31,2020-02-27,1.55,1.48,0.07,4.7297
STE,2025-03-31,2025-05-14,2.74,2.6,0.14,5.3846
STE,2024-12-31,2025-02-05,2.32,2.32,0,0
STE,2024-09-30,2024-11-06,2.14,2.13,0.01,0.4695
STE,2024-06-30,2024-08-06,2.14,1.98,0.16,8.0808
STE,2024-03-31,2024-05-08,2.58,2.35,0.23,9.7872
STE,2023-12-31,2024-02-07,2.22,2.17,0.05,2.3041
STE,2023-09-30,2023-11-07,2.03,2,0.03,1.5
STE,2023-06-30,2023-08-01,2,1.87,0.13,6.9519
STE,2023-03-31,2023-05-10,2.3,2.15,0.15,6.9767
STE,2022-12-31,2023-02-08,2.02,2.19,-0.17,-7.7626
STE,2022-09-30,2022-11-09,1.99,1.98,0.01,0.5051
STE,2022-06-30,2022-08-02,1.9,1.92,-0.02,-1.0417
STE,2022-03-31,2022-05-11,2.04,2.02,0.02,0.9901
STE,2021-12-31,2022-02-08,2.12,1.96,0.16,8.1633
STE,2021-09-30,2021-11-02,1.99,1.82,0.17,9.3407
STE,2021-06-30,2021-08-09,1.76,1.49,0.27,18.1208
STE,2021-03-31,2021-05-18,1.63,1.78,-0.15,-8.427
STE,2020-12-31,2021-02-02,1.73,1.52,0.21,13.8158
STE,2020-09-30,2020-11-02,1.48,1.27,0.21,16.5354
STE,2020-06-30,2020-08-03,1.31,0.96,0.35,36.4583
STE,2020-03-31,2020-05-13,1.64,1.58,0.06,3.7975
STE,2019-12-31,2020-02-10,1.45,1.42,0.03,2.1127
STLD,2025-03-31,2025-04-22,1.44,1.38,0.06,4.3478
STLD,2024-12-31,2025-01-22,1.36,1.28,0.08,6.25
STLD,2024-09-30,2024-10-16,2.05,1.99,0.06,3.0151
STLD,2024-06-30,2024-07-17,2.72,2.67,0.05,1.8727
STLD,2024-03-31,2024-04-23,3.67,3.51,0.16,4.5584
STLD,2023-12-31,2024-01-23,2.61,2.66,-0.05,-1.8797
STLD,2023-09-30,2023-10-18,3.47,3.43,0.04,1.1662
STLD,2023-06-30,2023-07-19,4.81,4.79,0.02,0.4175
STLD,2023-03-31,2023-04-19,4.01,3.52,0.49,13.9205
STLD,2022-12-31,2023-01-25,4.37,3.79,0.58,15.3034
STLD,2022-09-30,2022-10-19,5.46,5.09,0.37,7.2692
STLD,2022-06-30,2022-07-20,6.73,6.05,0.68,11.2397
STLD,2022-03-31,2022-04-20,6.02,5.66,0.36,6.3604
STLD,2021-12-31,2022-01-24,5.78,5.72,0.06,1.049
STLD,2021-09-30,2021-10-18,4.96,4.77,0.19,3.9832
STLD,2021-06-30,2021-07-19,3.4,3.42,-0.02,-0.5848
STLD,2021-03-31,2021-04-19,2.1,1.91,0.19,9.9476
STLD,2020-12-31,2021-01-25,0.97,0.82,0.15,18.2927
STLD,2020-09-30,2020-10-19,0.51,0.47,0.04,8.5106
STLD,2020-06-30,2020-07-20,0.47,0.35,0.12,34.2857
STLD,2020-03-31,2020-04-20,0.88,0.79,0.09,11.3924
STLD,2019-12-31,2020-01-22,0.62,0.55,0.07,12.7273
STT,2025-03-31,2025-04-17,2.04,2.01,0.03,1.4925
STT,2024-12-31,2025-01-17,2.6,2.44,0.16,6.5574
STT,2024-09-30,2024-10-15,2.26,2.12,0.14,6.6038
STT,2024-06-30,2024-07-16,2.15,2.02,0.13,6.4356
STT,2024-03-31,2024-04-12,1.69,1.5,0.19,12.6667
STT,2023-12-31,2024-01-19,2.04,1.83,0.21,11.4754
STT,2023-09-30,2023-10-18,1.93,1.83,0.1,5.4645
STT,2023-06-30,2023-07-14,2.17,2.1,0.07,3.3333
STT,2023-03-31,2023-04-17,1.52,1.64,-0.12,-7.3171
STT,2022-12-31,2023-01-20,2.07,1.96,0.11,5.6122
STT,2022-09-30,2022-10-18,1.82,1.78,0.04,2.2472
STT,2022-06-30,2022-07-15,1.94,1.73,0.21,12.1387
STT,2022-03-31,2022-04-14,1.59,1.48,0.11,7.4324
STT,2021-12-31,2022-01-19,2,1.89,0.11,5.8201
STT,2021-09-30,2021-10-18,2,1.92,0.08,4.1667
STT,2021-06-30,2021-07-16,1.97,1.8,0.17,9.4444
STT,2021-03-31,2021-04-16,1.47,1.34,0.13,9.7015
STT,2020-12-31,2021-01-19,1.69,1.55,0.14,9.0323
STT,2020-09-30,2020-10-16,1.45,1.41,0.04,2.8369
STT,2020-06-30,2020-07-17,1.88,1.6,0.28,17.5
STT,2020-03-31,2020-04-17,1.67,1.35,0.32,23.7037
STT,2019-12-31,2020-01-17,1.98,1.69,0.29,17.1598
STX,2025-03-31,2025-04-29,1.9,1.74,0.16,9.1954
STX,2024-12-31,2025-01-21,2.03,1.88,0.15,7.9787
STX,2024-09-30,2024-10-22,1.41,1.29,0.12,9.3023
STX,2024-06-30,2024-07-23,1.05,0.75,0.3,40
STX,2024-03-31,2024-04-23,0.33,0.26,0.07,26.9231
STX,2023-12-31,2024-01-24,0.12,-0.06,0.18,300
STX,2023-09-30,2023-10-26,-0.22,-0.25,0.03,12
STX,2023-06-30,2023-07-26,-0.18,-0.25,0.07,28
STX,2023-03-31,2023-04-20,-0.28,0.21,-0.49,-233.3333
STX,2022-12-31,2023-01-25,0.16,0.09,0.07,77.7778
STX,2022-09-30,2022-10-26,0.48,0.71,-0.23,-32.3944
STX,2022-06-30,2022-07-21,1.59,1.89,-0.3,-15.873
STX,2022-03-31,2022-04-27,1.81,1.88,-0.07,-3.7234
STX,2021-12-31,2022-01-26,2.41,2.36,0.05,2.1186
STX,2021-09-30,2021-10-22,2.35,2.21,0.14,6.3348
STX,2021-06-30,2021-07-21,2,1.88,0.12,6.383
STX,2021-03-31,2021-04-22,1.48,1.32,0.16,12.1212
STX,2020-12-31,2021-01-21,1.29,1.13,0.16,14.1593
STX,2020-09-30,2020-10-22,0.93,0.9,0.03,3.3333
STX,2020-06-30,2020-07-28,1.2,1.3,-0.1,-7.6923
STX,2020-03-31,2020-04-22,1.38,1.31,0.07,5.3435
STX,2019-12-31,2020-02-04,1.35,1.33,0.02,1.5038
STZ,2025-05-31,2025-07-01,3.22,3.29,-0.07,-2.1277
STZ,2025-02-28,2025-04-09,2.63,2.27,0.36,15.859
STZ,2024-11-30,2025-01-10,3.25,3.31,-0.06,-1.8127
STZ,2024-08-31,2024-10-03,4.32,4.08,0.24,5.8824
STZ,2024-05-31,2024-07-03,3.57,3.46,0.11,3.1792
STZ,2024-02-29,2024-04-11,2.26,2.08,0.18,8.6538
STZ,2023-11-30,2024-01-05,3.19,3,0.19,6.3333
STZ,2023-08-31,2023-10-05,3.7,3.36,0.34,10.119
STZ,2023-05-31,2023-06-30,2.91,2.83,0.08,2.8269
STZ,2023-02-28,2023-04-06,1.98,1.82,0.16,8.7912
STZ,2022-11-30,2023-01-05,2.83,2.89,-0.06,-2.0761
STZ,2022-08-31,2022-10-06,3.17,2.81,0.36,12.8114
STZ,2022-05-31,2022-06-30,2.66,2.51,0.15,5.9761
STZ,2022-02-28,2022-04-07,2.37,2.1,0.27,12.8571
STZ,2021-11-30,2022-01-06,3.12,2.76,0.36,13.0435
STZ,2021-08-31,2021-10-06,2.38,2.77,-0.39,-14.0794
STZ,2021-05-31,2021-06-30,2.33,2.34,-0.01,-0.4274
STZ,2021-02-28,2021-04-08,1.82,1.55,0.27,17.4194
STZ,2020-11-30,2021-01-07,3.09,2.39,0.7,29.2887
STZ,2020-08-31,2020-10-01,2.76,2.51,0.25,9.9602
STZ,2020-05-31,2020-07-01,2.3,2.01,0.29,14.4279
STZ,2020-02-29,2020-04-03,2.06,1.65,0.41,24.8485
STZ,2019-11-30,2020-01-08,2.14,1.83,0.31,16.9399
SWK,2025-03-31,2025-04-30,0.75,0.66,0.09,13.6364
SWK,2024-12-31,2025-02-05,1.49,1.27,0.22,17.3228
SWK,2024-09-30,2024-10-29,1.22,1.05,0.17,16.1905
SWK,2024-06-30,2024-07-30,1.09,0.84,0.25,29.7619
SWK,2024-03-31,2024-05-02,0.56,0.55,0.01,1.8182
SWK,2023-12-31,2024-02-01,0.92,0.78,0.14,17.9487
SWK,2023-09-30,2023-10-27,1.05,0.83,0.22,26.506
SWK,2023-06-30,2023-08-01,-0.11,-0.35,0.24,68.5714
SWK,2023-03-31,2023-05-04,-0.41,-0.74,0.33,44.5946
SWK,2022-12-31,2023-02-02,-0.1,-0.34,0.24,70.5882
SWK,2022-09-30,2022-10-27,0.76,0.7,0.06,8.5714
SWK,2022-06-30,2022-07-28,1.77,2.13,-0.36,-16.9014
SWK,2022-03-31,2022-04-28,2.1,1.7,0.4,23.5294
SWK,2021-12-31,2022-02-01,2.14,2.04,0.1,4.902
SWK,2021-09-30,2021-10-28,2.77,2.47,0.3,12.1457
SWK,2021-06-30,2021-07-27,3.08,2.9,0.18,6.2069
SWK,2021-03-31,2021-04-28,3.13,2.57,0.56,21.7899
SWK,2020-12-31,2021-01-28,3.29,3.02,0.27,8.9404
SWK,2020-09-30,2020-10-27,2.89,2.7,0.19,7.037
SWK,2020-06-30,2020-07-30,1.6,1.25,0.35,28
SWK,2020-03-31,2020-04-30,1.2,1.08,0.12,11.1111
SWK,2019-12-31,2020-01-29,2.18,2.18,0,0
SWKS,2025-03-31,2025-05-07,1.24,1.2028,0.0372,3.0928
SWKS,2024-12-31,2025-02-05,1.6,1.57,0.03,1.9108
SWKS,2024-09-30,2024-11-12,1.55,1.52,0.03,1.9737
SWKS,2024-06-30,2024-07-30,1.21,1.21,0,0
SWKS,2024-03-31,2024-04-30,1.55,1.52,0.03,1.9737
SWKS,2023-12-31,2024-01-30,1.97,1.95,0.02,1.0256
SWKS,2023-09-30,2023-11-02,2.2,2.1,0.1,4.7619
SWKS,2023-06-30,2023-08-07,1.73,1.7,0.03,1.7647
SWKS,2023-03-31,2023-05-08,2.02,2.02,0,0
SWKS,2022-12-31,2023-02-06,2.59,2.61,-0.02,-0.7663
SWKS,2022-09-30,2022-11-03,3.02,2.9,0.12,4.1379
SWKS,2022-06-30,2022-08-04,2.44,2.35,0.09,3.8298
SWKS,2022-03-31,2022-05-03,2.63,2.63,0,0
SWKS,2021-12-31,2022-02-03,3.14,3.1,0.04,1.2903
SWKS,2021-09-30,2021-11-04,2.62,2.53,0.09,3.5573
SWKS,2021-06-30,2021-07-29,2.15,2.14,0.01,0.4673
SWKS,2021-03-31,2021-04-29,2.37,2.35,0.02,0.8511
SWKS,2020-12-31,2021-01-28,3.36,2.08,1.28,61.5385
SWKS,2020-09-30,2020-11-02,1.85,1.52,0.33,21.7105
SWKS,2020-06-30,2020-07-23,1.25,1.12,0.13,11.6071
SWKS,2020-03-31,2020-05-04,1.34,1.33,0.01,0.7519
SWKS,2019-12-31,2020-01-23,1.68,1.65,0.03,1.8182
SYF,2025-03-31,2025-04-22,1.89,1.72,0.17,9.8837
SYF,2024-12-31,2025-01-28,1.91,1.92,-0.01,-0.5208
SYF,2024-09-30,2024-10-16,1.94,1.82,0.12,6.5934
SYF,2024-06-30,2024-07-17,1.55,1.37,0.18,13.1387
SYF,2024-03-31,2024-04-24,1.18,1.37,-0.19,-13.8686
SYF,2023-12-31,2024-01-23,1.18,0.95,0.23,24.2105
SYF,2023-09-30,2023-10-24,1.48,1.44,0.04,2.7778
SYF,2023-06-30,2023-07-18,1.32,1.26,0.06,4.7619
SYF,2023-03-31,2023-04-19,1.35,1.45,-0.1,-6.8966
SYF,2022-12-31,2023-01-23,1.26,1.12,0.14,12.5
SYF,2022-09-30,2022-10-25,1.47,1.39,0.08,5.7554
SYF,2022-06-30,2022-07-18,1.6,1.38,0.22,15.942
SYF,2022-03-31,2022-04-18,1.77,1.54,0.23,14.9351
SYF,2021-12-31,2022-01-28,1.34,1.41,-0.07,-4.9645
SYF,2021-09-30,2021-10-19,1.67,1.46,0.21,14.3836
SYF,2021-06-30,2021-07-20,2.12,1.36,0.76,55.8824
SYF,2021-03-31,2021-04-27,1.73,1.38,0.35,25.3623
SYF,2020-12-31,2021-01-29,1.24,0.86,0.38,44.186
SYF,2020-09-30,2020-10-20,0.63,0.69,-0.06,-8.6957
SYF,2020-06-30,2020-07-21,0.06,0.2,-0.14,-70
SYF,2020-03-31,2020-04-21,0.45,0.66,-0.21,-31.8182
SYF,2019-12-31,2020-01-24,1.1,1.07,0.03,2.8037
SYK,2025-03-31,2025-05-01,1.69,2.28,-0.59,-25.8772
SYK,2024-12-31,2025-01-28,4.01,3.87,0.14,3.6176
SYK,2024-09-30,2024-10-29,2.87,2.77,0.1,3.6101
SYK,2024-06-30,2024-07-30,2.81,2.79,0.02,0.7168
SYK,2024-03-31,2024-04-30,2.5,2.36,0.14,5.9322
SYK,2023-12-31,2024-01-30,3.46,3.27,0.19,5.8104
SYK,2023-09-30,2023-11-02,2.46,2.44,0.02,0.8197
SYK,2023-06-30,2023-08-03,2.54,2.38,0.16,6.7227
SYK,2023-03-31,2023-05-01,2.14,2,0.14,7
SYK,2022-12-31,2023-01-31,3,2.84,0.16,5.6338
SYK,2022-09-30,2022-10-31,2.12,2.23,-0.11,-4.9327
SYK,2022-06-30,2022-07-26,2.25,2.28,-0.03,-1.3158
SYK,2022-03-31,2022-04-28,1.97,1.92,0.05,2.6042
SYK,2021-12-31,2022-01-27,2.71,2.72,-0.01,-0.3676
SYK,2021-09-30,2021-10-28,2.2,2.28,-0.08,-3.5088
SYK,2021-06-30,2021-07-27,2.25,2.13,0.12,5.6338
SYK,2021-03-31,2021-04-27,1.93,1.98,-0.05,-2.5253
SYK,2020-12-31,2021-01-27,2.81,2.55,0.26,10.1961
SYK,2020-09-30,2020-10-29,2.14,1.43,0.71,49.6503
SYK,2020-06-30,2020-07-30,0.64,0.57,0.07,12.2807
SYK,2020-03-31,2020-04-30,1.84,1.74,0.1,5.7471
SYK,2019-12-31,2020-01-28,2.49,2.46,0.03,1.2195
SYY,2025-03-31,2025-04-29,0.96,1.02,-0.06,-5.8824
SYY,2024-12-31,2025-01-28,0.93,0.92,0.01,1.087
SYY,2024-09-30,2024-10-29,1.09,1.13,-0.04,-3.5398
SYY,2024-06-30,2024-07-30,1.39,1.38,0.01,0.7246
SYY,2024-03-31,2024-04-30,0.96,0.95,0.01,1.0526
SYY,2023-12-31,2024-01-30,0.89,0.88,0.01,1.1364
SYY,2023-09-30,2023-10-31,1.07,1.04,0.03,2.8846
SYY,2023-06-30,2023-08-01,1.34,1.33,0.01,0.7519
SYY,2023-03-31,2023-05-02,0.9,0.92,-0.02,-2.1739
SYY,2022-12-31,2023-01-31,0.8,0.84,-0.04,-4.7619
SYY,2022-09-30,2022-11-01,0.97,0.99,-0.02,-2.0202
SYY,2022-06-30,2022-08-09,1.15,1.11,0.04,3.6036
SYY,2022-03-31,2022-05-10,0.71,0.55,0.16,29.0909
SYY,2021-12-31,2022-02-08,0.57,0.71,-0.14,-19.7183
SYY,2021-09-30,2021-11-09,0.83,0.86,-0.03,-3.4884
SYY,2021-06-30,2021-08-10,0.71,0.6,0.11,18.3333
SYY,2021-03-31,2021-05-04,0.22,0.2,0.02,10
SYY,2020-12-31,2021-02-02,0.17,0.34,-0.17,-50
SYY,2020-09-30,2020-11-03,0.34,0.25,0.09,36
SYY,2020-06-30,2020-08-11,-0.29,-0.3,0.01,3.3333
SYY,2020-03-31,2020-05-05,0.45,0.58,-0.13,-22.4138
SYY,2019-12-31,2020-02-03,0.85,0.84,0.01,1.1905
TAP,2025-03-31,2025-05-08,0.5,0.8,-0.3,-37.5
TAP,2024-12-31,2025-02-13,1.3,1.13,0.17,15.0442
TAP,2024-09-30,2024-11-07,0.96,1.63,-0.67,-41.1043
TAP,2024-06-30,2024-08-06,1.92,1.68,0.24,14.2857
TAP,2024-03-31,2024-04-30,0.95,0.74,0.21,28.3784
TAP,2023-12-31,2024-02-13,1.19,1.12,0.07,6.25
TAP,2023-09-30,2023-11-02,1.92,1.58,0.34,21.519
TAP,2023-06-30,2023-08-01,1.78,1.63,0.15,9.2025
TAP,2023-03-31,2023-05-02,0.54,0.26,0.28,107.6923
TAP,2022-12-31,2023-02-21,1.3,1.07,0.23,21.4953
TAP,2022-09-30,2022-11-01,1.32,1.36,-0.04,-2.9412
TAP,2022-06-30,2022-08-02,1.19,1.19,0,0
TAP,2022-03-31,2022-05-03,0.29,0.19,0.1,52.6316
TAP,2021-12-31,2022-02-23,0.81,0.86,-0.05,-5.814
TAP,2021-09-30,2021-10-28,1.75,1.53,0.22,14.3791
TAP,2021-06-30,2021-07-29,1.58,1.34,0.24,17.9104
TAP,2021-03-31,2021-04-29,0.01,-0.1,0.11,110
TAP,2020-12-31,2021-02-11,0.4,0.77,-0.37,-48.0519
TAP,2020-09-30,2020-10-29,1.62,1.02,0.6,58.8235
TAP,2020-06-30,2020-07-30,1.55,0.68,0.87,127.9412
TAP,2020-03-31,2020-04-30,0.35,0.33,0.02,6.0606
TAP,2019-12-31,2020-02-12,1.02,0.78,0.24,30.7692
TDY,2025-03-31,2025-04-23,4.95,4.92,0.03,0.6098
TDY,2024-12-31,2025-01-22,5.52,5.23,0.29,5.5449
TDY,2024-09-30,2024-10-23,5.1,4.97,0.13,2.6157
TDY,2024-06-30,2024-07-24,4.58,4.5,0.08,1.7778
TDY,2024-03-31,2024-04-24,4.55,4.63,-0.08,-1.7279
TDY,2023-12-31,2024-01-24,5.44,5.04,0.4,7.9365
TDY,2023-09-30,2023-10-25,5.05,4.76,0.29,6.0924
TDY,2023-06-30,2023-07-26,4.67,4.64,0.03,0.6466
TDY,2023-03-31,2023-04-26,4.53,4.43,0.1,2.2573
TDY,2022-12-31,2023-01-25,4.94,4.54,0.4,8.8106
TDY,2022-09-30,2022-10-26,4.54,4.3,0.24,5.5814
TDY,2022-06-30,2022-07-27,4.43,4.38,0.05,1.1416
TDY,2022-03-31,2022-04-27,4.27,4.08,0.19,4.6569
TDY,2021-12-31,2022-01-27,4.56,4.22,0.34,8.0569
TDY,2021-09-30,2021-10-27,4.34,3.69,0.65,17.6152
TDY,2021-06-30,2021-07-28,4.61,2.82,1.79,63.4752
TDY,2021-03-31,2021-04-28,3.02,2.56,0.46,17.9688
TDY,2020-12-31,2021-01-27,3.73,3.17,0.56,17.6656
TDY,2020-09-30,2020-10-21,2.57,2.4,0.17,7.0833
TDY,2020-06-30,2020-07-22,2.68,2.04,0.64,31.3725
TDY,2020-03-31,2020-04-22,2.29,2.1,0.19,9.0476
TDY,2019-12-31,2020-01-22,2.89,2.72,0.17,6.25
TECH,2025-03-31,2025-05-07,0.56,0.51,0.05,9.8039
TECH,2024-12-31,2025-02-05,0.42,0.39,0.03,7.6923
TECH,2024-09-30,2024-10-30,0.42,0.38,0.04,10.5263
TECH,2024-06-30,2024-08-07,0.49,0.49,0,0
TECH,2024-03-31,2024-05-01,0.48,0.45,0.03,6.6667
TECH,2023-12-31,2024-02-01,0.4,0.41,-0.01,-2.439
TECH,2023-09-30,2023-10-31,0.41,0.44,-0.03,-6.8182
TECH,2023-06-30,2023-08-08,0.55,0.55,0,0
TECH,2023-03-31,2023-05-03,0.53,0.53,0,0
TECH,2022-12-31,2023-02-02,0.47,0.62,-0.15,-24.1935
TECH,2022-09-30,2022-11-01,0.45,0.59,-0.14,-23.7288
TECH,2022-06-30,2022-08-04,0.51,0.52,-0.01,-1.9231
TECH,2022-03-31,2022-05-04,0.54,0.5,0.04,8
TECH,2021-12-31,2022-02-01,0.47,0.45,0.02,4.4444
TECH,2021-09-30,2021-11-02,0.46,0.43,0.03,6.9767
TECH,2021-06-30,2021-08-05,0.47,0.43,0.04,9.3023
TECH,2021-03-31,2021-05-06,0.45,0.39,0.06,15.3846
TECH,2020-12-31,2021-02-02,0.41,0.34,0.07,20.5882
TECH,2020-09-30,2020-11-05,0.36,0.27,0.09,33.3333
TECH,2020-06-30,2020-08-04,0.25,0.19,0.06,31.5789
TECH,2020-03-31,2020-04-30,0.35,0.29,0.06,20.6897
TECH,2019-12-31,2020-02-04,0.27,0.28,-0.01,-3.5714
TEL,2025-03-31,2025-04-23,0.04,1.96,-1.92,-97.9592
TEL,2024-12-31,2025-01-22,1.75,1.83,-0.08,-4.3716
TEL,2024-09-30,2024-10-30,1.95,1.94,0.01,0.5155
TEL,2024-06-30,2024-07-24,1.91,1.86,0.05,2.6882
TEL,2024-03-31,2024-04-24,1.86,1.83,0.03,1.6393
TEL,2023-12-31,2024-01-24,1.84,1.71,0.13,7.6023
TEL,2023-09-30,2023-11-01,1.78,1.76,0.02,1.1364
TEL,2023-06-30,2023-07-26,1.77,1.66,0.11,6.6265
TEL,2023-03-31,2023-04-26,1.65,1.58,0.07,4.4304
TEL,2022-12-31,2023-01-25,1.53,1.51,0.02,1.3245
TEL,2022-09-30,2022-11-02,1.88,1.87,0.01,0.5348
TEL,2022-06-30,2022-07-27,1.86,1.75,0.11,6.2857
TEL,2022-03-31,2022-04-27,1.81,1.7,0.11,6.4706
TEL,2021-12-31,2022-01-26,1.76,1.61,0.15,9.3168
TEL,2021-09-30,2021-10-27,1.69,1.64,0.05,3.0488
TEL,2021-06-30,2021-07-28,1.79,1.58,0.21,13.2911
TEL,2021-03-31,2021-04-21,1.57,1.48,0.09,6.0811
TEL,2020-12-31,2021-01-27,1.47,1.28,0.19,14.8438
TEL,2020-09-30,2020-10-28,1.16,0.87,0.29,33.3333
TEL,2020-06-30,2020-07-29,0.59,0.4,0.19,47.5
TEL,2020-03-31,2020-04-28,1.29,1,0.29,29
TEL,2019-12-31,2020-01-29,1.21,1.14,0.07,6.1404
TER,2025-03-31,2025-04-28,0.75,0.62,0.13,20.9677
TER,2024-12-31,2025-01-29,0.95,0.91,0.04,4.3956
TER,2024-09-30,2024-10-23,0.9,0.79,0.11,13.9241
TER,2024-06-30,2024-07-24,0.86,0.77,0.09,11.6883
TER,2024-03-31,2024-04-24,0.51,0.33,0.18,54.5455
TER,2023-12-31,2024-01-30,0.79,0.72,0.07,9.7222
TER,2023-09-30,2023-10-25,0.8,0.73,0.07,9.589
TER,2023-06-30,2023-07-26,0.79,0.66,0.13,19.697
TER,2023-03-31,2023-04-26,0.55,0.44,0.11,25
TER,2022-12-31,2023-01-25,0.92,0.75,0.17,22.6667
TER,2022-09-30,2022-10-25,1.15,1.04,0.11,10.5769
TER,2022-06-30,2022-07-26,1.21,1.14,0.07,6.1404
TER,2022-03-31,2022-04-26,0.98,0.89,0.09,10.1124
TER,2021-12-31,2022-01-26,1.37,1.29,0.08,6.2016
TER,2021-09-30,2021-10-26,1.59,1.44,0.15,10.4167
TER,2021-06-30,2021-07-27,1.91,1.75,0.16,9.1429
TER,2021-03-31,2021-04-27,1.11,1.05,0.06,5.7143
TER,2020-12-31,2021-01-27,1.1,1.01,0.09,8.9109
TER,2020-09-30,2020-10-20,1.18,1.12,0.06,5.3571
TER,2020-06-30,2020-07-21,1.33,1.03,0.3,29.1262
TER,2020-03-31,2020-04-21,1,0.87,0.13,14.9425
TER,2019-12-31,2020-01-22,0.88,0.79,0.09,11.3924
TFC,2025-03-31,2025-04-17,0.87,0.86,0.01,1.1628
TFC,2024-12-31,2025-01-17,0.91,0.88,0.03,3.4091
TFC,2024-09-30,2024-10-17,0.97,0.9,0.07,7.7778
TFC,2024-06-30,2024-07-22,0.91,0.82,0.09,10.9756
TFC,2024-03-31,2024-04-22,0.84,0.79,0.05,6.3291
TFC,2023-12-31,2024-01-18,0.91,0.89,0.02,2.2472
TFC,2023-09-30,2023-10-19,0.84,0.82,0.02,2.439
TFC,2023-06-30,2023-07-20,0.95,1.01,-0.06,-5.9406
TFC,2023-03-31,2023-04-20,1.09,1.14,-0.05,-4.386
TFC,2022-12-31,2023-01-19,1.3,1.29,0.01,0.7752
TFC,2022-09-30,2022-10-18,1.24,1.24,0,0
TFC,2022-06-30,2022-07-19,1.2,1.16,0.04,3.4483
TFC,2022-03-31,2022-04-19,1.23,1.1,0.13,11.8182
TFC,2021-12-31,2022-01-18,1.38,1.26,0.12,9.5238
TFC,2021-09-30,2021-10-15,1.42,1.21,0.21,17.3554
TFC,2021-06-30,2021-07-15,1.55,1.19,0.36,30.2521
TFC,2021-03-31,2021-04-15,1.18,1.11,0.07,6.3063
TFC,2020-12-31,2021-01-21,1.18,0.97,0.21,21.6495
TFC,2020-09-30,2020-10-15,0.97,0.89,0.08,8.9888
TFC,2020-06-30,2020-07-16,0.82,0.72,0.1,13.8889
TFC,2020-03-31,2020-04-20,0.83,0.67,0.16,23.8806
TFC,2019-12-31,2020-01-30,1.04,1.03,0.01,0.9709
TFX,2025-03-31,2025-05-01,2.91,2.8842,0.0258,0.8945
TFX,2024-12-31,2025-02-27,3.89,3.875,0.015,0.3871
TFX,2024-09-30,2024-10-31,3.49,3.39,0.1,2.9499
TFX,2024-06-30,2024-08-01,3.42,3.33,0.09,2.7027
TFX,2024-03-31,2024-05-02,3.21,3.07,0.14,4.5603
TFX,2023-12-31,2024-02-22,3.38,3.26,0.12,3.681
TFX,2023-09-30,2023-11-02,3.64,3.27,0.37,11.315
TFX,2023-06-30,2023-08-03,3.41,3.21,0.2,6.2305
TFX,2023-03-31,2023-05-04,3.09,2.97,0.12,4.0404
TFX,2022-12-31,2023-02-23,3.52,3.44,0.08,2.3256
TFX,2022-09-30,2022-10-27,3.27,3.11,0.16,5.1447
TFX,2022-06-30,2022-07-28,3.39,3.35,0.04,1.194
TFX,2022-03-31,2022-04-28,2.88,2.75,0.13,4.7273
TFX,2021-12-31,2022-02-24,3.6,3.53,0.07,1.983
TFX,2021-09-30,2021-10-28,3.51,3.03,0.48,15.8416
TFX,2021-06-30,2021-07-29,3.35,2.87,0.48,16.7247
TFX,2021-03-31,2021-04-29,2.87,2.42,0.45,18.595
TFX,2020-12-31,2021-02-25,3.25,3.05,0.2,6.5574
TFX,2020-09-30,2020-10-29,2.77,2.24,0.53,23.6607
TFX,2020-06-30,2020-07-30,1.93,1.25,0.68,54.4
TFX,2020-03-31,2020-04-30,2.72,2.35,0.37,15.7447
TFX,2019-12-31,2020-02-20,3.28,3.22,0.06,1.8634
TGT,2025-04-30,2025-05-21,1.3,1.65,-0.35,-21.2121
TGT,2025-01-31,2025-03-04,2.41,2.25,0.16,7.1111
TGT,2024-10-31,2024-11-20,1.85,2.3,-0.45,-19.5652
TGT,2024-07-31,2024-08-21,2.57,2.18,0.39,17.8899
TGT,2024-04-30,2024-05-22,2.03,2.06,-0.03,-1.4563
TGT,2024-01-31,2024-03-05,2.98,2.42,0.56,23.1405
TGT,2023-10-31,2023-11-15,2.1,1.48,0.62,41.8919
TGT,2023-07-31,2023-08-16,1.8,1.39,0.41,29.4964
TGT,2023-04-30,2023-05-17,2.05,1.76,0.29,16.4773
TGT,2023-01-31,2023-02-28,1.89,1.4,0.49,35
TGT,2022-10-31,2022-11-16,1.54,2.13,-0.59,-27.6995
TGT,2022-07-31,2022-08-17,0.39,0.72,-0.33,-45.8333
TGT,2022-04-30,2022-05-18,2.19,3.07,-0.88,-28.6645
TGT,2022-01-31,2022-03-01,3.19,2.86,0.33,11.5385
TGT,2021-10-31,2021-11-17,3.03,2.83,0.2,7.0671
TGT,2021-07-31,2021-08-18,3.64,3.49,0.15,4.298
TGT,2021-04-30,2021-05-19,3.69,2.25,1.44,64
TGT,2021-01-31,2021-03-02,2.67,2.54,0.13,5.1181
TGT,2020-10-31,2020-11-18,2.79,1.6,1.19,74.375
TGT,2020-07-31,2020-08-19,3.38,1.62,1.76,108.642
TGT,2020-04-30,2020-05-20,0.59,0.4,0.19,47.5
TGT,2020-01-31,2020-03-03,1.69,1.66,0.03,1.8072
TJX,2025-04-30,2025-05-21,0.92,0.91,0.01,1.0989
TJX,2025-01-31,2025-02-26,1.23,1.17,0.06,5.1282
TJX,2024-10-31,2024-11-20,1.14,1.1,0.04,3.6364
TJX,2024-07-31,2024-08-21,0.96,0.92,0.04,4.3478
TJX,2024-04-30,2024-05-22,0.93,0.87,0.06,6.8966
TJX,2024-01-31,2024-02-28,1.22,1.12,0.1,8.9286
TJX,2023-10-31,2023-11-15,1.03,0.99,0.04,4.0404
TJX,2023-07-31,2023-08-16,0.85,0.77,0.08,10.3896
TJX,2023-04-30,2023-05-17,0.76,0.71,0.05,7.0423
TJX,2023-01-31,2023-02-22,0.89,0.89,0,0
TJX,2022-10-31,2022-11-16,0.86,0.8,0.06,7.5
TJX,2022-07-31,2022-08-17,0.69,0.66,0.03,4.5455
TJX,2022-04-30,2022-05-18,0.68,0.6,0.08,13.3333
TJX,2022-01-31,2022-02-23,0.78,0.91,-0.13,-14.2857
TJX,2021-10-31,2021-11-17,0.84,0.81,0.03,3.7037
TJX,2021-07-31,2021-08-18,0.79,0.57,0.22,38.5965
TJX,2021-04-30,2021-05-19,0.44,0.31,0.13,41.9355
TJX,2021-01-31,2021-02-24,0.5,0.62,-0.12,-19.3548
TJX,2020-10-31,2020-11-18,0.71,0.4,0.31,77.5
TJX,2020-07-31,2020-08-19,-0.18,-0.1,-0.08,-80
TJX,2020-04-30,2020-05-21,-0.74,-0.18,-0.56,-311.1111
TJX,2020-01-31,2020-02-26,0.81,0.77,0.04,5.1948
TMO,2025-03-31,2025-04-23,5.15,5.1,0.05,0.9804
TMO,2024-12-31,2025-01-30,6.1,5.94,0.16,2.6936
TMO,2024-09-30,2024-10-23,5.28,5.25,0.03,0.5714
TMO,2024-06-30,2024-07-24,5.37,5.12,0.25,4.8828
TMO,2024-03-31,2024-04-24,5.11,4.71,0.4,8.4926
TMO,2023-12-31,2024-01-31,5.67,5.64,0.03,0.5319
TMO,2023-09-30,2023-10-25,5.69,5.61,0.08,1.426
TMO,2023-06-30,2023-07-26,5.15,5.43,-0.28,-5.1565
TMO,2023-03-31,2023-04-26,5.03,5.03,0,0
TMO,2022-12-31,2023-02-01,5.4,5.2,0.2,3.8462
TMO,2022-09-30,2022-10-26,5.08,4.81,0.27,5.6133
TMO,2022-06-30,2022-07-28,5.51,4.99,0.52,10.4208
TMO,2022-03-31,2022-04-28,7.25,6.18,1.07,17.3139
TMO,2021-12-31,2022-02-02,6.54,5.27,1.27,24.0987
TMO,2021-09-30,2021-10-27,5.76,4.67,1.09,23.3405
TMO,2021-06-30,2021-07-28,5.6,5.44,0.16,2.9412
TMO,2021-03-31,2021-04-29,7.21,6.65,0.56,8.4211
TMO,2020-12-31,2021-02-01,7.09,6.56,0.53,8.0793
TMO,2020-09-30,2020-10-21,5.63,4.31,1.32,30.6265
TMO,2020-06-30,2020-07-22,3.89,3.42,0.47,13.7427
TMO,2020-03-31,2020-04-22,2.94,2.79,0.15,5.3763
TMO,2019-12-31,2020-01-30,3.55,3.54,0.01,0.2825
TMUS,2025-03-31,2025-04-24,2.58,2.47,0.11,4.4534
TMUS,2024-12-31,2025-01-29,2.57,2.28,0.29,12.7193
TMUS,2024-09-30,2024-10-23,2.61,2.42,0.19,7.8512
TMUS,2024-06-30,2024-07-31,2.49,2.28,0.21,9.2105
TMUS,2024-03-31,2024-04-25,2,1.87,0.13,6.9519
TMUS,2023-12-31,2024-01-25,1.67,1.9,-0.23,-12.1053
TMUS,2023-09-30,2023-10-25,1.82,1.74,0.08,4.5977
TMUS,2023-06-30,2023-07-27,1.86,1.69,0.17,10.0592
TMUS,2023-03-31,2023-04-27,1.58,1.48,0.1,6.7568
TMUS,2022-12-31,2023-02-01,1.18,1.1,0.08,7.2727
TMUS,2022-09-30,2022-10-27,0.4,0.04,0.36,900
TMUS,2022-06-30,2022-07-27,0.43,0.25,0.18,72
TMUS,2022-03-31,2022-04-27,0.57,0.33,0.24,72.7273
TMUS,2021-12-31,2022-02-02,0.34,0.15,0.19,126.6667
TMUS,2021-09-30,2021-11-02,0.55,0.53,0.02,3.7736
TMUS,2021-06-30,2021-07-29,0.78,0.53,0.25,47.1698
TMUS,2021-03-31,2021-05-04,0.74,0.57,0.17,29.8246
TMUS,2020-12-31,2021-02-04,0.6,0.51,0.09,17.6471
TMUS,2020-09-30,2020-11-05,1,0.43,0.57,132.5581
TMUS,2020-06-30,2020-08-06,0.38,0.07,0.31,442.8571
TMUS,2020-03-31,2020-05-06,1.1,1.02,0.08,7.8431
TMUS,2019-12-31,2020-02-06,0.87,0.83,0.04,4.8193
TPR,2025-03-31,2025-05-08,1.03,0.88,0.15,17.0455
TPR,2024-12-31,2025-02-06,2,1.75,0.25,14.2857
TPR,2024-09-30,2024-11-07,1.02,0.95,0.07,7.3684
TPR,2024-06-30,2024-08-15,0.92,0.88,0.04,4.5455
TPR,2024-03-31,2024-05-09,0.81,0.68,0.13,19.1176
TPR,2023-12-31,2024-02-08,1.63,1.46,0.17,11.6438
TPR,2023-09-30,2023-11-09,0.93,0.9,0.03,3.3333
TPR,2023-06-30,2023-08-17,0.95,0.97,-0.02,-2.0619
TPR,2023-03-31,2023-05-11,0.78,0.6,0.18,30
TPR,2022-12-31,2023-02-09,1.36,1.27,0.09,7.0866
TPR,2022-09-30,2022-11-10,0.79,0.76,0.03,3.9474
TPR,2022-06-30,2022-08-18,0.78,0.77,0.01,1.2987
TPR,2022-03-31,2022-05-12,0.51,0.41,0.1,24.3902
TPR,2021-12-31,2022-02-10,1.33,1.19,0.14,11.7647
TPR,2021-09-30,2021-11-11,0.82,0.7,0.12,17.1429
TPR,2021-06-30,2021-08-19,0.74,0.69,0.05,7.2464
TPR,2021-03-31,2021-05-06,0.51,0.31,0.2,64.5161
TPR,2020-12-31,2021-02-04,1.15,1,0.15,15
TPR,2020-09-30,2020-10-29,0.58,0.22,0.36,163.6364
TPR,2020-06-30,2020-08-13,-0.25,-0.6,0.35,58.3333
TPR,2020-03-31,2020-04-30,-0.27,-0.04,-0.23,-575
TPR,2019-12-31,2020-02-06,1.1,0.99,0.11,11.1111
TRGP,2025-03-31,2025-05-01,1.8882,2.0525,-0.1643,-8.0049
TRGP,2024-12-31,2025-02-20,1.8173,1.8293,-0.012,-0.656
TRGP,2024-09-30,2024-11-05,1.74,1.55,0.19,12.2581
TRGP,2024-06-30,2024-08-01,1.33,1.27,0.06,4.7244
TRGP,2024-03-31,2024-05-02,1.22,1.3,-0.08,-6.1538
TRGP,2023-12-31,2024-02-15,1.26,1.46,-0.2,-13.6986
TRGP,2023-09-30,2023-11-02,0.97,1.2,-0.23,-19.1667
TRGP,2023-06-30,2023-08-03,1.44,1.24,0.2,16.129
TRGP,2023-03-31,2023-05-04,0.03,1.4,-1.37,-97.8571
TRGP,2022-12-31,2023-02-22,1.38,1.38,0,0
TRGP,2022-09-30,2022-11-03,0.84,1.2,-0.36,-30
TRGP,2022-06-30,2022-08-04,1.61,1.22,0.39,31.9672
TRGP,2022-03-31,2022-05-05,0.06,0.86,-0.8,-93.0233
TRGP,2021-12-31,2022-02-24,0.51,0.66,-0.15,-22.7273
TRGP,2021-09-30,2021-11-04,0.66,0.53,0.13,24.5283
TRGP,2021-06-30,2021-08-05,0.15,0.27,-0.12,-44.4444
TRGP,2021-03-31,2021-05-06,0.53,0.17,0.36,211.7647
TRGP,2020-12-31,2021-02-18,-0.04,0.25,-0.29,-116
TRGP,2020-09-30,2020-11-05,0.16,0.1,0.06,60
TRGP,2020-06-30,2020-08-06,0.21,-0.24,0.45,187.5
TRGP,2020-03-31,2020-05-07,2.89,-0.07,2.96,4228.5714
TRGP,2019-12-31,2020-02-20,-0.62,-0.07,-0.55,-785.7143
TRMB,2025-03-31,2025-05-07,0.61,0.58,0.03,5.1724
TRMB,2024-12-31,2025-02-19,0.89,0.88,0.01,1.1364
TRMB,2024-09-30,2024-11-06,0.7,0.62,0.08,12.9032
TRMB,2024-06-30,2024-08-06,0.62,0.58,0.04,6.8966
TRMB,2024-03-31,2024-05-03,0.64,0.6,0.04,6.6667
TRMB,2023-12-31,2024-02-12,0.63,0.6,0.03,5
TRMB,2023-09-30,2023-11-01,0.68,0.6,0.08,13.3333
TRMB,2023-06-30,2023-08-03,0.64,0.6,0.04,6.6667
TRMB,2023-03-31,2023-05-03,0.72,0.67,0.05,7.4627
TRMB,2022-12-31,2023-02-08,0.6,0.61,-0.01,-1.6393
TRMB,2022-09-30,2022-11-02,0.66,0.66,0,0
TRMB,2022-06-30,2022-08-05,0.64,0.62,0.02,3.2258
TRMB,2022-03-31,2022-05-05,0.73,0.67,0.06,8.9552
TRMB,2021-12-31,2022-02-09,0.62,0.63,-0.01,-1.5873
TRMB,2021-09-30,2021-11-03,0.66,0.59,0.07,11.8644
TRMB,2021-06-30,2021-08-04,0.72,0.6,0.12,20
TRMB,2021-03-31,2021-05-05,0.66,0.55,0.11,20
TRMB,2020-12-31,2021-02-10,0.61,0.51,0.1,19.6078
TRMB,2020-09-30,2020-11-04,0.6,0.42,0.18,42.8571
TRMB,2020-06-30,2020-08-05,0.52,0.39,0.13,33.3333
TRMB,2020-03-31,2020-05-06,0.49,0.41,0.08,19.5122
TRMB,2019-12-31,2020-02-12,0.53,0.47,0.06,12.766
TRV,2025-03-31,2025-04-16,1.91,0.77,1.14,148.0519
TRV,2024-12-31,2025-01-22,9.15,6.6,2.55,38.6364
TRV,2024-09-30,2024-10-17,5.24,3.59,1.65,45.961
TRV,2024-06-30,2024-07-19,2.51,1.98,0.53,26.7677
TRV,2024-03-31,2024-04-17,4.69,4.9,-0.21,-4.2857
TRV,2023-12-31,2024-01-19,7.01,5.09,1.92,37.721
TRV,2023-09-30,2023-10-18,1.95,3.01,-1.06,-35.2159
TRV,2023-06-30,2023-07-20,0.06,2.08,-2.02,-97.1154
TRV,2023-03-31,2023-04-19,3.21,3.55,-0.34,-9.5775
TRV,2022-12-31,2023-01-24,3.4,3.4,0,0
TRV,2022-09-30,2022-10-19,2.2,1.56,0.64,41.0256
TRV,2022-06-30,2022-07-21,2.57,1.97,0.6,30.4569
TRV,2022-03-31,2022-04-19,4.22,3.61,0.61,16.8975
TRV,2021-12-31,2022-01-20,5.2,3.86,1.34,34.715
TRV,2021-09-30,2021-10-19,2.6,1.67,0.93,55.6886
TRV,2021-06-30,2021-07-20,3.45,2.39,1.06,44.3515
TRV,2021-03-31,2021-04-20,2.73,2.37,0.36,15.1899
TRV,2020-12-31,2021-01-21,4.91,3.18,1.73,54.4025
TRV,2020-09-30,2020-10-20,3.12,3.03,0.09,2.9703
TRV,2020-06-30,2020-07-23,-0.2,-0.2,0,0
TRV,2020-03-31,2020-04-21,2.62,2.85,-0.23,-8.0702
TRV,2019-12-31,2020-01-23,3.32,3.29,0.03,0.9119
TSCO,2025-03-31,2025-04-24,0.34,0.37,-0.03,-8.1081
TSCO,2024-12-31,2025-01-30,0.44,0.45,-0.01,-2.2222
TSCO,2024-09-30,2024-10-24,0.45,0.45,0,0
TSCO,2024-06-30,2024-07-25,3.93,3.93,0,0
TSCO,2024-03-31,2024-04-25,1.83,1.72,0.11,6.3953
TSCO,2023-12-31,2024-02-01,2.28,2.22,0.06,2.7027
TSCO,2023-09-30,2023-10-26,2.33,2.29,0.04,1.7467
TSCO,2023-06-30,2023-07-27,3.83,3.92,-0.09,-2.2959
TSCO,2023-03-31,2023-04-27,1.65,1.71,-0.06,-3.5088
TSCO,2022-12-31,2023-01-26,2.43,2.35,0.08,3.4043
TSCO,2022-09-30,2022-10-20,2.1,2.07,0.03,1.4493
TSCO,2022-06-30,2022-07-21,3.53,3.51,0.02,0.5698
TSCO,2022-03-31,2022-04-21,1.65,1.42,0.23,16.1972
TSCO,2021-12-31,2022-01-27,1.93,1.85,0.08,4.3243
TSCO,2021-09-30,2021-10-21,1.95,1.66,0.29,17.4699
TSCO,2021-06-30,2021-07-19,3.19,2.96,0.23,7.7703
TSCO,2021-03-31,2021-04-22,1.55,0.97,0.58,59.7938
TSCO,2020-12-31,2021-01-28,1.64,1.51,0.13,8.6093
TSCO,2020-09-30,2020-10-22,1.62,1.38,0.24,17.3913
TSCO,2020-06-30,2020-07-23,2.9,2.52,0.38,15.0794
TSCO,2020-03-31,2020-04-23,0.71,0.7,0.01,1.4286
TSCO,2019-12-31,2020-01-30,1.21,1.23,-0.02,-1.626
TSLA,2025-03-31,2025-04-22,0.12,0.35,-0.23,-65.7143
TSLA,2024-12-31,2025-01-29,0.73,0.76,-0.03,-3.9474
TSLA,2024-09-30,2024-10-23,0.72,0.6,0.12,20
TSLA,2024-06-30,2024-07-23,0.52,0.56,-0.04,-7.1429
TSLA,2024-03-31,2024-04-23,0.45,0.51,-0.06,-11.7647
TSLA,2023-12-31,2024-01-24,0.71,0.74,-0.03,-4.0541
TSLA,2023-09-30,2023-10-18,0.66,0.72,-0.06,-8.3333
TSLA,2023-06-30,2023-07-19,0.91,0.82,0.09,10.9756
TSLA,2023-03-31,2023-04-19,0.85,0.85,0,0
TSLA,2022-12-31,2023-01-25,1.19,1.13,0.06,5.3097
TSLA,2022-09-30,2022-10-19,1.05,0.99,0.06,6.0606
TSLA,2022-06-30,2022-07-20,0.76,0.6,0.16,26.6667
TSLA,2022-03-31,2022-04-20,1.07,0.75,0.32,42.6667
TSLA,2021-12-31,2022-01-26,0.85,0.79,0.06,7.5949
TSLA,2021-09-30,2021-10-20,0.62,0.53,0.09,16.9811
TSLA,2021-06-30,2021-07-26,0.48,0.33,0.15,45.4545
TSLA,2021-03-31,2021-04-26,0.31,0.26,0.05,19.2308
TSLA,2020-12-31,2021-01-27,0.27,0.34,-0.07,-20.5882
TSLA,2020-09-30,2020-10-21,0.25,0.19,0.06,31.5789
TSLA,2020-06-30,2020-07-22,0.15,-0.01,0.16,1600
TSLA,2020-03-31,2020-04-29,0.08,-0.02,0.1,500
TSLA,2019-12-31,2020-01-29,0.14,0.11,0.03,27.2727
TSN,2025-03-31,2025-05-05,0.92,0.82,0.1,12.1951
TSN,2024-12-31,2025-02-03,1.14,0.88,0.26,29.5455
TSN,2024-09-30,2024-11-12,0.92,0.69,0.23,33.3333
TSN,2024-06-30,2024-08-05,0.87,0.65,0.22,33.8462
TSN,2024-03-31,2024-05-06,0.62,0.39,0.23,58.9744
TSN,2023-12-31,2024-02-05,0.69,0.41,0.28,68.2927
TSN,2023-09-30,2023-11-13,0.37,0.29,0.08,27.5862
TSN,2023-06-30,2023-08-07,0.15,0.26,-0.11,-42.3077
TSN,2023-03-31,2023-05-08,-0.04,0.8,-0.84,-105
TSN,2022-12-31,2023-02-06,0.85,1.34,-0.49,-36.5672
TSN,2022-09-30,2022-11-14,1.63,1.73,-0.1,-5.7803
TSN,2022-06-30,2022-08-08,1.94,1.98,-0.04,-2.0202
TSN,2022-03-31,2022-05-09,2.29,1.91,0.38,19.8953
TSN,2021-12-31,2022-02-07,2.87,1.9,0.97,51.0526
TSN,2021-09-30,2021-11-15,2.3,2.03,0.27,13.3005
TSN,2021-06-30,2021-08-09,2.7,1.62,1.08,66.6667
TSN,2021-03-31,2021-05-10,1.34,1.12,0.22,19.6429
TSN,2020-12-31,2021-02-11,1.94,1.49,0.45,30.2013
TSN,2020-09-30,2020-11-16,1.95,1.19,0.76,63.8655
TSN,2020-06-30,2020-08-03,1.4,0.94,0.46,48.9362
TSN,2020-03-31,2020-05-04,0.77,1.04,-0.27,-25.9615
TSN,2019-12-31,2020-02-06,1.66,1.66,0,0
TT,2025-03-31,2025-04-30,2.71,2.2,0.51,23.1818
TT,2024-12-31,2025-01-30,2.61,2.54,0.07,2.7559
TT,2024-09-30,2024-10-30,3.37,3.24,0.13,4.0123
TT,2024-06-30,2024-07-31,3.3,3.08,0.22,7.1429
TT,2024-03-31,2024-04-30,1.94,1.65,0.29,17.5758
TT,2023-12-31,2024-02-01,2.17,2.13,0.04,1.8779
TT,2023-09-30,2023-11-01,2.79,2.66,0.13,4.8872
TT,2023-06-30,2023-08-02,2.68,2.56,0.12,4.6875
TT,2023-03-31,2023-05-03,1.41,1.34,0.07,5.2239
TT,2022-12-31,2023-02-02,1.82,1.64,0.18,10.9756
TT,2022-09-30,2022-11-02,2.27,2.12,0.15,7.0755
TT,2022-06-30,2022-08-03,2.16,2.1,0.06,2.8571
TT,2022-03-31,2022-05-04,1.12,0.99,0.13,13.1313
TT,2021-12-31,2022-01-31,1.36,1.31,0.05,3.8168
TT,2021-09-30,2021-11-03,1.8,1.84,-0.04,-2.1739
TT,2021-06-30,2021-08-04,1.92,1.9,0.02,1.0526
TT,2021-03-31,2021-05-05,1.01,0.62,0.39,62.9032
TT,2020-12-31,2021-02-05,1.03,0.92,0.11,11.9565
TT,2020-09-30,2020-10-28,1.72,1.35,0.37,27.4074
TT,2020-06-30,2020-07-29,1.27,0.74,0.53,71.6216
TT,2020-03-31,2020-05-05,0.43,0.52,-0.09,-17.3077
TT,2019-12-31,2020-01-29,1.4,1.42,-0.02,-1.4085
TTWO,2025-03-31,2025-05-15,-21.08,-0.05,-21.03,-42060
TTWO,2024-12-31,2025-02-06,-0.71,-0.9,0.19,21.1111
TTWO,2024-09-30,2024-11-06,-2.08,-2.11,0.03,1.4218
TTWO,2024-06-30,2024-08-08,0.05,-0.02,0.07,350
TTWO,2024-03-31,2024-05-16,0.28,0.09,0.19,211.1111
TTWO,2023-12-31,2024-02-08,0.71,0.72,-0.01,-1.3889
TTWO,2023-09-30,2023-11-08,1.22,1.03,0.19,18.4466
TTWO,2023-06-30,2023-08-08,0.27,0.42,-0.15,-35.7143
TTWO,2023-03-31,2023-05-17,0.59,0.68,-0.09,-13.2353
TTWO,2022-12-31,2023-02-06,0.86,0.87,-0.01,-1.1494
TTWO,2022-09-30,2022-11-07,1.3,1.37,-0.07,-5.1095
TTWO,2022-06-30,2022-08-08,0.74,0.85,-0.11,-12.9412
TTWO,2022-03-31,2022-05-16,1.09,1.04,0.05,4.8077
TTWO,2021-12-31,2022-02-07,1.32,1.22,0.1,8.1967
TTWO,2021-09-30,2021-11-03,1.63,1.34,0.29,21.6418
TTWO,2021-06-30,2021-08-02,1.01,0.89,0.12,13.4831
TTWO,2021-03-31,2021-05-18,0.94,0.67,0.27,40.2985
TTWO,2020-12-31,2021-02-08,1.25,0.96,0.29,30.2083
TTWO,2020-09-30,2020-11-05,2,1.48,0.52,35.1351
TTWO,2020-06-30,2020-08-03,2.3,1.6,0.7,43.75
TTWO,2020-03-31,2020-05-20,1.5,0.89,0.61,68.5393
TTWO,2019-12-31,2020-02-06,1.63,1.75,-0.12,-6.8571
TYL,2025-03-31,2025-04-23,2.78,2.5571,0.2229,8.7169
TYL,2024-12-31,2025-02-12,2.43,2.4355,-0.0055,-0.2258
TYL,2024-09-30,2024-10-23,2.52,2.43,0.09,3.7037
TYL,2024-06-30,2024-07-24,2.4,2.31,0.09,3.8961
TYL,2024-03-31,2024-04-24,2.2,2.04,0.16,7.8431
TYL,2023-12-31,2024-02-14,1.89,1.86,0.03,1.6129
TYL,2023-09-30,2023-11-01,2.14,1.99,0.15,7.5377
TYL,2023-06-30,2023-07-26,2.01,1.89,0.12,6.3492
TYL,2023-03-31,2023-04-26,1.76,1.69,0.07,4.142
TYL,2022-12-31,2023-02-15,1.66,1.75,-0.09,-5.1429
TYL,2022-09-30,2022-10-26,2.06,1.86,0.2,10.7527
TYL,2022-06-30,2022-07-27,1.88,1.82,0.06,3.2967
TYL,2022-03-31,2022-04-27,1.9,1.71,0.19,11.1111
TYL,2021-12-31,2022-02-16,1.75,1.74,0.01,0.5747
TYL,2021-09-30,2021-10-27,2.01,1.76,0.25,14.2045
TYL,2021-06-30,2021-07-28,1.83,1.63,0.2,12.2699
TYL,2021-03-31,2021-04-28,1.43,1.32,0.11,8.3333
TYL,2020-12-31,2021-02-10,1.39,1.42,-0.03,-2.1127
TYL,2020-09-30,2020-11-04,1.5,1.33,0.17,12.782
TYL,2020-06-30,2020-07-29,1.38,1.2,0.18,15
TYL,2020-03-31,2020-04-29,1.25,1.25,0,0
TYL,2019-12-31,2020-02-12,1.43,1.43,0,0
UAL,2025-03-31,2025-04-15,0.91,0.74,0.17,22.973
UAL,2024-12-31,2025-01-21,3.26,3.03,0.23,7.5908
UAL,2024-09-30,2024-10-15,3.33,3.17,0.16,5.0473
UAL,2024-06-30,2024-07-17,4.14,3.93,0.21,5.3435
UAL,2024-03-31,2024-04-16,-0.15,-0.57,0.42,73.6842
UAL,2023-12-31,2024-01-22,2,1.7,0.3,17.6471
UAL,2023-09-30,2023-10-17,3.65,3.41,0.24,7.0381
UAL,2023-06-30,2023-07-19,5.03,4.06,0.97,23.8916
UAL,2023-03-31,2023-04-18,-0.63,-0.73,0.1,13.6986
UAL,2022-12-31,2023-01-17,2.46,2.14,0.32,14.9533
UAL,2022-09-30,2022-10-18,2.81,2.28,0.53,23.2456
UAL,2022-06-30,2022-07-20,1.43,1.9,-0.47,-24.7368
UAL,2022-03-31,2022-04-20,-4.24,-4.22,-0.02,-0.4739
UAL,2021-12-31,2022-01-19,-1.6,-2.1,0.5,23.8095
UAL,2021-09-30,2021-10-19,-1.02,-1.68,0.66,39.2857
UAL,2021-06-30,2021-07-20,-3.91,-3.86,-0.05,-1.2953
UAL,2021-03-31,2021-04-19,-7.5,-7.12,-0.38,-5.3371
UAL,2020-12-31,2021-01-20,-7,-6.46,-0.54,-8.3591
UAL,2020-09-30,2020-10-14,-8.16,-7.55,-0.61,-8.0795
UAL,2020-06-30,2020-07-21,-9.31,-9.25,-0.06,-0.6486
UAL,2020-03-31,2020-04-30,-2.57,-3.04,0.47,15.4605
UAL,2019-12-31,2020-01-21,2.67,2.64,0.03,1.1364
UDR,2025-03-31,2025-04-30,0.23,0.14,0.09,64.2857
UDR,2024-12-31,2025-02-05,0.03,0.03,0,0
UDR,2024-09-30,2024-10-30,0.08,0.1,-0.02,-20
UDR,2024-06-30,2024-07-30,0.08,0.09,-0.01,-11.1111
UDR,2024-03-31,2024-04-30,0.13,0.1,0.03,30
UDR,2023-12-31,2024-02-06,0.1,0.11,-0.01,-9.0909
UDR,2023-09-30,2023-10-26,0.1,0.11,-0.01,-9.0909
UDR,2023-06-30,2023-07-26,1.02,0.12,0.9,750
UDR,2023-03-31,2023-04-26,0.1,0.11,-0.01,-9.0909
UDR,2022-12-31,2023-02-06,0.13,0.11,0.02,18.1818
UDR,2022-09-30,2022-10-26,0.07,0.08,-0.01,-12.5
UDR,2022-06-30,2022-07-26,0.01,0.07,-0.06,-85.7143
UDR,2022-03-31,2022-04-26,0.04,0.03,0.01,33.3333
UDR,2021-12-31,2022-02-08,0.37,0.07,0.3,428.5714
UDR,2021-09-30,2021-10-26,0.06,0.04,0.02,50
UDR,2021-06-30,2021-07-28,0.04,0.0108,0.0292,270.3704
UDR,2021-03-31,2021-04-27,0.01,-0.01,0.02,200
UDR,2020-12-31,2021-02-09,0.09,0.03,0.06,200
UDR,2020-09-30,2020-10-29,-0.09,-0.01,-0.08,-800
UDR,2020-06-30,2020-07-28,0.19,0.09,0.1,111.1111
UDR,2020-03-31,2020-05-06,0.01,0.03,-0.02,-66.6667
UDR,2019-12-31,2020-02-11,0.33,0.04,0.29,725
UHS,2025-03-31,2025-04-28,4.84,4.3525,0.4875,11.2005
UHS,2024-12-31,2025-02-26,4.92,4.1753,0.7447,17.8358
UHS,2024-09-30,2024-10-24,3.71,3.65,0.06,1.6438
UHS,2024-06-30,2024-07-24,4.31,3.28,1.03,31.4024
UHS,2024-03-31,2024-04-24,3.7,3.15,0.55,17.4603
UHS,2023-12-31,2024-02-27,3.13,2.88,0.25,8.6806
UHS,2023-09-30,2023-10-25,2.55,2.36,0.19,8.0508
UHS,2023-06-30,2023-07-25,2.53,2.43,0.1,4.1152
UHS,2023-03-31,2023-04-25,2.34,2.19,0.15,6.8493
UHS,2022-12-31,2023-02-27,3.02,2.96,0.06,2.027
UHS,2022-09-30,2022-10-25,2.54,2.43,0.11,4.5267
UHS,2022-06-30,2022-07-25,2.2,2.35,-0.15,-6.383
UHS,2022-03-31,2022-04-25,2.15,2.46,-0.31,-12.6016
UHS,2021-12-31,2022-02-24,2.95,2.87,0.08,2.7875
UHS,2021-09-30,2021-10-25,2.67,2.75,-0.08,-2.9091
UHS,2021-06-30,2021-07-26,3.76,2.7,1.06,39.2593
UHS,2021-03-31,2021-04-26,2.44,2.27,0.17,7.489
UHS,2020-12-31,2021-02-25,3.59,2.78,0.81,29.1367
UHS,2020-09-30,2020-10-29,2.88,1.94,0.94,48.4536
UHS,2020-06-30,2020-07-27,2.93,0.88,2.05,232.9545
UHS,2020-03-31,2020-04-27,1.73,2.55,-0.82,-32.1569
UHS,2019-12-31,2020-02-26,2.79,2.57,0.22,8.5603
ULTA,2025-04-30,2025-05-29,6.7,5.83,0.87,14.9228
ULTA,2025-01-31,2025-03-13,8.46,7.14,1.32,18.4874
ULTA,2024-10-31,2024-12-05,5.14,4.53,0.61,13.4658
ULTA,2024-07-31,2024-08-29,5.3,5.47,-0.17,-3.1079
ULTA,2024-04-30,2024-05-30,6.47,6.28,0.19,3.0255
ULTA,2024-01-31,2024-03-14,8.08,7.54,0.54,7.1618
ULTA,2023-10-31,2023-11-30,5.07,4.97,0.1,2.0121
ULTA,2023-07-31,2023-08-24,6.02,5.85,0.17,2.906
ULTA,2023-04-30,2023-05-25,6.88,6.83,0.05,0.7321
ULTA,2023-01-31,2023-03-09,6.68,5.6,1.08,19.2857
ULTA,2022-10-31,2022-12-01,5.34,4.13,1.21,29.2978
ULTA,2022-07-31,2022-08-25,5.7,4.99,0.71,14.2285
ULTA,2022-04-30,2022-05-26,6.3,4.48,1.82,40.625
ULTA,2022-01-31,2022-03-10,5.41,4.56,0.85,18.6404
ULTA,2021-10-31,2021-12-02,3.94,2.47,1.47,59.5142
ULTA,2021-07-31,2021-08-25,4.56,2.56,2,78.125
ULTA,2021-04-30,2021-05-27,4.1,1.97,2.13,108.1218
ULTA,2021-01-31,2021-03-11,3.41,2.37,1.04,43.8819
ULTA,2020-10-31,2020-12-03,1.64,1.49,0.15,10.0671
ULTA,2020-07-31,2020-08-27,0.14,0.1,0.04,40
ULTA,2020-04-30,2020-05-28,-1.13,0.67,-1.8,-268.6567
ULTA,2020-01-31,2020-03-12,3.89,3.73,0.16,4.2895
UNH,2025-03-31,2025-04-17,6.85,6.93,-0.08,-1.1544
UNH,2024-12-31,2025-01-16,6.81,6.74,0.07,1.0386
UNH,2024-09-30,2024-10-15,7.15,7.03,0.12,1.707
UNH,2024-06-30,2024-07-16,6.8,6.63,0.17,2.5641
UNH,2024-03-31,2024-04-16,6.91,6.62,0.29,4.3807
UNH,2023-12-31,2024-01-12,6.16,5.99,0.17,2.8381
UNH,2023-09-30,2023-10-13,6.56,6.35,0.21,3.3071
UNH,2023-06-30,2023-07-14,6.14,5.98,0.16,2.6756
UNH,2023-03-31,2023-04-14,6.26,6.08,0.18,2.9605
UNH,2022-12-31,2023-01-13,5.34,5.17,0.17,3.2882
UNH,2022-09-30,2022-10-14,5.79,5.44,0.35,6.4338
UNH,2022-06-30,2022-07-15,5.57,5.21,0.36,6.9098
UNH,2022-03-31,2022-04-14,5.49,5.35,0.14,2.6168
UNH,2021-12-31,2022-01-19,4.48,4.31,0.17,3.9443
UNH,2021-09-30,2021-10-14,4.52,4.42,0.1,2.2624
UNH,2021-06-30,2021-07-15,4.7,4.46,0.24,5.3812
UNH,2021-03-31,2021-04-15,5.31,4.38,0.93,21.2329
UNH,2020-12-31,2021-01-20,2.52,2.41,0.11,4.5643
UNH,2020-09-30,2020-10-14,3.51,3.08,0.43,13.961
UNH,2020-06-30,2020-07-15,7.12,5.24,1.88,35.8779
UNH,2020-03-31,2020-04-15,3.72,3.65,0.07,1.9178
UNH,2019-12-31,2020-01-15,3.9,3.78,0.12,3.1746
UNP,2025-03-31,2025-04-24,2.7,2.73,-0.03,-1.0989
UNP,2024-12-31,2025-01-23,2.91,2.79,0.12,4.3011
UNP,2024-09-30,2024-10-24,2.75,2.78,-0.03,-1.0791
UNP,2024-06-30,2024-07-25,2.74,2.71,0.03,1.107
UNP,2024-03-31,2024-04-25,2.69,2.53,0.16,6.3241
UNP,2023-12-31,2024-01-25,2.71,2.57,0.14,5.4475
UNP,2023-09-30,2023-10-19,2.51,2.43,0.08,3.2922
UNP,2023-06-30,2023-07-26,2.57,2.75,-0.18,-6.5455
UNP,2023-03-31,2023-04-20,2.53,2.57,-0.04,-1.5564
UNP,2022-12-31,2023-01-24,2.67,2.77,-0.1,-3.6101
UNP,2022-09-30,2022-10-20,3.05,3.06,-0.01,-0.3268
UNP,2022-06-30,2022-07-21,2.93,2.84,0.09,3.169
UNP,2022-03-31,2022-04-21,2.57,2.56,0.01,0.3906
UNP,2021-12-31,2022-01-20,2.66,2.61,0.05,1.9157
UNP,2021-09-30,2021-10-21,2.57,2.5,0.07,2.8
UNP,2021-06-30,2021-07-22,2.73,2.55,0.18,7.0588
UNP,2021-03-31,2021-04-22,2,2.05,-0.05,-2.439
UNP,2020-12-31,2021-01-21,2.36,2.24,0.12,5.3571
UNP,2020-09-30,2020-10-22,2.01,2.06,-0.05,-2.4272
UNP,2020-06-30,2020-07-23,1.67,1.58,0.09,5.6962
UNP,2020-03-31,2020-04-23,2.15,1.9,0.25,13.1579
UNP,2019-12-31,2020-01-23,2.02,2.07,-0.05,-2.4155
UPS,2025-03-31,2025-04-29,1.49,1.38,0.11,7.971
UPS,2024-12-31,2025-01-30,2.75,2.53,0.22,8.6957
UPS,2024-09-30,2024-10-24,1.76,1.62,0.14,8.642
UPS,2024-06-30,2024-07-23,1.79,1.99,-0.2,-10.0503
UPS,2024-03-31,2024-04-23,1.43,1.34,0.09,6.7164
UPS,2023-12-31,2024-01-30,2.47,2.46,0.01,0.4065
UPS,2023-09-30,2023-10-26,1.57,1.56,0.01,0.641
UPS,2023-06-30,2023-08-08,2.54,2.5,0.04,1.6
UPS,2023-03-31,2023-04-25,2.2,2.21,-0.01,-0.4525
UPS,2022-12-31,2023-01-31,3.62,3.58,0.04,1.1173
UPS,2022-09-30,2022-10-25,2.99,2.85,0.14,4.9123
UPS,2022-06-30,2022-07-26,3.29,3.16,0.13,4.1139
UPS,2022-03-31,2022-04-26,3.05,2.88,0.17,5.9028
UPS,2021-12-31,2022-02-01,3.59,3.1,0.49,15.8065
UPS,2021-09-30,2021-10-26,2.71,2.55,0.16,6.2745
UPS,2021-06-30,2021-07-27,3.06,2.81,0.25,8.8968
UPS,2021-03-31,2021-04-27,2.77,1.72,1.05,61.0465
UPS,2020-12-31,2021-02-02,2.66,2.15,0.51,23.7209
UPS,2020-09-30,2020-10-28,2.28,1.9,0.38,20
UPS,2020-06-30,2020-07-30,2.13,1.08,1.05,97.2222
UPS,2020-03-31,2020-04-28,1.15,1.23,-0.08,-6.5041
UPS,2019-12-31,2020-01-30,2.11,2.11,0,0
URI,2025-03-31,2025-04-23,8.86,8.81,0.05,0.5675
URI,2024-12-31,2025-01-29,11.59,11.63,-0.04,-0.3439
URI,2024-09-30,2024-10-23,11.8,12.49,-0.69,-5.5244
URI,2024-06-30,2024-07-24,10.7,10.54,0.16,1.518
URI,2024-03-31,2024-04-24,9.15,8.33,0.82,9.8439
URI,2023-12-31,2024-01-24,11.26,10.93,0.33,3.0192
URI,2023-09-30,2023-10-25,11.73,11.2,0.53,4.7321
URI,2023-06-30,2023-07-26,9.88,9.01,0.87,9.6559
URI,2023-03-31,2023-04-26,7.95,7.92,0.03,0.3788
URI,2022-12-31,2023-01-25,9.74,10.38,-0.64,-6.1657
URI,2022-09-30,2022-10-26,9.27,9.07,0.2,2.2051
URI,2022-06-30,2022-07-27,7.86,6.46,1.4,21.6718
URI,2022-03-31,2022-04-27,5.73,5,0.73,14.6
URI,2021-12-31,2022-01-26,7.39,6.72,0.67,9.9702
URI,2021-09-30,2021-10-27,6.58,6.8,-0.22,-3.2353
URI,2021-06-30,2021-07-28,4.66,4.88,-0.22,-4.5082
URI,2021-03-31,2021-04-28,3.45,3.07,0.38,12.3779
URI,2020-12-31,2021-01-27,5.04,4.23,0.81,19.1489
URI,2020-09-30,2020-10-28,5.4,4.35,1.05,24.1379
URI,2020-06-30,2020-07-29,3.68,1.86,1.82,97.8495
URI,2020-03-31,2020-04-29,3.35,2.69,0.66,24.5353
URI,2019-12-31,2020-01-29,5.6,5.22,0.38,7.2797
USB,2025-03-31,2025-04-16,1.03,0.97,0.06,6.1856
USB,2024-12-31,2025-01-16,1.07,1.05,0.02,1.9048
USB,2024-09-30,2024-10-16,1.03,0.99,0.04,4.0404
USB,2024-06-30,2024-07-17,0.98,0.94,0.04,4.2553
USB,2024-03-31,2024-04-17,0.9,0.88,0.02,2.2727
USB,2023-12-31,2024-01-17,0.99,0.98,0.01,1.0204
USB,2023-09-30,2023-10-18,1.05,1.02,0.03,2.9412
USB,2023-06-30,2023-07-19,1.12,1.12,0,0
USB,2023-03-31,2023-04-19,1.16,1.12,0.04,3.5714
USB,2022-12-31,2023-01-25,1.2,1.17,0.03,2.5641
USB,2022-09-30,2022-10-14,1.18,1.17,0.01,0.8547
USB,2022-06-30,2022-07-15,1.09,1.07,0.02,1.8692
USB,2022-03-31,2022-04-14,0.99,0.94,0.05,5.3191
USB,2021-12-31,2022-01-19,1.07,1.1,-0.03,-2.7273
USB,2021-09-30,2021-10-14,1.3,1.16,0.14,12.069
USB,2021-06-30,2021-07-15,1.28,1.14,0.14,12.2807
USB,2021-03-31,2021-04-15,1.45,0.96,0.49,51.0417
USB,2020-12-31,2021-01-20,0.95,0.95,0,0
USB,2020-09-30,2020-10-14,0.99,0.91,0.08,8.7912
USB,2020-06-30,2020-07-15,0.41,0.22,0.19,86.3636
USB,2020-03-31,2020-04-15,0.72,0.58,0.14,24.1379
USB,2019-12-31,2020-01-15,1.08,1.08,0,0
V,2025-03-31,2025-04-29,2.76,2.68,0.08,2.9851
V,2024-12-31,2025-01-30,2.75,2.6611,0.0889,3.3407
V,2024-09-30,2024-10-29,2.71,2.58,0.13,5.0388
V,2024-06-30,2024-07-23,2.42,2.42,0,0
V,2024-03-31,2024-04-23,2.51,2.44,0.07,2.8689
V,2023-12-31,2024-01-25,2.41,2.34,0.07,2.9915
V,2023-09-30,2023-10-24,2.33,2.24,0.09,4.0179
V,2023-06-30,2023-07-25,2.16,2.12,0.04,1.8868
V,2023-03-31,2023-04-25,2.09,1.99,0.1,5.0251
V,2022-12-31,2023-01-26,2.18,2.01,0.17,8.4577
V,2022-09-30,2022-10-25,1.93,1.87,0.06,3.2086
V,2022-06-30,2022-07-26,1.98,1.75,0.23,13.1429
V,2022-03-31,2022-04-26,1.79,1.65,0.14,8.4848
V,2021-12-31,2022-01-27,1.81,1.7,0.11,6.4706
V,2021-09-30,2021-10-26,1.62,1.54,0.08,5.1948
V,2021-06-30,2021-07-27,1.49,1.35,0.14,10.3704
V,2021-03-31,2021-04-27,1.38,1.27,0.11,8.6614
V,2020-12-31,2021-01-28,1.42,1.28,0.14,10.9375
V,2020-09-30,2020-10-28,1.12,1.1,0.02,1.8182
V,2020-06-30,2020-07-28,1.06,1.04,0.02,1.9231
V,2020-03-31,2020-04-30,1.39,1.35,0.04,2.963
V,2019-12-31,2020-01-30,1.46,1.47,-0.01,-0.6803
VFC,2025-03-31,2025-05-21,-0.13,-0.14,0.01,7.1429
VFC,2024-12-31,2025-01-29,0.62,0.33,0.29,87.8788
VFC,2024-09-30,2024-10-28,0.6,0.37,0.23,62.1622
VFC,2024-06-30,2024-08-06,-0.33,-0.37,0.04,10.8108
VFC,2024-03-31,2024-05-22,-0.32,0.01,-0.33,-3300
VFC,2023-12-31,2024-02-06,0.57,0.77,-0.2,-25.974
VFC,2023-09-30,2023-10-30,0.63,0.65,-0.02,-3.0769
VFC,2023-06-30,2023-08-01,-0.15,-0.11,-0.04,-36.3636
VFC,2023-03-31,2023-05-23,0.17,0.14,0.03,21.4286
VFC,2022-12-31,2023-02-07,1.12,0.99,0.13,13.1313
VFC,2022-09-30,2022-10-26,0.73,0.73,0,0
VFC,2022-06-30,2022-07-28,0.09,0.13,-0.04,-30.7692
VFC,2022-03-31,2022-05-19,0.45,0.46,-0.01,-2.1739
VFC,2021-12-31,2022-01-28,1.36,1.21,0.15,12.3967
VFC,2021-09-30,2021-10-22,1.11,1.15,-0.04,-3.4783
VFC,2021-06-30,2021-07-30,0.27,0.11,0.16,145.4545
VFC,2021-03-31,2021-05-21,0.27,0.29,-0.02,-6.8966
VFC,2020-12-31,2021-01-27,0.93,0.9,0.03,3.3333
VFC,2020-09-30,2020-10-16,0.67,0.49,0.18,36.7347
VFC,2020-06-30,2020-07-31,-0.57,-0.67,0.1,14.9254
VFC,2020-03-31,2020-05-15,0.1,0.14,-0.04,-28.5714
VFC,2019-12-31,2020-01-23,1.23,1.21,0.02,1.6529
VLO,2025-03-31,2025-04-24,0.89,0.48,0.41,85.4167
VLO,2024-12-31,2025-01-30,0.88,0.05,0.83,1660
VLO,2024-09-30,2024-10-24,1.14,0.98,0.16,16.3265
VLO,2024-06-30,2024-07-25,2.71,2.6,0.11,4.2308
VLO,2024-03-31,2024-04-25,3.82,3.22,0.6,18.6335
VLO,2023-12-31,2024-01-25,3.55,3,0.55,18.3333
VLO,2023-09-30,2023-10-26,7.49,7.32,0.17,2.3224
VLO,2023-06-30,2023-07-27,5.4,5.08,0.32,6.2992
VLO,2023-03-31,2023-04-27,8.27,7.21,1.06,14.7018
VLO,2022-12-31,2023-01-26,8.45,7.24,1.21,16.7127
VLO,2022-09-30,2022-10-25,7.14,6.94,0.2,2.8818
VLO,2022-06-30,2022-07-28,11.36,9.38,1.98,21.1087
VLO,2022-03-31,2022-04-26,2.31,1.65,0.66,40
VLO,2021-12-31,2022-01-27,2.47,1.84,0.63,34.2391
VLO,2021-09-30,2021-10-21,1.22,0.92,0.3,32.6087
VLO,2021-06-30,2021-07-29,0.48,0.13,0.35,269.2308
VLO,2021-03-31,2021-04-22,-1.73,-1.85,0.12,6.4865
VLO,2020-12-31,2021-01-28,-1.06,-1.39,0.33,23.741
VLO,2020-09-30,2020-10-22,-1.16,-1.33,0.17,12.782
VLO,2020-06-30,2020-07-30,-1.25,-1.4,0.15,10.7143
VLO,2020-03-31,2020-04-29,0.34,-0.15,0.49,326.6667
VLO,2019-12-31,2020-01-30,2.13,1.63,0.5,30.6748
VMC,2025-03-31,2025-04-30,1,0.7597,0.2403,31.6309
VMC,2024-12-31,2025-02-18,2.17,1.85,0.32,17.2973
VMC,2024-09-30,2024-10-30,2.22,2.32,-0.1,-4.3103
VMC,2024-06-30,2024-08-06,2.35,2.48,-0.13,-5.2419
VMC,2024-03-31,2024-05-02,0.8,0.97,-0.17,-17.5258
VMC,2023-12-31,2024-02-16,1.46,1.39,0.07,5.036
VMC,2023-09-30,2023-10-26,2.29,2.3,-0.01,-0.4348
VMC,2023-06-30,2023-08-03,2.29,1.91,0.38,19.8953
VMC,2023-03-31,2023-05-04,0.95,0.61,0.34,55.7377
VMC,2022-12-31,2023-02-16,1.08,1.26,-0.18,-14.2857
VMC,2022-09-30,2022-11-02,1.78,1.7,0.08,4.7059
VMC,2022-06-30,2022-08-04,1.64,1.69,-0.05,-2.9586
VMC,2022-03-31,2022-05-04,0.73,0.62,0.11,17.7419
VMC,2021-12-31,2022-02-16,1.25,1.16,0.09,7.7586
VMC,2021-09-30,2021-11-04,1.54,1.65,-0.11,-6.6667
VMC,2021-06-30,2021-08-04,1.57,1.66,-0.09,-5.4217
VMC,2021-03-31,2021-05-04,0.69,0.45,0.24,53.3333
VMC,2020-12-31,2021-02-16,1.07,0.98,0.09,9.1837
VMC,2020-09-30,2020-11-05,1.56,1.62,-0.06,-3.7037
VMC,2020-06-30,2020-08-04,1.6,1.38,0.22,15.942
VMC,2020-03-31,2020-05-06,0.47,0.43,0.04,9.3023
VMC,2019-12-31,2020-02-18,1.08,1.17,-0.09,-7.6923
VRSK,2025-03-31,2025-05-07,1.73,1.683,0.047,2.7926
VRSK,2024-12-31,2025-02-26,1.61,1.5973,0.0127,0.7951
VRSK,2024-09-30,2024-10-30,1.67,1.6,0.07,4.375
VRSK,2024-06-30,2024-07-31,1.74,1.64,0.1,6.0976
VRSK,2024-03-31,2024-05-01,1.63,1.53,0.1,6.5359
VRSK,2023-12-31,2024-02-21,1.4,1.44,-0.04,-2.7778
VRSK,2023-09-30,2023-11-01,1.52,1.47,0.05,3.4014
VRSK,2023-06-30,2023-08-02,1.51,1.41,0.1,7.0922
VRSK,2023-03-31,2023-05-03,1.29,1.19,0.1,8.4034
VRSK,2022-12-31,2023-02-28,1.43,1.18,0.25,21.1864
VRSK,2022-09-30,2022-11-01,1.46,1.47,-0.01,-0.6803
VRSK,2022-06-30,2022-08-02,1.53,1.41,0.12,8.5106
VRSK,2022-03-31,2022-05-03,1.34,1.39,-0.05,-3.5971
VRSK,2021-12-31,2022-02-22,1.47,1.41,0.06,4.2553
VRSK,2021-09-30,2021-11-02,1.44,1.36,0.08,5.8824
VRSK,2021-06-30,2021-08-03,1.17,1.33,-0.16,-12.0301
VRSK,2021-03-31,2021-05-04,1.23,1.25,-0.02,-1.6
VRSK,2020-12-31,2021-02-23,1.27,1.3,-0.03,-2.3077
VRSK,2020-09-30,2020-11-04,1.32,1.2,0.12,10
VRSK,2020-06-30,2020-08-04,1.29,1.19,0.1,8.4034
VRSK,2020-03-31,2020-05-05,1.17,1.13,0.04,3.5398
VRSK,2019-12-31,2020-02-18,1.13,1.12,0.01,0.8929
VRTX,2025-03-31,2025-05-05,4.06,4.29,-0.23,-5.3613
VRTX,2024-12-31,2025-02-10,3.98,4.02,-0.04,-0.995
VRTX,2024-09-30,2024-11-04,4.38,4.13,0.25,6.0533
VRTX,2024-06-30,2024-08-01,-12.83,2.94,-15.77,-536.3946
VRTX,2024-03-31,2024-05-06,4.76,4.06,0.7,17.2414
VRTX,2023-12-31,2024-02-05,4.2,4.1,0.1,2.439
VRTX,2023-09-30,2023-11-06,4.08,3.97,0.11,2.7708
VRTX,2023-06-30,2023-08-01,3.89,3.88,0.01,0.2577
VRTX,2023-03-31,2023-05-01,3.05,3,0.05,1.6667
VRTX,2022-12-31,2023-02-07,3.76,3.51,0.25,7.1225
VRTX,2022-09-30,2022-10-27,4.01,3.64,0.37,10.1648
VRTX,2022-06-30,2022-08-04,3.6,3.48,0.12,3.4483
VRTX,2022-03-31,2022-05-05,3.52,3.49,0.03,0.8596
VRTX,2021-12-31,2022-01-26,3.37,3.3,0.07,2.1212
VRTX,2021-09-30,2021-11-02,3.56,3.08,0.48,15.5844
VRTX,2021-06-30,2021-07-29,3.11,2.51,0.6,23.9044
VRTX,2021-03-31,2021-04-29,2.98,2.69,0.29,10.7807
VRTX,2020-12-31,2021-02-01,2.51,2.59,-0.08,-3.0888
VRTX,2020-09-30,2020-10-29,2.64,2.34,0.3,12.8205
VRTX,2020-06-30,2020-07-30,2.61,2.07,0.54,26.087
VRTX,2020-03-31,2020-04-29,2.56,1.85,0.71,38.3784
VRTX,2019-12-31,2020-01-30,1.7,1.21,0.49,40.4959
VZ,2025-03-31,2025-04-22,1.19,1.15,0.04,3.4783
VZ,2024-12-31,2025-01-24,1.1,1.1,0,0
VZ,2024-09-30,2024-10-22,1.19,1.18,0.01,0.8475
VZ,2024-06-30,2024-07-22,1.15,1.15,0,0
VZ,2024-03-31,2024-04-22,1.15,1.12,0.03,2.6786
VZ,2023-12-31,2024-01-23,1.08,1.08,0,0
VZ,2023-09-30,2023-10-24,1.22,1.18,0.04,3.3898
VZ,2023-06-30,2023-07-25,1.21,1.17,0.04,3.4188
VZ,2023-03-31,2023-04-25,1.2,1.19,0.01,0.8403
VZ,2022-12-31,2023-01-24,1.19,1.19,0,0
VZ,2022-09-30,2022-10-21,1.32,1.29,0.03,2.3256
VZ,2022-06-30,2022-07-22,1.31,1.33,-0.02,-1.5038
VZ,2022-03-31,2022-04-22,1.35,1.32,0.03,2.2727
VZ,2021-12-31,2022-01-25,1.31,1.28,0.03,2.3438
VZ,2021-09-30,2021-10-20,1.41,1.36,0.05,3.6765
VZ,2021-06-30,2021-07-21,1.37,1.3,0.07,5.3846
VZ,2021-03-31,2021-04-21,1.31,1.29,0.02,1.5504
VZ,2020-12-31,2021-01-26,1.21,1.17,0.04,3.4188
VZ,2020-09-30,2020-10-21,1.25,1.21,0.04,3.3058
VZ,2020-06-30,2020-07-24,1.18,1.15,0.03,2.6087
VZ,2020-03-31,2020-04-24,1.26,1.22,0.04,3.2787
VZ,2019-12-31,2020-01-30,1.13,1.15,-0.02,-1.7391
WAB,2025-03-31,2025-04-23,2.28,2.0261,0.2539,12.5315
WAB,2024-12-31,2025-02-12,1.68,1.7325,-0.0525,-3.0303
WAB,2024-09-30,2024-10-23,2,1.9,0.1,5.2632
WAB,2024-06-30,2024-07-24,1.96,1.88,0.08,4.2553
WAB,2024-03-31,2024-04-24,1.89,1.49,0.4,26.8456
WAB,2023-12-31,2024-02-14,1.54,1.58,-0.04,-2.5316
WAB,2023-09-30,2023-10-25,1.7,1.46,0.24,16.4384
WAB,2023-06-30,2023-07-27,1.41,1.33,0.08,6.015
WAB,2023-03-31,2023-04-26,1.28,1.19,0.09,7.563
WAB,2022-12-31,2023-02-15,1.3,1.28,0.02,1.5625
WAB,2022-09-30,2022-11-01,1.22,1.21,0.01,0.8264
WAB,2022-06-30,2022-08-05,1.23,1.22,0.01,0.8197
WAB,2022-03-31,2022-04-27,1.13,1.12,0.01,0.8929
WAB,2021-12-31,2022-02-16,1.18,1.17,0.01,0.8547
WAB,2021-09-30,2021-10-27,1.14,1.12,0.02,1.7857
WAB,2021-06-30,2021-07-29,1.06,0.95,0.11,11.5789
WAB,2021-03-31,2021-04-29,0.89,0.86,0.03,3.4884
WAB,2020-12-31,2021-02-18,0.98,1.03,-0.05,-4.8544
WAB,2020-09-30,2020-10-29,0.95,0.9,0.05,5.5556
WAB,2020-06-30,2020-07-28,0.87,0.75,0.12,16
WAB,2020-03-31,2020-05-04,0.97,0.97,0,0
WAB,2019-12-31,2020-02-18,1.04,1.05,-0.01,-0.9524
WAT,2025-03-31,2025-05-06,2.25,2.22,0.03,1.3514
WAT,2024-12-31,2025-02-12,4.1,4.03,0.07,1.737
WAT,2024-09-30,2024-11-01,2.93,2.68,0.25,9.3284
WAT,2024-06-30,2024-07-31,2.63,2.56,0.07,2.7344
WAT,2024-03-31,2024-05-07,2.21,2.09,0.12,5.7416
WAT,2023-12-31,2024-02-06,3.62,3.55,0.07,1.9718
WAT,2023-09-30,2023-11-07,2.84,2.55,0.29,11.3725
WAT,2023-06-30,2023-08-02,2.8,2.59,0.21,8.1081
WAT,2023-03-31,2023-05-09,2.49,2.62,-0.13,-4.9618
WAT,2022-12-31,2023-02-15,3.84,3.74,0.1,2.6738
WAT,2022-09-30,2022-11-01,2.64,2.58,0.06,2.3256
WAT,2022-06-30,2022-08-02,2.75,2.67,0.08,2.9963
WAT,2022-03-31,2022-05-03,2.8,2.34,0.46,19.6581
WAT,2021-12-31,2022-02-01,3.67,3.49,0.18,5.1576
WAT,2021-09-30,2021-11-02,2.66,2.36,0.3,12.7119
WAT,2021-06-30,2021-08-03,2.6,2.28,0.32,14.0351
WAT,2021-03-31,2021-05-05,2.29,1.57,0.72,45.8599
WAT,2020-12-31,2021-02-02,3.65,2.9,0.75,25.8621
WAT,2020-09-30,2020-10-27,2.16,1.92,0.24,12.5
WAT,2020-06-30,2020-07-28,2.1,1.56,0.54,34.6154
WAT,2020-03-31,2020-04-28,1.15,1.44,-0.29,-20.1389
WAT,2019-12-31,2020-02-04,3.2,3.01,0.19,6.3123
WBD,2025-03-31,2025-05-08,-0.18,-0.1295,-0.0505,-38.9961
WBD,2024-12-31,2025-02-27,-0.2,0.0257,-0.2257,-878.2101
WBD,2024-09-30,2024-11-07,0.05,-0.08,0.13,162.5
WBD,2024-06-30,2024-08-07,-0.36,-0.22,-0.14,-63.6364
WBD,2024-03-31,2024-05-09,-0.24,-0.4,0.16,40
WBD,2023-12-31,2024-02-23,-0.16,-0.07,-0.09,-128.5714
WBD,2023-09-30,2023-11-08,-0.17,-0.06,-0.11,-183.3333
WBD,2023-06-30,2023-08-03,-0.49,-0.38,-0.11,-28.9474
WBD,2023-03-31,2023-05-05,-0.44,0.01,-0.45,-4500
WBD,2022-12-31,2023-02-23,-0.86,-0.21,-0.65,-309.5238
WBD,2022-09-30,2022-11-03,-0.95,-0.21,-0.74,-352.381
WBD,2022-06-30,2022-08-04,0.82,0.02,0.8,4000
WBD,2022-03-31,2022-04-26,0.69,0.04,0.65,1625
WBD,2021-12-31,2022-02-24,0.08,0.83,-0.75,-90.3614
WBD,2021-09-30,2021-11-03,0.24,0.41,-0.17,-41.4634
WBD,2021-06-30,2021-08-03,0.89,0.86,0.03,3.4884
WBD,2021-03-31,2021-04-28,0.53,0.65,-0.12,-18.4615
WBD,2020-12-31,2021-02-22,0.76,0.72,0.04,5.5556
WBD,2020-09-30,2020-11-05,0.81,0.66,0.15,22.7273
WBD,2020-06-30,2020-08-05,0.77,0.7,0.07,10
WBD,2020-03-31,2020-05-06,0.87,0.84,0.03,3.5714
WBD,2019-12-31,2020-02-27,0.98,0.92,0.06,6.5217
WDC,2025-03-31,2025-04-30,1.36,1.11,0.25,22.5225
WDC,2024-12-31,2025-01-29,1.77,1.82,-0.05,-2.7473
WDC,2024-09-30,2024-10-24,1.78,1.71,0.07,4.0936
WDC,2024-06-30,2024-07-31,1.44,1.17,0.27,23.0769
WDC,2024-03-31,2024-04-25,0.63,0.21,0.42,200
WDC,2023-12-31,2024-01-25,-0.69,-1.13,0.44,38.9381
WDC,2023-09-30,2023-10-30,-1.76,-1.9,0.14,7.3684
WDC,2023-06-30,2023-07-31,-1.98,-2.02,0.04,1.9802
WDC,2023-03-31,2023-05-08,-1.37,-1.56,0.19,12.1795
WDC,2022-12-31,2023-01-31,-0.42,-0.13,-0.29,-223.0769
WDC,2022-09-30,2022-10-27,0.2,0.39,-0.19,-48.7179
WDC,2022-06-30,2022-08-05,1.78,1.72,0.06,3.4884
WDC,2022-03-31,2022-04-28,1.65,1.5,0.15,10
WDC,2021-12-31,2022-01-27,2.3,2.12,0.18,8.4906
WDC,2021-09-30,2021-10-28,2.49,2.44,0.05,2.0492
WDC,2021-06-30,2021-08-04,2.16,1.5,0.66,44
WDC,2021-03-31,2021-04-29,1.02,0.68,0.34,50
WDC,2020-12-31,2021-01-28,0.69,0.54,0.15,27.7778
WDC,2020-09-30,2020-10-28,0.65,0.55,0.1,18.1818
WDC,2020-06-30,2020-08-05,1.23,1.23,0,0
WDC,2020-03-31,2020-04-30,0.85,0.92,-0.07,-7.6087
WDC,2019-12-31,2020-01-30,0.62,0.58,0.04,6.8966
WEC,2025-03-31,2025-05-06,2.27,2.18,0.09,4.1284
WEC,2024-12-31,2025-02-04,1.43,1.43,0,0
WEC,2024-09-30,2024-10-31,0.76,0.7,0.06,8.5714
WEC,2024-06-30,2024-07-31,0.67,0.64,0.03,4.6875
WEC,2024-03-31,2024-05-01,1.97,1.92,0.05,2.6042
WEC,2023-12-31,2024-02-01,1.1,1.08,0.02,1.8519
WEC,2023-09-30,2023-10-31,1,0.91,0.09,9.8901
WEC,2023-06-30,2023-08-01,0.92,0.85,0.07,8.2353
WEC,2023-03-31,2023-05-01,1.61,1.59,0.02,1.2579
WEC,2022-12-31,2023-02-02,0.8,0.75,0.05,6.6667
WEC,2022-09-30,2022-11-01,0.96,0.86,0.1,11.6279
WEC,2022-06-30,2022-08-02,0.91,0.85,0.06,7.0588
WEC,2022-03-31,2022-05-02,1.79,1.67,0.12,7.1856
WEC,2021-12-31,2022-02-03,0.71,0.68,0.03,4.4118
WEC,2021-09-30,2021-11-02,0.92,0.79,0.13,16.4557
WEC,2021-06-30,2021-08-03,0.87,0.79,0.08,10.1266
WEC,2021-03-31,2021-05-03,1.61,1.47,0.14,9.5238
WEC,2020-12-31,2021-02-04,0.76,0.73,0.03,4.1096
WEC,2020-09-30,2020-11-03,0.84,0.76,0.08,10.5263
WEC,2020-06-30,2020-08-04,0.76,0.68,0.08,11.7647
WEC,2020-03-31,2020-05-04,1.43,1.32,0.11,8.3333
WEC,2019-12-31,2020-01-30,0.77,0.72,0.05,6.9444
WELL,2025-03-31,2025-04-28,0.4,0.38,0.02,5.2632
WELL,2024-12-31,2025-02-11,0.3377,0.41,-0.0723,-17.6341
WELL,2024-09-30,2024-10-28,0.73,0.38,0.35,92.1053
WELL,2024-06-30,2024-07-29,0.42,0.34,0.08,23.5294
WELL,2024-03-31,2024-04-29,0.22,0.25,-0.03,-12
WELL,2023-12-31,2024-02-13,0.15,0.27,-0.12,-44.4444
WELL,2023-09-30,2023-10-30,0.24,0.19,0.05,26.3158
WELL,2023-06-30,2023-07-31,0.2,0.16,0.04,25
WELL,2023-03-31,2023-05-02,0.05,0.12,-0.07,-58.3333
WELL,2022-12-31,2023-02-15,-0.01,0.1,-0.11,-110
WELL,2022-09-30,2022-11-07,-0.01,0.16,-0.17,-106.25
WELL,2022-06-30,2022-08-09,0.2,0.18,0.02,11.1111
WELL,2022-03-31,2022-05-10,0.14,0.18,-0.04,-22.2222
WELL,2021-12-31,2022-02-15,0.13,0.15,-0.02,-13.3333
WELL,2021-09-30,2021-11-04,0.42,0.18,0.24,133.3333
WELL,2021-06-30,2021-07-29,0.06,0.1,-0.04,-40
WELL,2021-03-31,2021-04-28,0.17,0.23,-0.06,-26.087
WELL,2020-12-31,2021-02-09,0.39,0.18,0.21,116.6667
WELL,2020-09-30,2020-10-28,0.77,0.16,0.61,381.25
WELL,2020-06-30,2020-08-05,0.42,0.2,0.22,110
WELL,2020-03-31,2020-05-06,0.75,0.37,0.38,102.7027
WELL,2019-12-31,2020-02-12,0.55,0.3,0.25,83.3333
WFC,2025-03-31,2025-04-11,1.39,1.23,0.16,13.0081
WFC,2024-12-31,2025-01-15,1.48,1.35,0.13,9.6296
WFC,2024-09-30,2024-10-11,1.51,1.28,0.23,17.9688
WFC,2024-06-30,2024-07-12,1.33,1.29,0.04,3.1008
WFC,2024-03-31,2024-04-12,1.2,1.05,0.15,14.2857
WFC,2023-12-31,2024-01-12,1.29,1.08,0.21,19.4444
WFC,2023-09-30,2023-10-13,1.48,1.24,0.24,19.3548
WFC,2023-06-30,2023-07-14,1.25,1.15,0.1,8.6957
WFC,2023-03-31,2023-04-14,1.23,1.14,0.09,7.8947
WFC,2022-12-31,2023-01-13,1.45,1.14,0.31,27.193
WFC,2022-09-30,2022-10-14,1.3,1.09,0.21,19.2661
WFC,2022-06-30,2022-07-15,0.74,0.81,-0.07,-8.642
WFC,2022-03-31,2022-04-14,0.88,0.81,0.07,8.642
WFC,2021-12-31,2022-01-14,1.25,1,0.25,25
WFC,2021-09-30,2021-10-14,1.22,0.94,0.28,29.7872
WFC,2021-06-30,2021-07-14,1.37,0.93,0.44,47.3118
WFC,2021-03-31,2021-04-14,1.05,0.72,0.33,45.8333
WFC,2020-12-31,2021-01-15,0.7,0.62,0.08,12.9032
WFC,2020-09-30,2020-10-14,0.73,0.47,0.26,55.3191
WFC,2020-06-30,2020-07-14,-0.55,-0.15,-0.4,-266.6667
WFC,2020-03-31,2020-04-14,0.74,0.57,0.17,29.8246
WFC,2019-12-31,2020-01-14,0.93,1.1,-0.17,-15.4545
WM,2025-03-31,2025-04-28,1.67,1.59,0.08,5.0314
WM,2024-12-31,2025-01-29,1.7,1.8,-0.1,-5.5556
WM,2024-09-30,2024-10-28,1.96,1.88,0.08,4.2553
WM,2024-06-30,2024-07-24,1.82,1.83,-0.01,-0.5464
WM,2024-03-31,2024-04-24,1.75,1.51,0.24,15.894
WM,2023-12-31,2024-02-12,1.74,1.53,0.21,13.7255
WM,2023-09-30,2023-10-24,1.63,1.61,0.02,1.2422
WM,2023-06-30,2023-07-25,1.51,1.54,-0.03,-1.9481
WM,2023-03-31,2023-04-26,1.31,1.29,0.02,1.5504
WM,2022-12-31,2023-01-31,1.3,1.41,-0.11,-7.8014
WM,2022-09-30,2022-10-26,1.56,1.51,0.05,3.3113
WM,2022-06-30,2022-07-27,1.44,1.4,0.04,2.8571
WM,2022-03-31,2022-04-26,1.29,1.14,0.15,13.1579
WM,2021-12-31,2022-02-02,1.26,1.26,0,0
WM,2021-09-30,2021-10-26,1.26,1.36,-0.1,-7.3529
WM,2021-06-30,2021-07-27,1.27,1.19,0.08,6.7227
WM,2021-03-31,2021-04-27,1.06,1.01,0.05,4.9505
WM,2020-12-31,2021-02-18,1.13,1.09,0.04,3.6697
WM,2020-09-30,2020-11-02,1.09,1.02,0.07,6.8627
WM,2020-06-30,2020-07-30,0.88,0.81,0.07,8.642
WM,2020-03-31,2020-05-06,0.93,0.92,0.01,1.087
WM,2019-12-31,2020-02-13,1.19,1.15,0.04,3.4783
WMB,2025-03-31,2025-05-05,0.6,0.55,0.05,9.0909
WMB,2024-12-31,2025-02-12,0.47,0.45,0.02,4.4444
WMB,2024-09-30,2024-11-06,0.43,0.42,0.01,2.381
WMB,2024-06-30,2024-08-05,0.43,0.38,0.05,13.1579
WMB,2024-03-31,2024-05-06,0.59,0.48,0.11,22.9167
WMB,2023-12-31,2024-02-14,0.48,0.46,0.02,4.3478
WMB,2023-09-30,2023-11-01,0.48,0.41,0.07,17.0732
WMB,2023-06-30,2023-08-02,0.45,0.39,0.06,15.3846
WMB,2023-03-31,2023-05-03,0.76,0.46,0.3,65.2174
WMB,2022-12-31,2023-02-20,0.55,0.49,0.06,12.2449
WMB,2022-09-30,2022-10-31,0.49,0.44,0.05,11.3636
WMB,2022-06-30,2022-08-01,0.33,0.37,-0.04,-10.8108
WMB,2022-03-31,2022-05-02,0.41,0.35,0.06,17.1429
WMB,2021-12-31,2022-02-21,0.39,0.34,0.05,14.7059
WMB,2021-09-30,2021-11-01,0.34,0.28,0.06,21.4286
WMB,2021-06-30,2021-08-02,0.27,0.28,-0.01,-3.5714
WMB,2021-03-31,2021-05-03,0.35,0.29,0.06,20.6897
WMB,2020-12-31,2021-02-22,0.09,0.31,-0.22,-70.9677
WMB,2020-09-30,2020-11-02,0.25,0.27,-0.02,-7.4074
WMB,2020-06-30,2020-08-03,0.25,0.24,0.01,4.1667
WMB,2020-03-31,2020-05-04,0.26,0.26,0,0
WMB,2019-12-31,2020-02-19,0.24,0.24,0,0
WMT,2025-04-30,2025-05-15,0.61,0.58,0.03,5.1724
WMT,2025-01-31,2025-02-20,0.66,0.65,0.01,1.5385
WMT,2024-10-31,2024-11-19,0.58,0.53,0.05,9.434
WMT,2024-07-31,2024-08-15,0.67,0.65,0.02,3.0769
WMT,2024-04-30,2024-05-16,0.6,0.52,0.08,15.3846
WMT,2024-01-31,2024-02-20,1.8,1.64,0.16,9.7561
WMT,2023-10-31,2023-11-16,1.53,1.51,0.02,1.3245
WMT,2023-07-31,2023-08-17,1.84,1.69,0.15,8.8757
WMT,2023-04-30,2023-05-18,1.47,1.3,0.17,13.0769
WMT,2023-01-31,2023-02-21,1.71,1.52,0.19,12.5
WMT,2022-10-31,2022-11-15,1.5,1.32,0.18,13.6364
WMT,2022-07-31,2022-08-16,0.59,0.59,0,0
WMT,2022-04-30,2022-05-17,0.4333,0.43,0.0033,0.7674
WMT,2022-01-31,2022-02-17,0.51,0.51,0,0
WMT,2021-10-31,2021-11-16,0.4833,0.48,0.0033,0.6875
WMT,2021-07-31,2021-08-17,0.5933,0.59,0.0033,0.5593
WMT,2021-04-30,2021-05-18,0.5633,0.56,0.0033,0.5893
WMT,2021-01-31,2021-02-18,0.4633,0.46,0.0033,0.7174
WMT,2020-10-31,2020-11-17,0.4467,0.45,-0.0033,-0.7333
WMT,2020-07-31,2020-08-18,0.52,0.52,0,0
WMT,2020-04-30,2020-05-19,0.3933,0.39,0.0033,0.8462
WMT,2020-01-31,2020-02-18,0.46,0.46,0,0
WRB,2025-03-31,2025-04-21,1.01,0.99,0.02,2.0202
WRB,2024-12-31,2025-01-27,1.13,0.95,0.18,18.9474
WRB,2024-09-30,2024-10-21,0.91,0.96,-0.05,-5.2083
WRB,2024-06-30,2024-07-22,1.04,0.92,0.12,13.0435
WRB,2024-03-31,2024-04-23,1.56,1.44,0.12,8.3333
WRB,2023-12-31,2024-01-24,1.45,1.38,0.07,5.0725
WRB,2023-09-30,2023-10-23,1.35,1.18,0.17,14.4068
WRB,2023-06-30,2023-07-20,1.14,1.1,0.04,3.6364
WRB,2023-03-31,2023-04-20,1,1.23,-0.23,-18.6992
WRB,2022-12-31,2023-01-26,1.16,1.1,0.06,5.4545
WRB,2022-09-30,2022-10-24,1.01,0.85,0.16,18.8235
WRB,2022-06-30,2022-07-21,1.12,0.86,0.26,30.2326
WRB,2022-03-31,2022-04-25,1.1,0.95,0.15,15.7895
WRB,2021-12-31,2022-01-27,1.02,0.84,0.18,21.4286
WRB,2021-09-30,2021-10-21,0.88,0.66,0.22,33.3333
WRB,2021-06-30,2021-07-22,0.78,0.67,0.11,16.4179
WRB,2021-03-31,2021-04-20,0.72,0.54,0.18,33.3333
WRB,2020-12-31,2021-01-26,0.61,0.53,0.08,15.0943
WRB,2020-09-30,2020-10-20,0.43,0.45,-0.02,-4.4444
WRB,2020-06-30,2020-07-21,0.04,0.17,-0.13,-76.4706
WRB,2020-03-31,2020-04-21,0.61,0.49,0.12,24.4898
WRB,2019-12-31,2020-01-28,0.47,0.48,-0.01,-2.0833
WST,2025-03-31,2025-04-24,1.45,1.2579,0.1921,15.2715
WST,2024-12-31,2025-02-13,1.82,1.71,0.11,6.4327
WST,2024-09-30,2024-10-24,1.85,1.5,0.35,23.3333
WST,2024-06-30,2024-07-25,1.52,1.74,-0.22,-12.6437
WST,2024-03-31,2024-04-25,1.56,1.26,0.3,23.8095
WST,2023-12-31,2024-02-15,1.83,1.78,0.05,2.809
WST,2023-09-30,2023-10-26,2.16,1.86,0.3,16.129
WST,2023-06-30,2023-07-27,2.11,1.93,0.18,9.3264
WST,2023-03-31,2023-04-27,1.98,1.67,0.31,18.5629
WST,2022-12-31,2023-02-16,1.77,1.38,0.39,28.2609
WST,2022-09-30,2022-10-27,2.03,2.12,-0.09,-4.2453
WST,2022-06-30,2022-07-28,2.47,2.21,0.26,11.7647
WST,2022-03-31,2022-04-28,2.3,2.12,0.18,8.4906
WST,2021-12-31,2022-02-17,2.04,1.92,0.12,6.25
WST,2021-09-30,2021-10-28,2.06,1.8,0.26,14.4444
WST,2021-06-30,2021-07-29,2.46,1.74,0.72,41.3793
WST,2021-03-31,2021-04-29,2.05,1.43,0.62,43.3566
WST,2020-12-31,2021-02-18,1.34,1.13,0.21,18.5841
WST,2020-09-30,2020-10-22,1.15,1,0.15,15
WST,2020-06-30,2020-07-23,1.25,0.91,0.34,37.3626
WST,2020-03-31,2020-04-23,1.01,0.82,0.19,23.1707
WST,2019-12-31,2020-02-13,0.82,0.72,0.1,13.8889
WTW,2025-03-31,2025-04-24,3.13,3.19,-0.06,-1.8809
WTW,2024-12-31,2025-02-04,8.13,8.03,0.1,1.2453
WTW,2024-09-30,2024-10-31,2.93,2.72,0.21,7.7206
WTW,2024-06-30,2024-07-25,2.55,2.33,0.22,9.4421
WTW,2024-03-31,2024-04-25,3.29,3.27,0.02,0.6116
WTW,2023-12-31,2024-02-06,7.44,7.05,0.39,5.5319
WTW,2023-09-30,2023-10-26,2.24,2.05,0.19,9.2683
WTW,2023-06-30,2023-07-27,2.05,2.33,-0.28,-12.0172
WTW,2023-03-31,2023-04-27,2.84,2.79,0.05,1.7921
WTW,2022-12-31,2023-02-09,6.33,6.22,0.11,1.7685
WTW,2022-09-30,2022-10-27,2.2,2.13,0.07,3.2864
WTW,2022-06-30,2022-07-28,2.32,2.3,0.02,0.8696
WTW,2022-03-31,2022-04-28,2.66,2.47,0.19,7.6923
WTW,2021-12-31,2022-02-08,5.67,5.49,0.18,3.2787
WTW,2021-09-30,2021-10-28,1.73,1.59,0.14,8.805
WTW,2021-06-30,2021-08-03,2.66,1.99,0.67,33.6683
WTW,2021-03-31,2021-04-29,3.64,3.28,0.36,10.9756
WTW,2020-12-31,2021-02-09,5.23,5.03,0.2,3.9761
WTW,2020-09-30,2020-10-29,1.33,1.3,0.03,2.3077
WTW,2020-06-30,2020-07-30,1.8,1.63,0.17,10.4294
WTW,2020-03-31,2020-04-30,3.34,3.13,0.21,6.7093
WTW,2019-12-31,2020-02-06,4.9,4.86,0.04,0.823
WY,2025-03-31,2025-04-24,0.11,0.1,0.01,10
WY,2024-12-31,2025-01-30,0.11,0.07,0.04,57.1429
WY,2024-09-30,2024-10-24,0.05,0.01,0.04,400
WY,2024-06-30,2024-07-25,0.21,0.21,0,0
WY,2024-03-31,2024-04-25,0.16,0.15,0.01,6.6667
WY,2023-12-31,2024-01-25,0.16,0.14,0.02,14.2857
WY,2023-09-30,2023-10-26,0.33,0.34,-0.01,-2.9412
WY,2023-06-30,2023-07-27,0.32,0.21,0.11,52.381
WY,2023-03-31,2023-04-27,0.21,0.12,0.09,75
WY,2022-12-31,2023-01-26,0.24,0.18,0.06,33.3333
WY,2022-09-30,2022-10-27,0.42,0.37,0.05,13.5135
WY,2022-06-30,2022-07-29,1.06,0.98,0.08,8.1633
WY,2022-03-31,2022-04-29,1.31,1.23,0.08,6.5041
WY,2021-12-31,2022-01-28,0.49,0.48,0.01,2.0833
WY,2021-09-30,2021-10-29,0.6,0.56,0.04,7.1429
WY,2021-06-30,2021-07-30,1.37,1.39,-0.02,-1.4388
WY,2021-03-31,2021-04-30,0.91,0.92,-0.01,-1.087
WY,2020-12-31,2021-01-29,0.48,0.48,0,0
WY,2020-09-30,2020-10-30,0.52,0.46,0.06,13.0435
WY,2020-06-30,2020-07-31,0.11,0.01,0.1,1000
WY,2020-03-31,2020-05-01,0.18,0.13,0.05,38.4615
WY,2019-12-31,2020-01-31,0.03,0.05,-0.02,-40
XEL,2025-03-31,2025-04-24,0.84,0.92,-0.08,-8.6957
XEL,2024-12-31,2025-02-06,0.81,0.88,-0.07,-7.9545
XEL,2024-09-30,2024-10-31,1.25,1.26,-0.01,-0.7937
XEL,2024-06-30,2024-08-01,0.54,0.57,-0.03,-5.2632
XEL,2024-03-31,2024-04-25,0.88,0.77,0.11,14.2857
XEL,2023-12-31,2024-01-25,0.83,0.83,0,0
XEL,2023-09-30,2023-10-27,1.23,1.26,-0.03,-2.381
XEL,2023-06-30,2023-07-27,0.52,0.57,-0.05,-8.7719
XEL,2023-03-31,2023-04-27,0.76,0.74,0.02,2.7027
XEL,2022-12-31,2023-01-26,0.69,0.67,0.02,2.9851
XEL,2022-09-30,2022-10-27,1.18,1.22,-0.04,-3.2787
XEL,2022-06-30,2022-07-28,0.6,0.6,0,0
XEL,2022-03-31,2022-04-28,0.7,0.68,0.02,2.9412
XEL,2021-12-31,2022-01-27,0.58,0.57,0.01,1.7544
XEL,2021-09-30,2021-10-28,1.13,1.17,-0.04,-3.4188
XEL,2021-06-30,2021-07-29,0.58,0.57,0.01,1.7544
XEL,2021-03-31,2021-04-29,0.67,0.61,0.06,9.8361
XEL,2020-12-31,2021-01-28,0.54,0.54,0,0
XEL,2020-09-30,2020-10-29,1.14,1.06,0.08,7.5472
XEL,2020-06-30,2020-07-30,0.54,0.49,0.05,10.2041
XEL,2020-03-31,2020-05-07,0.56,0.59,-0.03,-5.0847
XEL,2019-12-31,2020-01-30,0.56,0.54,0.02,3.7037
XOM,2025-03-31,2025-05-02,1.76,1.74,0.02,1.1494
XOM,2024-12-31,2025-01-31,1.67,1.55,0.12,7.7419
XOM,2024-09-30,2024-11-01,1.92,1.88,0.04,2.1277
XOM,2024-06-30,2024-08-02,2.14,2.01,0.13,6.4677
XOM,2024-03-31,2024-04-26,2.06,2.04,0.02,0.9804
XOM,2023-12-31,2024-02-02,2.48,2.19,0.29,13.242
XOM,2023-09-30,2023-10-27,2.27,2.36,-0.09,-3.8136
XOM,2023-06-30,2023-07-28,1.94,2.02,-0.08,-3.9604
XOM,2023-03-31,2023-04-28,2.83,2.59,0.24,9.2664
XOM,2022-12-31,2023-01-31,3.4,3.28,0.12,3.6585
XOM,2022-09-30,2022-10-28,4.45,3.82,0.63,16.4921
XOM,2022-06-30,2022-07-29,4.14,3.89,0.25,6.4267
XOM,2022-03-31,2022-04-29,2.07,2.22,-0.15,-6.7568
XOM,2021-12-31,2022-02-01,2.05,1.93,0.12,6.2176
XOM,2021-09-30,2021-10-29,1.58,1.52,0.06,3.9474
XOM,2021-06-30,2021-07-30,1.1,0.99,0.11,11.1111
XOM,2021-03-31,2021-04-30,0.65,0.6,0.05,8.3333
XOM,2020-12-31,2021-02-02,0.03,0.02,0.01,50
XOM,2020-09-30,2020-10-30,-0.15,-0.26,0.11,42.3077
XOM,2020-06-30,2020-07-31,-0.26,-0.54,0.28,51.8519
XOM,2020-03-31,2020-05-01,-0.14,0.04,-0.18,-450
XOM,2019-12-31,2020-01-31,1.33,1.2,0.13,10.8333
XYL,2025-03-31,2025-04-29,1.03,0.95,0.08,8.4211
XYL,2024-12-31,2025-02-04,1.18,1.13,0.05,4.4248
XYL,2024-09-30,2024-10-31,1.11,1.11,0,0
XYL,2024-06-30,2024-07-30,1.09,1.05,0.04,3.8095
XYL,2024-03-31,2024-05-02,0.9,0.84,0.06,7.1429
XYL,2023-12-31,2024-02-06,0.99,0.96,0.03,3.125
XYL,2023-09-30,2023-10-31,0.99,0.89,0.1,11.236
XYL,2023-06-30,2023-08-02,0.98,0.8,0.18,22.5
XYL,2023-03-31,2023-05-04,0.72,0.62,0.1,16.129
XYL,2022-12-31,2023-02-07,0.92,0.79,0.13,16.4557
XYL,2022-09-30,2022-11-01,0.79,0.66,0.13,19.697
XYL,2022-06-30,2022-08-02,0.66,0.54,0.12,22.2222
XYL,2022-03-31,2022-05-04,0.47,0.41,0.06,14.6341
XYL,2021-12-31,2022-02-03,0.63,0.61,0.02,3.2787
XYL,2021-09-30,2021-11-02,0.63,0.59,0.04,6.7797
XYL,2021-06-30,2021-08-03,0.66,0.62,0.04,6.4516
XYL,2021-03-31,2021-05-04,0.56,0.38,0.18,47.3684
XYL,2020-12-31,2021-02-04,0.81,0.68,0.13,19.1176
XYL,2020-09-30,2020-10-29,0.62,0.51,0.11,21.5686
XYL,2020-06-30,2020-07-30,0.4,0.39,0.01,2.5641
XYL,2020-03-31,2020-05-05,0.23,0.37,-0.14,-37.8378
XYL,2019-12-31,2020-02-06,0.89,0.89,0,0
YUM,2025-03-31,2025-04-30,1.3,1.28,0.02,1.5625
YUM,2024-12-31,2025-02-06,1.61,1.6,0.01,0.625
YUM,2024-09-30,2024-11-05,1.37,1.41,-0.04,-2.8369
YUM,2024-06-30,2024-08-06,1.35,1.33,0.02,1.5038
YUM,2024-03-31,2024-05-01,1.15,1.2,-0.05,-4.1667
YUM,2023-12-31,2024-02-07,1.26,1.4,-0.14,-10
YUM,2023-09-30,2023-11-01,1.44,1.28,0.16,12.5
YUM,2023-06-30,2023-08-02,1.41,1.24,0.17,13.7097
YUM,2023-03-31,2023-05-03,1.06,1.13,-0.07,-6.1947
YUM,2022-12-31,2023-02-08,1.31,1.26,0.05,3.9683
YUM,2022-09-30,2022-11-02,1.09,1.14,-0.05,-4.386
YUM,2022-06-30,2022-08-03,1.05,1.09,-0.04,-3.6697
YUM,2022-03-31,2022-05-04,1.05,1.07,-0.02,-1.8692
YUM,2021-12-31,2022-02-09,1.02,1.09,-0.07,-6.422
YUM,2021-09-30,2021-10-28,1.22,1.08,0.14,12.963
YUM,2021-06-30,2021-07-29,1.16,0.96,0.2,20.8333
YUM,2021-03-31,2021-04-28,1.07,0.87,0.2,22.9885
YUM,2020-12-31,2021-02-04,1.15,1.01,0.14,13.8614
YUM,2020-09-30,2020-10-29,1.01,0.8,0.21,26.25
YUM,2020-06-30,2020-07-30,0.82,0.53,0.29,54.717
YUM,2020-03-31,2020-04-29,0.64,0.66,-0.02,-3.0303
YUM,2019-12-31,2020-02-06,1,1.13,-0.13,-11.5044
ZBH,2025-03-31,2025-05-05,1.81,1.77,0.04,2.2599
ZBH,2024-12-31,2025-02-06,2.31,2.29,0.02,0.8734
ZBH,2024-09-30,2024-10-30,1.74,1.74,0,0
ZBH,2024-06-30,2024-08-07,2.01,1.99,0.02,1.005
ZBH,2024-03-31,2024-05-02,1.94,1.87,0.07,3.7433
ZBH,2023-12-31,2024-02-08,2.2,2.15,0.05,2.3256
ZBH,2023-09-30,2023-11-07,1.65,1.6,0.05,3.125
ZBH,2023-06-30,2023-08-01,1.82,1.81,0.01,0.5525
ZBH,2023-03-31,2023-05-02,1.89,1.64,0.25,15.2439
ZBH,2022-12-31,2023-02-03,1.88,1.83,0.05,2.7322
ZBH,2022-09-30,2022-11-02,1.58,1.56,0.02,1.2821
ZBH,2022-06-30,2022-08-02,1.82,1.65,0.17,10.303
ZBH,2022-03-31,2022-05-03,1.61,1.41,0.2,14.1844
ZBH,2021-12-31,2022-02-07,1.95,1.98,-0.03,-1.5152
ZBH,2021-09-30,2021-11-04,1.81,1.76,0.05,2.8409
ZBH,2021-06-30,2021-08-03,1.9,1.87,0.03,1.6043
ZBH,2021-03-31,2021-05-04,1.71,1.53,0.18,11.7647
ZBH,2020-12-31,2021-02-05,2.11,2.06,0.05,2.4272
ZBH,2020-09-30,2020-11-06,1.81,1.07,0.74,69.1589
ZBH,2020-06-30,2020-08-04,0.05,-0.73,0.78,106.8493
ZBH,2020-03-31,2020-05-11,1.7,1.38,0.32,23.1884
ZBH,2019-12-31,2020-02-04,2.3,2.27,0.03,1.3216
ZBRA,2025-03-31,2025-04-29,4.02,3.6174,0.4026,11.1295
ZBRA,2024-12-31,2025-02-13,4,3.9413,0.0587,1.4894
ZBRA,2024-09-30,2024-10-29,3.49,3.24,0.25,7.716
ZBRA,2024-06-30,2024-07-30,3.18,2.81,0.37,13.1673
ZBRA,2024-03-31,2024-04-30,2.84,2.45,0.39,15.9184
ZBRA,2023-12-31,2024-02-15,1.71,1.66,0.05,3.012
ZBRA,2023-09-30,2023-10-31,0.87,0.81,0.06,7.4074
ZBRA,2023-06-30,2023-08-01,3.29,3.28,0.01,0.3049
ZBRA,2023-03-31,2023-05-02,3.94,3.92,0.02,0.5102
ZBRA,2022-12-31,2023-02-16,4.75,4.59,0.16,3.4858
ZBRA,2022-09-30,2022-11-01,4.12,4.54,-0.42,-9.2511
ZBRA,2022-06-30,2022-08-02,4.61,4.21,0.4,9.5012
ZBRA,2022-03-31,2022-05-03,4.01,3.87,0.14,3.6176
ZBRA,2021-12-31,2022-02-10,4.54,4.4,0.14,3.1818
ZBRA,2021-09-30,2021-11-02,4.55,4.06,0.49,12.069
ZBRA,2021-06-30,2021-08-03,4.57,4.1,0.47,11.4634
ZBRA,2021-03-31,2021-05-04,4.79,4.34,0.45,10.3687
ZBRA,2020-12-31,2021-02-11,4.46,3.8,0.66,17.3684
ZBRA,2020-09-30,2020-11-03,3.27,2.81,0.46,16.3701
ZBRA,2020-06-30,2020-07-28,2.41,2.28,0.13,5.7018
ZBRA,2020-03-31,2020-04-28,2.67,2.64,0.03,1.1364
ZBRA,2019-12-31,2020-02-13,3.56,3.65,-0.09,-2.4658
ZION,2025-03-31,2025-04-21,1.13,1.18,-0.05,-4.2373
ZION,2024-12-31,2025-01-21,1.3,1.25,0.05,4
ZION,2024-09-30,2024-10-21,1.37,1.17,0.2,17.094
ZION,2024-06-30,2024-07-22,1.28,1.1,0.18,16.3636
ZION,2024-03-31,2024-04-22,1.05,1,0.05,5
ZION,2023-12-31,2024-01-22,1.3,1.06,0.24,22.6415
ZION,2023-09-30,2023-10-18,1.09,1.12,-0.03,-2.6786
ZION,2023-06-30,2023-07-19,1.18,1.1,0.08,7.2727
ZION,2023-03-31,2023-04-19,1.36,1.54,-0.18,-11.6883
ZION,2022-12-31,2023-01-23,1.88,1.66,0.22,13.253
ZION,2022-09-30,2022-10-24,1.36,1.59,-0.23,-14.4654
ZION,2022-06-30,2022-07-26,1.24,1.36,-0.12,-8.8235
ZION,2022-03-31,2022-04-25,1.32,1.14,0.18,15.7895
ZION,2021-12-31,2022-01-24,1.26,1.32,-0.06,-4.5455
ZION,2021-09-30,2021-10-18,1.53,1.36,0.17,12.5
ZION,2021-06-30,2021-07-19,1.89,1.24,0.65,52.4194
ZION,2021-03-31,2021-04-19,1.81,1.18,0.63,53.3898
ZION,2020-12-31,2021-01-19,1.59,1.03,0.56,54.3689
ZION,2020-09-30,2020-10-19,0.98,0.9,0.08,8.8889
ZION,2020-06-30,2020-07-20,0.48,0.44,0.04,9.0909
ZION,2020-03-31,2020-04-20,0.12,0.83,-0.71,-85.5422
ZION,2019-12-31,2020-01-21,1.17,1.1,0.07,6.3636
ZTS,2025-03-31,2025-05-06,1.48,1.4,0.08,5.7143
ZTS,2024-12-31,2025-02-13,1.4,1.36,0.04,2.9412
ZTS,2024-09-30,2024-11-04,1.58,1.46,0.12,8.2192
ZTS,2024-06-30,2024-08-06,1.56,1.49,0.07,4.698
ZTS,2024-03-31,2024-05-02,1.38,1.34,0.04,2.9851
ZTS,2023-12-31,2024-02-13,1.24,1.32,-0.08,-6.0606
ZTS,2023-09-30,2023-11-02,1.36,1.36,0,0
ZTS,2023-06-30,2023-08-08,1.41,1.32,0.09,6.8182
ZTS,2023-03-31,2023-05-04,1.31,1.26,0.05,3.9683
ZTS,2022-12-31,2023-02-14,1.15,1.05,0.1,9.5238
ZTS,2022-09-30,2022-11-03,1.21,1.24,-0.03,-2.4194
ZTS,2022-06-30,2022-08-04,1.2,1.22,-0.02,-1.6393
ZTS,2022-03-31,2022-05-05,1.32,1.23,0.09,7.3171
ZTS,2021-12-31,2022-02-15,1,0.96,0.04,4.1667
ZTS,2021-09-30,2021-11-04,1.25,1.1,0.15,13.6364
ZTS,2021-06-30,2021-08-05,1.19,1.08,0.11,10.1852
ZTS,2021-03-31,2021-05-06,1.26,1.03,0.23,22.3301
ZTS,2020-12-31,2021-02-16,0.91,0.87,0.04,4.5977
ZTS,2020-09-30,2020-11-05,1.1,0.92,0.18,19.5652
ZTS,2020-06-30,2020-08-06,0.89,0.64,0.25,39.0625
ZTS,2020-03-31,2020-05-06,0.95,0.86,0.09,10.4651
ZTS,2019-12-31,2020-02-13,0.92,0.88,0.04,4.5455
